Date,EXRT.DS41.NZB17,EXR.DS11.D06,EXR.DS11.D04,EXR.DS11.D01,EXR.DS11.D05,EXR.DS11.D03,EXR.DS11.D02,EXR.DS11.D12,EXR.DS11.D11,EXR.DS11.D14,EXR.DS11.D08,EXR.DS11.D13,EXR.DS11.D15,EXR.DS11.D09,EXR.DS11.D16,EXR.DS11.D31,EXR.DS11.D32,EXR.DS11.D33,EXRT.DS41.N
1973-05-28,NA,1.3272,0.516,0.9375,NA,NA,NA,NA,NA,NA,NA,NA,NA,NA,NA,NA,NA,NA,NA
1973-06-04,NA,1.3272,0.514575,0.9375,NA,NA,NA,NA,NA,NA,NA,NA,NA,NA,NA,NA,NA,NA,NA
1973-06-11,NA,1.3272,0.51452,0.9375,NA,NA,NA,NA,NA,NA,NA,NA,NA,NA,NA,NA,NA,NA,NA
1973-06-18,NA,1.3272,0.51344,0.9375,NA,NA,NA,NA,NA,NA,NA,NA,NA,NA,NA,NA,NA,NA,NA
1973-06-25,NA,1.3272,0.5136799999999999,0.9375,NA,NA,NA,NA,NA,NA,NA,NA,NA,NA,NA,NA,NA,NA,NA
1973-07-02,NA,1.3272,0.51378,0.9375,NA,NA,NA,NA,NA,NA,NA,NA,NA,NA,NA,NA,NA,NA,NA
1973-07-09,NA,1.36386,0.5339,0.9627,NA,NA,NA,NA,NA,NA,NA,NA,NA,NA,NA,NA,NA,NA,NA
1973-07-16,NA,1.36076,0.53432,0.96054,NA,NA,NA,NA,NA,NA,NA,NA,NA,NA,NA,NA,NA,NA,NA
1973-07-23,NA,1.3542399999999999,0.5378000000000001,0.95712,NA,NA,NA,NA,NA,NA,NA,NA,NA,NA,NA,NA,NA,NA,NA
1973-07-30,NA,1.35524,0.53842,0.95662,NA,NA,NA,NA,NA,NA,NA,NA,NA,NA,NA,NA,NA,NA,NA
1973-08-06,NA,1.34886,0.53974,0.95212,NA,NA,NA,NA,NA,NA,NA,NA,NA,NA,NA,NA,NA,NA,NA
1973-08-13,NA,1.340675,0.5420499999999999,0.94635,NA,NA,NA,NA,NA,NA,NA,NA,NA,NA,NA,NA,NA,NA,NA
1973-08-20,NA,1.3389,0.54206,0.9450999999999999,NA,NA,NA,NA,NA,NA,NA,NA,NA,NA,NA,NA,NA,NA,NA
1973-08-27,NA,1.33792,0.54298,0.94426,NA,NA,NA,NA,NA,NA,NA,NA,NA,NA,NA,NA,NA,NA,NA
1973-09-03,NA,1.33352,0.5460200000000001,0.9413,NA,NA,NA,NA,NA,NA,NA,NA,NA,NA,NA,NA,NA,NA,NA
1973-09-10,NA,1.47522,0.6109,0.99178,NA,NA,NA,NA,NA,NA,NA,NA,NA,NA,NA,NA,NA,NA,NA
1973-09-17,NA,1.47738,0.6111,0.99326,NA,NA,NA,NA,NA,NA,NA,NA,NA,NA,NA,NA,NA,NA,NA
1973-09-24,NA,1.47918,0.61036,0.99446,NA,NA,NA,NA,NA,NA,NA,NA,NA,NA,NA,NA,NA,NA,NA
1973-10-01,NA,1.47676,0.61148,0.9928400000000001,NA,NA,NA,NA,NA,NA,NA,NA,NA,NA,NA,NA,NA,NA,NA
1973-10-08,NA,1.47802,0.6109600000000001,0.99368,NA,NA,NA,NA,NA,NA,NA,NA,NA,NA,NA,NA,NA,NA,NA
1973-10-15,NA,1.48378,0.60786,0.99754,NA,NA,NA,NA,NA,NA,NA,NA,NA,NA,NA,NA,NA,NA,NA
1973-10-22,NA,1.4845,0.6074,0.9980249999999999,NA,NA,NA,NA,NA,NA,NA,NA,NA,NA,NA,NA,NA,NA,NA
1973-10-29,NA,1.47982,0.6076,0.99492,NA,NA,NA,NA,NA,NA,NA,NA,NA,NA,NA,NA,NA,NA,NA
1973-11-05,NA,1.470825,0.605675,0.98885,NA,NA,NA,NA,NA,NA,NA,NA,NA,NA,NA,NA,NA,NA,NA
1973-11-12,NA,1.4566,0.60806,0.97924,NA,NA,NA,NA,NA,NA,NA,NA,NA,NA,NA,NA,NA,NA,NA
1973-11-19,NA,1.4541600000000001,0.6082,0.97762,NA,NA,NA,NA,NA,NA,NA,NA,NA,NA,NA,NA,NA,NA,NA
1973-11-26,NA,1.44116,0.6136199999999999,0.96886,NA,NA,NA,NA,NA,NA,NA,NA,NA,NA,NA,NA,NA,NA,NA
1973-12-03,NA,1.4384599999999998,0.61466,0.96702,NA,NA,NA,NA,NA,NA,NA,NA,NA,NA,NA,NA,NA,NA,NA
1973-12-10,NA,1.43378,0.61782,0.96256,NA,NA,NA,NA,NA,NA,NA,NA,NA,NA,NA,NA,NA,NA,NA
1973-12-17,NA,1.42946,0.61862,0.9610000000000001,NA,NA,NA,NA,NA,NA,NA,NA,NA,NA,NA,NA,NA,NA,NA
1973-12-24,NA,1.4288333333333334,0.6179,0.9606,NA,NA,NA,NA,NA,NA,NA,NA,NA,NA,NA,NA,NA,NA,NA
1973-12-31,NA,1.41905,0.6182000000000001,0.95405,NA,NA,NA,NA,NA,NA,NA,NA,NA,NA,NA,NA,NA,NA,NA
1974-01-07,NA,1.3938,0.6203,0.93706,NA,NA,NA,NA,NA,NA,NA,NA,NA,NA,NA,NA,NA,NA,NA
1974-01-14,NA,1.37958,0.62486,0.9275,NA,NA,NA,NA,NA,NA,NA,NA,NA,NA,NA,NA,NA,NA,NA
1974-01-21,NA,1.36954,0.62544,0.92068,NA,NA,NA,NA,NA,NA,NA,NA,NA,NA,NA,NA,NA,NA,NA
1974-01-28,NA,1.38636,0.6199,0.93206,NA,NA,NA,NA,NA,NA,NA,NA,NA,NA,NA,NA,NA,NA,NA
1974-02-04,NA,1.394475,0.6190249999999999,0.939225,NA,NA,NA,NA,NA,NA,NA,NA,NA,NA,NA,NA,NA,NA,NA
1974-02-11,NA,1.40122,0.61996,0.94206,NA,NA,NA,NA,NA,NA,NA,NA,NA,NA,NA,NA,NA,NA,NA
1974-02-18,NA,1.41436,0.61838,0.95086,NA,NA,NA,NA,NA,NA,NA,NA,NA,NA,NA,NA,NA,NA,NA
1974-02-25,NA,1.42442,0.6169,0.95762,NA,NA,NA,NA,NA,NA,NA,NA,NA,NA,NA,NA,NA,NA,NA
1974-03-04,NA,1.42138,0.6153,0.9556,NA,NA,NA,NA,NA,NA,NA,NA,NA,NA,NA,NA,NA,NA,NA
1974-03-11,NA,1.43298,0.61352,0.96338,NA,NA,NA,NA,NA,NA,NA,NA,NA,NA,NA,NA,NA,NA,NA
1974-03-18,NA,1.43832,0.6137400000000001,0.96698,NA,NA,NA,NA,NA,NA,NA,NA,NA,NA,NA,NA,NA,NA,NA
1974-03-25,NA,1.45344,0.61166,0.97714,NA,NA,NA,NA,NA,NA,NA,NA,NA,NA,NA,NA,NA,NA,NA
1974-04-01,NA,1.45668,0.60756,0.98032,NA,NA,NA,NA,NA,NA,NA,NA,NA,NA,NA,NA,NA,NA,NA
1974-04-08,NA,1.451,0.608975,0.975475,NA,NA,NA,NA,NA,NA,NA,NA,NA,NA,NA,NA,NA,NA,NA
1974-04-15,NA,1.44905,0.6117250000000001,0.974175,NA,NA,NA,NA,NA,NA,NA,NA,NA,NA,NA,NA,NA,NA,NA
1974-04-22,NA,1.45825,0.6078749999999999,0.980325,NA,NA,NA,NA,NA,NA,NA,NA,NA,NA,NA,NA,NA,NA,NA
1974-04-29,NA,1.46428,0.6041799999999999,0.98442,NA,NA,NA,NA,NA,NA,NA,NA,NA,NA,NA,NA,NA,NA,NA
1974-05-06,NA,1.46838,0.60424,0.9871800000000001,NA,NA,NA,NA,NA,NA,NA,NA,NA,NA,NA,NA,NA,NA,NA
1974-05-13,NA,1.4677,0.60608,0.9867,NA,NA,NA,NA,NA,NA,NA,NA,NA,NA,NA,NA,NA,NA,NA
1974-05-20,NA,1.4635,0.60668,0.98388,NA,NA,NA,NA,NA,NA,NA,NA,NA,NA,NA,NA,NA,NA,NA
1974-05-27,NA,1.4591,0.6083999999999999,0.9809,NA,NA,NA,NA,NA,NA,NA,NA,NA,NA,NA,NA,NA,NA,NA
1974-06-03,NA,1.459125,0.6065,0.980925,NA,NA,NA,NA,NA,NA,NA,NA,NA,NA,NA,NA,NA,NA,NA
1974-06-10,NA,1.45666,0.60742,0.97928,NA,NA,NA,NA,NA,NA,NA,NA,NA,NA,NA,NA,NA,NA,NA
1974-06-17,NA,1.4534,0.60792,0.97708,NA,NA,NA,NA,NA,NA,NA,NA,NA,NA,NA,NA,NA,NA,NA
1974-06-24,NA,1.44924,0.6099,0.97428,NA,NA,NA,NA,NA,NA,NA,NA,NA,NA,NA,NA,NA,NA,NA
1974-07-01,NA,1.45316,0.60712,0.97694,NA,NA,NA,NA,NA,NA,NA,NA,NA,NA,NA,NA,NA,NA,NA
1974-07-08,NA,1.4494,0.60674,0.9744,NA,NA,NA,NA,NA,NA,NA,NA,NA,NA,NA,NA,NA,NA,NA
1974-07-15,NA,1.450075,0.60685,0.97485,NA,NA,NA,NA,NA,NA,NA,NA,NA,NA,NA,NA,NA,NA,NA
1974-07-22,NA,1.44982,0.60576,0.97466,NA,NA,NA,NA,NA,NA,NA,NA,NA,NA,NA,NA,NA,NA,NA
1974-07-29,NA,1.44486,0.60444,0.97136,NA,NA,NA,NA,NA,NA,NA,NA,NA,NA,NA,NA,NA,NA,NA
1974-08-05,NA,1.44188,0.606,0.96936,NA,NA,NA,NA,NA,NA,NA,NA,NA,NA,NA,NA,NA,NA,NA
1974-08-12,NA,1.4359600000000001,0.60798,0.96538,NA,NA,NA,NA,NA,NA,NA,NA,NA,NA,NA,NA,NA,NA,NA
1974-08-19,NA,1.42552,0.6133000000000001,0.9584,NA,NA,NA,NA,NA,NA,NA,NA,NA,NA,NA,NA,NA,NA,NA
1974-08-26,NA,1.41746,0.614,0.9576,NA,NA,NA,NA,NA,NA,NA,NA,NA,NA,NA,NA,NA,NA,NA
1974-09-02,NA,1.41846,0.6147,0.9562,NA,NA,NA,NA,NA,NA,NA,NA,NA,NA,NA,NA,NA,NA,NA
1974-09-09,NA,1.42312,0.6146,0.95674,NA,NA,NA,NA,NA,NA,NA,NA,NA,NA,NA,NA,NA,NA,NA
1974-09-16,NA,1.4265,0.61598,0.959,NA,NA,NA,NA,NA,NA,NA,NA,NA,NA,NA,NA,NA,NA,NA
1974-09-23,NA,1.3523,0.58286,0.9807,NA,NA,NA,NA,NA,NA,NA,NA,NA,NA,NA,NA,NA,NA,NA
1974-09-30,NA,1.30244,0.55784,0.99538,NA,NA,NA,NA,NA,NA,NA,NA,NA,NA,NA,NA,NA,NA,NA
1974-10-07,NA,1.30386,0.558,0.9958,NA,NA,NA,NA,NA,NA,NA,NA,NA,NA,NA,NA,NA,NA,NA
1974-10-14,NA,1.3041,0.55828,0.99574,NA,NA,NA,NA,NA,NA,NA,NA,NA,NA,NA,NA,NA,NA,NA
1974-10-21,NA,1.30356,0.5586,0.99558,NA,NA,NA,NA,NA,NA,NA,NA,NA,NA,NA,NA,NA,NA,NA
1974-10-28,NA,1.3042500000000001,0.558125,0.9956,NA,NA,NA,NA,NA,NA,NA,NA,NA,NA,NA,NA,NA,NA,NA
1974-11-04,NA,1.30704,0.5569999999999999,0.9952799999999999,NA,NA,NA,NA,NA,NA,NA,NA,NA,NA,NA,NA,NA,NA,NA
1974-11-11,NA,1.30074,0.56024,0.99298,NA,NA,NA,NA,NA,NA,NA,NA,NA,NA,NA,NA,NA,NA,NA
1974-11-18,NA,1.30502,0.56126,0.99254,NA,NA,NA,NA,NA,NA,NA,NA,NA,NA,NA,NA,NA,NA,NA
1974-11-25,NA,1.30644,0.5618,0.99274,NA,NA,NA,NA,NA,NA,NA,NA,NA,NA,NA,NA,NA,NA,NA
1974-12-02,NA,1.30764,0.56154,0.9936,NA,NA,NA,NA,NA,NA,NA,NA,NA,NA,NA,NA,NA,NA,NA
1974-12-09,NA,1.30772,0.56252,0.99198,NA,NA,NA,NA,NA,NA,NA,NA,NA,NA,NA,NA,NA,NA,NA
1974-12-16,NA,1.31088,0.5621,0.99148,NA,NA,NA,NA,NA,NA,NA,NA,NA,NA,NA,NA,NA,NA,NA
1974-12-23,NA,1.3102666666666667,0.5619,0.9918333333333333,NA,NA,NA,NA,NA,NA,NA,NA,NA,NA,NA,NA,NA,NA,NA
1974-12-30,NA,1.3142,0.5608333333333333,0.9918666666666667,NA,NA,NA,NA,NA,NA,NA,NA,NA,NA,NA,NA,NA,NA,NA
1975-01-06,NA,1.3176,0.56024,0.9919,NA,NA,NA,NA,NA,NA,NA,NA,NA,NA,NA,NA,NA,NA,NA
1975-01-13,NA,1.3181,0.55982,0.99256,NA,NA,NA,NA,NA,NA,NA,NA,NA,NA,NA,NA,NA,NA,NA
1975-01-20,NA,1.3234,0.55862,0.99266,NA,NA,NA,NA,NA,NA,NA,NA,NA,NA,NA,NA,NA,NA,NA
1975-01-27,NA,1.33142,0.55808,0.99232,NA,NA,NA,NA,NA,NA,NA,NA,NA,NA,NA,NA,NA,NA,NA
1975-02-03,NA,1.327525,0.55865,0.99185,NA,NA,NA,NA,NA,NA,NA,NA,NA,NA,NA,NA,NA,NA,NA
1975-02-10,NA,1.3351,0.55914,0.9910599999999999,NA,NA,NA,NA,NA,NA,NA,NA,NA,NA,NA,NA,NA,NA,NA
1975-02-17,NA,1.33888,0.5585,0.99092,NA,NA,NA,NA,NA,NA,NA,NA,NA,NA,NA,NA,NA,NA,NA
1975-02-24,NA,1.34928,0.5573,0.9893000000000001,NA,NA,NA,NA,NA,NA,NA,NA,NA,NA,NA,NA,NA,NA,NA
1975-03-03,NA,1.3536,0.5564,0.9900599999999999,NA,NA,NA,NA,NA,NA,NA,NA,NA,NA,NA,NA,NA,NA,NA
1975-03-10,NA,1.34546,0.55762,0.9904000000000001,NA,NA,NA,NA,NA,NA,NA,NA,NA,NA,NA,NA,NA,NA,NA
1975-03-17,NA,1.34912,0.5563,0.99064,NA,NA,NA,NA,NA,NA,NA,NA,NA,NA,NA,NA,NA,NA,NA
1975-03-24,NA,1.345275,0.55625,0.99135,NA,NA,NA,NA,NA,NA,NA,NA,NA,NA,NA,NA,NA,NA,NA
1975-03-31,NA,1.34015,0.556425,0.9924,NA,NA,NA,NA,NA,NA,NA,NA,NA,NA,NA,NA,NA,NA,NA
1975-04-07,NA,1.33178,0.5595,0.99024,NA,NA,NA,NA,NA,NA,NA,NA,NA,NA,NA,NA,NA,NA,NA
1975-04-14,NA,1.32906,0.5614399999999999,0.99076,NA,NA,NA,NA,NA,NA,NA,NA,NA,NA,NA,NA,NA,NA,NA
1975-04-21,NA,1.329725,0.5616,0.990225,NA,NA,NA,NA,NA,NA,NA,NA,NA,NA,NA,NA,NA,NA,NA
1975-04-28,NA,1.32556,0.5633,0.989,NA,NA,NA,NA,NA,NA,NA,NA,NA,NA,NA,NA,NA,NA,NA
1975-05-05,NA,1.3249600000000001,0.56594,0.9863000000000001,NA,NA,NA,NA,NA,NA,NA,NA,NA,NA,NA,NA,NA,NA,NA
1975-05-12,NA,1.31874,0.57116,0.98344,NA,NA,NA,NA,NA,NA,NA,NA,NA,NA,NA,NA,NA,NA,NA
1975-05-19,NA,1.32006,0.57082,0.98326,NA,NA,NA,NA,NA,NA,NA,NA,NA,NA,NA,NA,NA,NA,NA
1975-05-26,NA,1.32384,0.56926,0.98402,NA,NA,NA,NA,NA,NA,NA,NA,NA,NA,NA,NA,NA,NA,NA
1975-06-02,NA,1.322925,0.5695749999999999,0.9843500000000001,NA,NA,NA,NA,NA,NA,NA,NA,NA,NA,NA,NA,NA,NA,NA
1975-06-09,NA,1.31736,0.57206,0.9826,NA,NA,NA,NA,NA,NA,NA,NA,NA,NA,NA,NA,NA,NA,NA
1975-06-16,NA,1.31188,0.57576,0.98144,NA,NA,NA,NA,NA,NA,NA,NA,NA,NA,NA,NA,NA,NA,NA
1975-06-23,NA,1.30606,0.57638,0.98026,NA,NA,NA,NA,NA,NA,NA,NA,NA,NA,NA,NA,NA,NA,NA
1975-06-30,NA,1.29048,0.58524,0.9753999999999999,NA,NA,NA,NA,NA,NA,NA,NA,NA,NA,NA,NA,NA,NA,NA
1975-07-07,NA,1.28734,0.58574,0.9757,NA,NA,NA,NA,NA,NA,NA,NA,NA,NA,NA,NA,NA,NA,NA
1975-07-14,NA,1.2829,0.58578,0.977,NA,NA,NA,NA,NA,NA,NA,NA,NA,NA,NA,NA,NA,NA,NA
1975-07-21,NA,1.27618,0.58542,0.9778,NA,NA,NA,NA,NA,NA,NA,NA,NA,NA,NA,NA,NA,NA,NA
1975-07-28,NA,1.27166,0.5855,0.9782,NA,NA,NA,NA,NA,NA,NA,NA,NA,NA,NA,NA,NA,NA,NA
1975-08-04,NA,1.26124,0.59082,0.97502,NA,NA,NA,NA,NA,NA,NA,NA,NA,NA,NA,NA,NA,NA,NA
1975-08-11,NA,1.06576,0.50512,0.83382,NA,NA,NA,NA,NA,NA,NA,NA,NA,NA,NA,NA,NA,NA,NA
1975-08-18,NA,1.06798,0.50432,0.83394,NA,NA,NA,NA,NA,NA,NA,NA,NA,NA,NA,NA,NA,NA,NA
1975-08-25,NA,1.06688,0.5049,0.83404,NA,NA,NA,NA,NA,NA,NA,NA,NA,NA,NA,NA,NA,NA,NA
1975-09-01,NA,1.0663799999999999,0.50448,0.83384,NA,NA,NA,NA,NA,NA,NA,NA,NA,NA,NA,NA,NA,NA,NA
1975-09-08,NA,1.0670199999999999,0.50454,0.83422,NA,NA,NA,NA,NA,NA,NA,NA,NA,NA,NA,NA,NA,NA,NA
1975-09-15,NA,1.06172,0.50622,0.83364,NA,NA,NA,NA,NA,NA,NA,NA,NA,NA,NA,NA,NA,NA,NA
1975-09-22,NA,1.05042,0.50936,0.83414,NA,NA,NA,NA,NA,NA,NA,NA,NA,NA,NA,NA,NA,NA,NA
1975-09-29,NA,1.04726,0.51198,0.83212,NA,NA,NA,NA,NA,NA,NA,NA,NA,NA,NA,NA,NA,NA,NA
1975-10-06,NA,1.04824,0.512,0.83138,NA,NA,NA,NA,NA,NA,NA,NA,NA,NA,NA,NA,NA,NA,NA
1975-10-13,NA,1.0529199999999999,0.51108,0.83196,NA,NA,NA,NA,NA,NA,NA,NA,NA,NA,NA,NA,NA,NA,NA
1975-10-20,NA,1.05536,0.51008,0.83208,NA,NA,NA,NA,NA,NA,NA,NA,NA,NA,NA,NA,NA,NA,NA
1975-10-27,NA,1.056775,0.5096,0.83225,NA,NA,NA,NA,NA,NA,NA,NA,NA,NA,NA,NA,NA,NA,NA
1975-11-03,NA,1.0576,0.5094,0.83252,NA,NA,NA,NA,NA,NA,NA,NA,NA,NA,NA,NA,NA,NA,NA
1975-11-10,NA,1.0551,0.51038,0.8323200000000001,NA,NA,NA,NA,NA,NA,NA,NA,NA,NA,NA,NA,NA,NA,NA
1975-11-17,NA,1.04874,0.51288,0.83082,NA,NA,NA,NA,NA,NA,NA,NA,NA,NA,NA,NA,NA,NA,NA
1975-11-24,NA,1.0474,0.5134,0.83062,NA,NA,NA,NA,NA,NA,NA,NA,NA,NA,NA,NA,NA,NA,NA
1975-12-01,NA,1.04396,0.51488,0.8301000000000001,NA,NA,NA,NA,NA,NA,NA,NA,NA,NA,NA,NA,NA,NA,NA
1975-12-08,NA,1.04222,0.51402,0.830225,NA,NA,NA,NA,NA,NA,NA,NA,NA,NA,NA,NA,NA,NA,NA
1975-12-15,NA,1.0417,0.5146,0.82992,NA,NA,NA,NA,NA,NA,NA,NA,NA,NA,NA,NA,NA,NA,NA
1975-12-22,NA,1.0423666666666667,0.5145,0.8296333333333333,NA,NA,NA,NA,NA,NA,NA,NA,NA,NA,NA,NA,NA,NA,NA
1975-12-29,NA,1.0434666666666668,0.5145333333333333,0.8302,NA,NA,NA,NA,NA,NA,NA,NA,NA,NA,NA,NA,NA,NA,NA
1976-01-05,NA,1.04562,0.5134799999999999,0.83042,NA,NA,NA,NA,NA,NA,NA,NA,NA,NA,NA,NA,NA,NA,NA
1976-01-12,NA,1.04504,0.51406,0.83034,NA,NA,NA,NA,NA,NA,NA,NA,NA,NA,NA,NA,NA,NA,NA
1976-01-19,NA,1.04552,0.51438,0.8304400000000001,NA,NA,NA,NA,NA,NA,NA,NA,NA,NA,NA,NA,NA,NA,NA
1976-01-26,NA,1.04548,0.51466,0.8308,NA,NA,NA,NA,NA,NA,NA,NA,NA,NA,NA,NA,NA,NA,NA
1976-02-02,NA,1.04735,0.514975,0.831,NA,NA,NA,NA,NA,NA,NA,NA,NA,NA,NA,NA,NA,NA,NA
1976-02-09,NA,1.0487,0.51612,0.830275,NA,NA,NA,NA,NA,NA,NA,NA,NA,NA,NA,NA,NA,NA,NA
1976-02-16,NA,1.04708,0.51628,0.83042,NA,NA,NA,NA,NA,NA,NA,NA,NA,NA,NA,NA,NA,NA,NA
1976-02-23,NA,1.04714,0.5158400000000001,0.83096,NA,NA,NA,NA,NA,NA,NA,NA,NA,NA,NA,NA,NA,NA,NA
1976-03-01,NA,1.0461,0.51612,0.83046,NA,NA,NA,NA,NA,NA,NA,NA,NA,NA,NA,NA,NA,NA,NA
1976-03-08,NA,1.02684,0.52762,0.82212,NA,NA,NA,NA,NA,NA,NA,NA,NA,NA,NA,NA,NA,NA,NA
1976-03-15,NA,1.02344,0.53142,0.82138,NA,NA,NA,NA,NA,NA,NA,NA,NA,NA,NA,NA,NA,NA,NA
1976-03-22,NA,1.0244,0.53132,0.82042,NA,NA,NA,NA,NA,NA,NA,NA,NA,NA,NA,NA,NA,NA,NA
1976-03-29,NA,1.02394,0.53368,0.8190000000000001,NA,NA,NA,NA,NA,NA,NA,NA,NA,NA,NA,NA,NA,NA,NA
1976-04-05,NA,1.00878,0.54128,0.8148,NA,NA,NA,NA,NA,NA,NA,NA,NA,NA,NA,NA,NA,NA,NA
1976-04-12,NA,1.0069750000000002,0.5436,0.8125,NA,NA,NA,NA,NA,NA,NA,NA,NA,NA,NA,NA,NA,NA,NA
1976-04-19,NA,1.0056,0.543675,0.811375,NA,NA,NA,NA,NA,NA,NA,NA,NA,NA,NA,NA,NA,NA,NA
1976-04-26,NA,1,0.54612,0.80822,NA,NA,NA,NA,NA,NA,NA,NA,NA,NA,NA,NA,NA,NA,NA
1976-05-03,NA,1.00168,0.54658,0.80854,NA,NA,NA,NA,NA,NA,NA,NA,NA,NA,NA,NA,NA,NA,NA
1976-05-10,NA,1.00288,0.5464600000000001,0.80858,NA,NA,NA,NA,NA,NA,NA,NA,NA,NA,NA,NA,NA,NA,NA
1976-05-17,NA,0.996,0.54924,0.8069999999999999,NA,NA,NA,NA,NA,NA,NA,NA,NA,NA,NA,NA,NA,NA,NA
1976-05-24,NA,0.99058,0.55496,0.80484,NA,NA,NA,NA,NA,NA,NA,NA,NA,NA,NA,NA,NA,NA,NA
1976-05-31,NA,0.97944,0.5572199999999999,0.79902,NA,NA,NA,NA,NA,NA,NA,NA,NA,NA,NA,NA,NA,NA,NA
1976-06-07,NA,0.987225,0.557525,0.80235,NA,NA,NA,NA,NA,NA,NA,NA,NA,NA,NA,NA,NA,NA,NA
1976-06-14,NA,0.98822,0.55584,0.80294,NA,NA,NA,NA,NA,NA,NA,NA,NA,NA,NA,NA,NA,NA,NA
1976-06-21,NA,0.98896,0.55652,0.80286,NA,NA,NA,NA,NA,NA,NA,NA,NA,NA,NA,NA,NA,NA,NA
1976-06-28,NA,0.9924,0.55616,0.80354,NA,NA,NA,NA,NA,NA,NA,NA,NA,NA,NA,NA,NA,NA,NA
1976-07-05,NA,0.99572,0.5533,0.80466,NA,NA,NA,NA,NA,NA,NA,NA,NA,NA,NA,NA,NA,NA,NA
1976-07-12,NA,0.9936,0.55588,0.80318,NA,NA,NA,NA,NA,NA,NA,NA,NA,NA,NA,NA,NA,NA,NA
1976-07-19,NA,0.99316,0.55676,0.80286,NA,NA,NA,NA,NA,NA,NA,NA,NA,NA,NA,NA,NA,NA,NA
1976-07-26,NA,0.99658,0.5574,0.80422,NA,NA,NA,NA,NA,NA,NA,NA,NA,NA,NA,NA,NA,NA,NA
1976-08-02,NA,1.00136,0.5585,0.8062,NA,NA,NA,NA,NA,NA,NA,NA,NA,NA,NA,NA,NA,NA,NA
1976-08-09,NA,1.00084,0.55816,0.80602,NA,NA,NA,NA,NA,NA,NA,NA,NA,NA,NA,NA,NA,NA,NA
1976-08-16,NA,1.00214,0.56084,0.8043,NA,NA,NA,NA,NA,NA,NA,NA,NA,NA,NA,NA,NA,NA,NA
1976-08-23,NA,1.00096,0.56222,0.80362,NA,NA,NA,NA,NA,NA,NA,NA,NA,NA,NA,NA,NA,NA,NA
1976-08-30,NA,1.0013400000000001,0.56312,0.80336,NA,NA,NA,NA,NA,NA,NA,NA,NA,NA,NA,NA,NA,NA,NA
1976-09-06,NA,1.00142,0.56502,0.8022,NA,NA,NA,NA,NA,NA,NA,NA,NA,NA,NA,NA,NA,NA,NA
1976-09-13,NA,0.9964999999999999,0.5701,0.7988000000000001,NA,NA,NA,NA,NA,NA,NA,NA,NA,NA,NA,NA,NA,NA,NA
1976-09-20,NA,0.99082,0.5748,0.79606,NA,NA,NA,NA,NA,NA,NA,NA,NA,NA,NA,NA,NA,NA,NA
1976-09-27,NA,0.97544,0.58278,0.7877,NA,NA,NA,NA,NA,NA,NA,NA,NA,NA,NA,NA,NA,NA,NA
1976-10-04,NA,0.97682,0.5859,0.7865800000000001,NA,NA,NA,NA,NA,NA,NA,NA,NA,NA,NA,NA,NA,NA,NA
1976-10-11,NA,0.97224,0.58656,0.78532,NA,NA,NA,NA,NA,NA,NA,NA,NA,NA,NA,NA,NA,NA,NA
1976-10-18,NA,0.96896,0.58616,0.78538,NA,NA,NA,NA,NA,NA,NA,NA,NA,NA,NA,NA,NA,NA,NA
1976-10-25,NA,0.9533,0.599125,0.777275,NA,NA,NA,NA,NA,NA,NA,NA,NA,NA,NA,NA,NA,NA,NA
1976-11-01,NA,0.95496,0.59526,0.77784,NA,NA,NA,NA,NA,NA,NA,NA,NA,NA,NA,NA,NA,NA,NA
1976-11-08,NA,0.96152,0.59018,0.78084,NA,NA,NA,NA,NA,NA,NA,NA,NA,NA,NA,NA,NA,NA,NA
1976-11-15,NA,0.9678399999999999,0.58664,0.7844,NA,NA,NA,NA,NA,NA,NA,NA,NA,NA,NA,NA,NA,NA,NA
1976-11-22,NA,0.97124,0.5862999999999999,0.78734,NA,NA,NA,NA,NA,NA,NA,NA,NA,NA,NA,NA,NA,NA,NA
1976-11-29,NA,0.906,0.54535,0.89595,NA,NA,NA,NA,NA,NA,NA,NA,NA,NA,NA,NA,NA,NA,NA
1976-12-06,NA,0.91052,0.54478,0.88214,NA,NA,NA,NA,NA,NA,NA,NA,NA,NA,NA,NA,NA,NA,NA
1976-12-13,NA,0.91616,0.54652,0.86954,NA,NA,NA,NA,NA,NA,NA,NA,NA,NA,NA,NA,NA,NA,NA
1976-12-20,NA,0.9423199999999999,0.55934,0.87894,NA,NA,NA,NA,NA,NA,NA,NA,NA,NA,NA,NA,NA,NA,NA
1976-12-27,NA,0.9505666666666667,0.5573666666666667,0.8746333333333334,NA,NA,NA,NA,NA,NA,NA,NA,NA,NA,NA,NA,NA,NA,NA
1977-01-03,NA,0.953,0.5564666666666667,0.8760333333333333,NA,NA,NA,NA,NA,NA,NA,NA,NA,NA,NA,NA,NA,NA,NA
1977-01-10,NA,0.95084,0.55524,0.87598,NA,NA,NA,NA,NA,NA,NA,NA,NA,NA,NA,NA,NA,NA,NA
1977-01-17,NA,0.95178,0.5535,0.87652,NA,NA,NA,NA,NA,NA,NA,NA,NA,NA,NA,NA,NA,NA,NA
1977-01-24,NA,0.95244,0.55302,0.87622,NA,NA,NA,NA,NA,NA,NA,NA,NA,NA,NA,NA,NA,NA,NA
1977-01-31,NA,0.9522,0.55392,0.8759,NA,NA,NA,NA,NA,NA,NA,NA,NA,NA,NA,NA,NA,NA,NA
1977-02-07,NA,0.9533200000000001,0.55426,0.87584,NA,NA,NA,NA,NA,NA,NA,NA,NA,NA,NA,NA,NA,NA,NA
1977-02-14,NA,0.95412,0.55818,0.87326,NA,NA,NA,NA,NA,NA,NA,NA,NA,NA,NA,NA,NA,NA,NA
1977-02-21,NA,0.95506,0.5583,0.87184,NA,NA,NA,NA,NA,NA,NA,NA,NA,NA,NA,NA,NA,NA,NA
1977-02-28,NA,0.95684,0.5573400000000001,0.87176,NA,NA,NA,NA,NA,NA,NA,NA,NA,NA,NA,NA,NA,NA,NA
1977-03-07,NA,0.95758,0.55644,0.8722,NA,NA,NA,NA,NA,NA,NA,NA,NA,NA,NA,NA,NA,NA,NA
1977-03-14,NA,0.95784,0.55588,0.872,NA,NA,NA,NA,NA,NA,NA,NA,NA,NA,NA,NA,NA,NA,NA
1977-03-21,NA,0.95946,0.55734,0.87126,NA,NA,NA,NA,NA,NA,NA,NA,NA,NA,NA,NA,NA,NA,NA
1977-03-28,NA,0.9608,0.55755999999999994,0.87076,NA,NA,NA,NA,NA,NA,NA,NA,NA,NA,NA,NA,NA,NA,NA
1977-04-04,NA,0.96275,0.558575,0.870275,NA,NA,NA,NA,NA,NA,NA,NA,NA,NA,NA,NA,NA,NA,NA
1977-04-11,NA,0.964575,0.5598000000000001,0.86965,NA,NA,NA,NA,NA,NA,NA,NA,NA,NA,NA,NA,NA,NA,NA
1977-04-18,NA,0.96252,0.55858,0.87102,NA,NA,NA,NA,NA,NA,NA,NA,NA,NA,NA,NA,NA,NA,NA
1977-04-25,NA,0.961775,0.558075,0.871625,NA,NA,NA,NA,NA,NA,NA,NA,NA,NA,NA,NA,NA,NA,NA
1977-05-02,NA,0.9621999999999999,0.5583,0.87122,NA,NA,NA,NA,NA,NA,NA,NA,NA,NA,NA,NA,NA,NA,NA
1977-05-09,NA,0.96152,0.55802,0.87128,NA,NA,NA,NA,NA,NA,NA,NA,NA,NA,NA,NA,NA,NA,NA
1977-05-16,NA,0.96152,0.55818,0.87124,NA,NA,NA,NA,NA,NA,NA,NA,NA,NA,NA,NA,NA,NA,NA
1977-05-23,NA,0.96144,0.55844,0.87118,NA,NA,NA,NA,NA,NA,NA,NA,NA,NA,NA,NA,NA,NA,NA
1977-05-30,NA,0.96168,0.55848,0.87112,NA,NA,NA,NA,NA,NA,NA,NA,NA,NA,NA,NA,NA,NA,NA
1977-06-06,NA,0.9629,0.559025,0.870275,NA,NA,NA,NA,NA,NA,NA,NA,NA,NA,NA,NA,NA,NA,NA
1977-06-13,NA,0.96466,0.55976,0.86992,NA,NA,NA,NA,NA,NA,NA,NA,NA,NA,NA,NA,NA,NA,NA
1977-06-20,NA,0.96454,0.55958,0.86988,NA,NA,NA,NA,NA,NA,NA,NA,NA,NA,NA,NA,NA,NA,NA
1977-06-27,NA,0.96638,0.56048,0.86886,NA,NA,NA,NA,NA,NA,NA,NA,NA,NA,NA,NA,NA,NA,NA
1977-07-04,NA,0.97056,0.56292,0.86714,NA,NA,NA,NA,NA,NA,NA,NA,NA,NA,NA,NA,NA,NA,NA
1977-07-11,NA,0.9728600000000001,0.56432,0.86652,NA,NA,NA,NA,NA,NA,NA,NA,NA,NA,NA,NA,NA,NA,NA
1977-07-18,NA,0.97338,0.56462,0.8661,NA,NA,NA,NA,NA,NA,NA,NA,NA,NA,NA,NA,NA,NA,NA
1977-07-25,NA,0.9749,0.56324,0.8668,NA,NA,NA,NA,NA,NA,NA,NA,NA,NA,NA,NA,NA,NA,NA
1977-08-01,NA,0.97284,0.55844,0.87476,NA,NA,NA,NA,NA,NA,NA,NA,NA,NA,NA,NA,NA,NA,NA
1977-08-08,NA,0.97058,0.55706,0.87888,NA,NA,NA,NA,NA,NA,NA,NA,NA,NA,NA,NA,NA,NA,NA
1977-08-15,NA,0.9686400000000001,0.5555,0.87914,NA,NA,NA,NA,NA,NA,NA,NA,NA,NA,NA,NA,NA,NA,NA
1977-08-22,NA,0.96968,0.55582,0.87826,NA,NA,NA,NA,NA,NA,NA,NA,NA,NA,NA,NA,NA,NA,NA
1977-08-29,NA,0.9703,0.55562,0.87782,NA,NA,NA,NA,NA,NA,NA,NA,NA,NA,NA,NA,NA,NA,NA
1977-09-05,NA,0.96956,0.55526,0.8789,NA,NA,NA,NA,NA,NA,NA,NA,NA,NA,NA,NA,NA,NA,NA
1977-09-12,NA,0.96976,0.55496,0.87878,NA,NA,NA,NA,NA,NA,NA,NA,NA,NA,NA,NA,NA,NA,NA
1977-09-19,NA,0.96982,0.5553,0.87792,NA,NA,NA,NA,NA,NA,NA,NA,NA,NA,NA,NA,NA,NA,NA
1977-09-26,NA,0.97034,0.5551200000000001,0.87734,NA,NA,NA,NA,NA,NA,NA,NA,NA,NA,NA,NA,NA,NA,NA
1977-10-03,NA,0.97688,0.55528,0.8785000000000001,NA,NA,NA,NA,NA,NA,NA,NA,NA,NA,NA,NA,NA,NA,NA
1977-10-10,NA,0.98054,0.5556,0.87676,NA,NA,NA,NA,NA,NA,NA,NA,NA,NA,NA,NA,NA,NA,NA
1977-10-17,NA,0.9854,0.55492,0.87784,NA,NA,NA,NA,NA,NA,NA,NA,NA,NA,NA,NA,NA,NA,NA
1977-10-24,NA,0.98685,0.55425,0.8792500000000001,NA,NA,NA,NA,NA,NA,NA,NA,NA,NA,NA,NA,NA,NA,NA
1977-10-31,NA,0.99318,0.54522,0.88032,NA,NA,NA,NA,NA,NA,NA,NA,NA,NA,NA,NA,NA,NA,NA
1977-11-07,NA,0.99268,0.54748,0.88222,NA,NA,NA,NA,NA,NA,NA,NA,NA,NA,NA,NA,NA,NA,NA
1977-11-14,NA,0.99352,0.54678,0.8828,NA,NA,NA,NA,NA,NA,NA,NA,NA,NA,NA,NA,NA,NA,NA
1977-11-21,NA,0.99758,0.5484,0.88264,NA,NA,NA,NA,NA,NA,NA,NA,NA,NA,NA,NA,NA,NA,NA
1977-11-28,NA,0.99736,0.54882,0.8831600000000001,NA,NA,NA,NA,NA,NA,NA,NA,NA,NA,NA,NA,NA,NA,NA
1977-12-05,NA,1.00052,0.5481,0.88504,NA,NA,NA,NA,NA,NA,NA,NA,NA,NA,NA,NA,NA,NA,NA
1977-12-12,NA,1.00496,0.54634,0.88662,NA,NA,NA,NA,NA,NA,NA,NA,NA,NA,NA,NA,NA,NA,NA
1977-12-19,NA,1.0117399999999999,0.54124,0.8908,NA,NA,NA,NA,NA,NA,NA,NA,NA,NA,NA,NA,NA,NA,NA
1977-12-26,NA,1.0168666666666668,0.5367333333333333,0.8928333333333334,NA,NA,NA,NA,NA,NA,NA,NA,NA,NA,NA,NA,NA,NA,NA
1978-01-02,NA,1.02405,0.5323,0.8957999999999999,NA,NA,NA,NA,NA,NA,NA,NA,NA,NA,NA,NA,NA,NA,NA
1978-01-09,NA,1.02038,0.53026,0.8964,NA,NA,NA,NA,NA,NA,NA,NA,NA,NA,NA,NA,NA,NA,NA
1978-01-16,NA,1.02058,0.52888,0.89746,NA,NA,NA,NA,NA,NA,NA,NA,NA,NA,NA,NA,NA,NA,NA
1978-01-23,NA,1.02342,0.5260400000000001,0.8982399999999999,NA,NA,NA,NA,NA,NA,NA,NA,NA,NA,NA,NA,NA,NA,NA
1978-01-30,NA,1.02278,0.52498,0.89884,NA,NA,NA,NA,NA,NA,NA,NA,NA,NA,NA,NA,NA,NA,NA
1978-02-06,NA,1.0197500000000002,0.52695,0.897875,NA,NA,NA,NA,NA,NA,NA,NA,NA,NA,NA,NA,NA,NA,NA
1978-02-13,NA,1.0211,0.5267,0.8991399999999999,NA,NA,NA,NA,NA,NA,NA,NA,NA,NA,NA,NA,NA,NA,NA
1978-02-20,NA,1.02698,0.52678,0.90206,NA,NA,NA,NA,NA,NA,NA,NA,NA,NA,NA,NA,NA,NA,NA
1978-02-27,NA,1.02508,0.52848,0.9014599999999999,NA,NA,NA,NA,NA,NA,NA,NA,NA,NA,NA,NA,NA,NA,NA
1978-03-06,NA,1.02564,0.52996,0.90118,NA,NA,NA,NA,NA,NA,NA,NA,NA,NA,NA,NA,NA,NA,NA
1978-03-13,NA,1.0219,0.53558,0.8991399999999999,NA,NA,NA,NA,NA,NA,NA,NA,NA,NA,NA,NA,NA,NA,NA
1978-03-20,NA,1.0228,0.537825,0.898325,NA,NA,NA,NA,NA,NA,NA,NA,NA,NA,NA,NA,NA,NA,NA
1978-03-27,NA,1.02365,0.545425,0.895475,NA,NA,NA,NA,NA,NA,NA,NA,NA,NA,NA,NA,NA,NA,NA
1978-04-03,NA,1.02658,0.5493,0.89548,NA,NA,NA,NA,NA,NA,NA,NA,NA,NA,NA,NA,NA,NA,NA
1978-04-10,NA,1.02654,0.54766,0.89574,NA,NA,NA,NA,NA,NA,NA,NA,NA,NA,NA,NA,NA,NA,NA
1978-04-17,NA,1.0176,0.55198,0.89342,NA,NA,NA,NA,NA,NA,NA,NA,NA,NA,NA,NA,NA,NA,NA
1978-04-24,NA,1.011075,0.554875,0.8927,NA,NA,NA,NA,NA,NA,NA,NA,NA,NA,NA,NA,NA,NA,NA
1978-05-01,NA,1.01166,0.55388,0.89406,NA,NA,NA,NA,NA,NA,NA,NA,NA,NA,NA,NA,NA,NA,NA
1978-05-08,NA,1.01032,0.55512,0.89384,NA,NA,NA,NA,NA,NA,NA,NA,NA,NA,NA,NA,NA,NA,NA
1978-05-15,NA,1.00702,0.5546,0.89362,NA,NA,NA,NA,NA,NA,NA,NA,NA,NA,NA,NA,NA,NA,NA
1978-05-22,NA,1.00574,0.55522,0.89372,NA,NA,NA,NA,NA,NA,NA,NA,NA,NA,NA,NA,NA,NA,NA
1978-05-29,NA,1.01122,0.55508,0.8945,NA,NA,NA,NA,NA,NA,NA,NA,NA,NA,NA,NA,NA,NA,NA
1978-06-05,NA,1.0142,0.556575,0.895025,NA,NA,NA,NA,NA,NA,NA,NA,NA,NA,NA,NA,NA,NA,NA
1978-06-12,NA,1.01712,0.55504,0.89516,NA,NA,NA,NA,NA,NA,NA,NA,NA,NA,NA,NA,NA,NA,NA
1978-06-19,NA,1.0222,0.5551200000000001,0.89636,NA,NA,NA,NA,NA,NA,NA,NA,NA,NA,NA,NA,NA,NA,NA
1978-06-26,NA,1.02834,0.55518,0.89724,NA,NA,NA,NA,NA,NA,NA,NA,NA,NA,NA,NA,NA,NA,NA
1978-07-03,NA,1.03244,0.5541,0.89858,NA,NA,NA,NA,NA,NA,NA,NA,NA,NA,NA,NA,NA,NA,NA
1978-07-10,NA,1.03612,0.54988,0.9026,NA,NA,NA,NA,NA,NA,NA,NA,NA,NA,NA,NA,NA,NA,NA
1978-07-17,NA,1.03746,0.54816,0.90496,NA,NA,NA,NA,NA,NA,NA,NA,NA,NA,NA,NA,NA,NA,NA
1978-07-24,NA,1.04552,0.5452199999999999,0.90708,NA,NA,NA,NA,NA,NA,NA,NA,NA,NA,NA,NA,NA,NA,NA
1978-07-31,NA,1.05238,0.54586,0.9094,NA,NA,NA,NA,NA,NA,NA,NA,NA,NA,NA,NA,NA,NA,NA
1978-08-07,NA,1.05616,0.54428,0.91204,NA,NA,NA,NA,NA,NA,NA,NA,NA,NA,NA,NA,NA,NA,NA
1978-08-14,NA,1.06384,0.5393749999999999,0.915625,NA,NA,NA,NA,NA,NA,NA,NA,NA,NA,NA,NA,NA,NA,NA
1978-08-21,NA,1.05206,0.54388,0.9163,NA,NA,NA,NA,NA,NA,NA,NA,NA,NA,NA,NA,NA,NA,NA
1978-08-28,NA,1.05068,0.54316,0.91498,NA,NA,NA,NA,NA,NA,NA,NA,NA,NA,NA,NA,NA,NA,NA
1978-09-04,NA,1.0539800000000001,0.54202,0.91514,NA,NA,NA,NA,NA,NA,NA,NA,NA,NA,NA,NA,NA,NA,NA
1978-09-11,NA,1.05376,0.5407000000000001,0.91614,NA,NA,NA,NA,NA,NA,NA,NA,NA,NA,NA,NA,NA,NA,NA
1978-09-18,NA,1.0591,0.53818,0.91756,NA,NA,NA,NA,NA,NA,NA,NA,NA,NA,NA,NA,NA,NA,NA
1978-09-25,NA,1.06226,0.53828,0.91824,NA,NA,NA,NA,NA,NA,NA,NA,NA,NA,NA,NA,NA,NA,NA
1978-10-02,NA,1.0627199999999999,0.53794,0.91686,NA,NA,NA,NA,NA,NA,NA,NA,NA,NA,NA,NA,NA,NA,NA
1978-10-09,NA,1.0655000000000001,0.53712,0.91784,NA,NA,NA,NA,NA,NA,NA,NA,NA,NA,NA,NA,NA,NA,NA
1978-10-16,NA,1.07232,0.53804,0.91732,NA,NA,NA,NA,NA,NA,NA,NA,NA,NA,NA,NA,NA,NA,NA
1978-10-23,NA,1.083025,0.53335,0.9204,NA,NA,NA,NA,NA,NA,NA,NA,NA,NA,NA,NA,NA,NA,NA
1978-10-30,NA,1.0854,0.53004,0.92486,NA,NA,NA,NA,NA,NA,NA,NA,NA,NA,NA,NA,NA,NA,NA
1978-11-06,NA,1.06188,0.5379,0.92256,NA,NA,NA,NA,NA,NA,NA,NA,NA,NA,NA,NA,NA,NA,NA
1978-11-13,NA,1.05826,0.5384,0.92162,NA,NA,NA,NA,NA,NA,NA,NA,NA,NA,NA,NA,NA,NA,NA
1978-11-20,NA,1.0472599999999999,0.53954,0.91958,NA,NA,NA,NA,NA,NA,NA,NA,NA,NA,NA,NA,NA,NA,NA
1978-11-27,NA,1.04702,0.53818,0.92162,NA,NA,NA,NA,NA,NA,NA,NA,NA,NA,NA,NA,NA,NA,NA
1978-12-04,NA,1.0462799999999999,0.53714,0.92294,NA,NA,NA,NA,NA,NA,NA,NA,NA,NA,NA,NA,NA,NA,NA
1978-12-11,NA,1.05264,0.53344,0.92388,NA,NA,NA,NA,NA,NA,NA,NA,NA,NA,NA,NA,NA,NA,NA
1978-12-18,NA,1.0603,0.53006,0.92448,NA,NA,NA,NA,NA,NA,NA,NA,NA,NA,NA,NA,NA,NA,NA
1978-12-25,NA,1.0661666666666667,0.5262666666666667,0.9277666666666666,NA,NA,NA,NA,NA,NA,NA,NA,NA,NA,NA,NA,NA,NA,NA
1979-01-01,NA,1.0642,0.5255,0.9285666666666667,NA,NA,NA,NA,NA,NA,NA,NA,NA,NA,NA,NA,NA,NA,NA
1979-01-08,NA,1.06162,0.52688,0.92926,NA,NA,NA,NA,NA,NA,NA,NA,NA,NA,NA,NA,NA,NA,NA
1979-01-15,NA,1.05818,0.52862,0.92766,NA,NA,NA,NA,NA,NA,NA,NA,NA,NA,NA,NA,NA,NA,NA
1979-01-22,NA,1.05744,0.5288,0.92824,NA,NA,NA,NA,NA,NA,NA,NA,NA,NA,NA,NA,NA,NA,NA
1979-01-29,NA,1.0529600000000001,0.5289,0.928975,211.985,NA,NA,NA,NA,NA,NA,NA,NA,NA,NA,NA,NA,NA,NA
1979-02-05,NA,1.05525,0.527725,0.9299,209.33499999999998,NA,NA,NA,NA,NA,NA,NA,NA,NA,NA,NA,NA,NA,NA
1979-02-12,NA,1.05552,0.52664,0.9311200000000001,210.584,NA,NA,NA,NA,NA,NA,NA,NA,NA,NA,NA,NA,NA,NA
1979-02-19,NA,1.05416,0.52562,0.93286,212.016,NA,NA,NA,NA,NA,NA,NA,NA,NA,NA,NA,NA,NA,NA
1979-02-26,NA,1.05548,0.52228,0.93578,213.604,NA,NA,NA,NA,NA,NA,NA,NA,NA,NA,NA,NA,NA,NA
1979-03-05,NA,1.0550599999999999,0.5203,0.9386,215.825,NA,NA,NA,NA,NA,NA,NA,NA,NA,NA,NA,NA,NA,NA
1979-03-12,NA,1.055,0.51746,0.94042,217.928,NA,NA,NA,NA,NA,NA,NA,NA,NA,NA,NA,NA,NA,NA
1979-03-19,NA,1.05296,0.5188,0.9398799999999999,217.868,NA,NA,NA,NA,NA,NA,NA,NA,NA,NA,NA,NA,NA,NA
1979-03-26,NA,1.0553,0.51432,0.94256,218.928,NA,NA,NA,NA,NA,NA,NA,NA,NA,NA,NA,NA,NA,NA
1979-04-02,NA,1.05298,0.50834,0.94608,224.622,NA,NA,NA,NA,NA,NA,NA,NA,NA,NA,NA,NA,NA,NA
1979-04-09,NA,1.0546250000000001,0.5032,0.94835,225.1725,NA,NA,NA,NA,NA,NA,NA,NA,NA,NA,NA,NA,NA,NA
1979-04-16,NA,1.04965,0.504725,0.948,227.1875,NA,NA,NA,NA,NA,NA,NA,NA,NA,NA,NA,NA,NA,NA
1979-04-23,NA,1.0457,0.5079750000000001,0.945825,228.135,NA,NA,NA,NA,NA,NA,NA,NA,NA,NA,NA,NA,NA,NA
1979-04-30,NA,1.04376,0.50532,0.94792,232.47,NA,NA,NA,NA,NA,NA,NA,NA,NA,NA,NA,NA,NA,NA
1979-05-07,NA,1.04828,0.50674,0.94556,226.136,NA,NA,NA,NA,NA,NA,NA,NA,NA,NA,NA,NA,NA,NA
1979-05-14,NA,1.0466,0.5098,0.94298,224.262,NA,NA,NA,NA,NA,NA,NA,NA,NA,NA,NA,NA,NA,NA
1979-05-21,NA,1.04196,0.50796,0.9431,228.186,NA,NA,NA,NA,NA,NA,NA,NA,NA,NA,NA,NA,NA,NA
1979-05-28,NA,1.04146,0.50596,0.94312,229.638,NA,NA,NA,NA,NA,NA,NA,NA,NA,NA,NA,NA,NA,NA
1979-06-04,NA,1.0438,0.5031,0.944175,229.67000000000002,NA,NA,NA,NA,NA,NA,NA,NA,NA,NA,NA,NA,NA,NA
1979-06-11,NA,1.0459,0.5011,0.94446,229.738,NA,NA,NA,NA,NA,NA,NA,NA,NA,NA,NA,NA,NA,NA
1979-06-18,NA,1.04296,0.49164,0.93696,228.064,NA,NA,NA,NA,NA,NA,NA,NA,NA,NA,NA,NA,NA,NA
1979-06-25,NA,1.00898,0.46796,0.9007000000000001,217.71,NA,NA,NA,NA,NA,NA,NA,NA,NA,NA,NA,NA,NA,NA
1979-07-02,NA,1.0141,0.45954,0.90374,220.448,NA,NA,NA,NA,NA,NA,NA,NA,NA,NA,NA,NA,NA,NA
1979-07-09,NA,1.01488,0.45768,0.90274,220.658,NA,NA,NA,NA,NA,NA,NA,NA,NA,NA,NA,NA,NA,NA
1979-07-16,NA,1.02238,0.45095999999999997,0.90526,220.786,NA,NA,NA,NA,NA,NA,NA,NA,NA,NA,NA,NA,NA,NA
1979-07-23,NA,1.02844,0.44462,0.90658,221.072,NA,NA,NA,NA,NA,NA,NA,NA,NA,NA,NA,NA,NA,NA
1979-07-30,NA,1.0216800000000001,0.44844,0.90368,221.344,NA,NA,NA,NA,NA,NA,NA,NA,NA,NA,NA,NA,NA,NA
1979-08-06,NA,1.0172400000000001,0.45426,0.90076,220.16,NA,NA,NA,NA,NA,NA,NA,NA,NA,NA,NA,NA,NA,NA
1979-08-13,NA,1.0150599999999999,0.45448,0.89872,220.284,NA,NA,NA,NA,NA,NA,NA,NA,NA,NA,NA,NA,NA,NA
1979-08-20,NA,1.01128,0.45544,0.89676,220.962,NA,NA,NA,NA,NA,NA,NA,NA,NA,NA,NA,NA,NA,NA
1979-08-27,NA,1.0116,0.45042,0.89786,223.31,NA,NA,NA,NA,NA,NA,NA,NA,NA,NA,NA,NA,NA,NA
1979-09-03,NA,1.01106,0.44986,0.89634,223.35,NA,NA,NA,NA,NA,NA,NA,NA,NA,NA,NA,NA,NA,NA
1979-09-10,NA,1.00758,0.45206,0.89356,223.482,NA,NA,NA,NA,NA,NA,NA,NA,NA,NA,NA,NA,NA,NA
1979-09-17,NA,0.99686,0.46264,0.88706,222.402,NA,NA,NA,NA,NA,NA,NA,NA,NA,NA,NA,NA,NA,NA
1979-09-24,NA,1.00164,0.4594,0.88846,222.864,NA,NA,NA,NA,NA,NA,NA,NA,NA,NA,NA,NA,NA,NA
1979-10-01,NA,1.00138,0.45708,0.88922,224.71800000000002,NA,NA,NA,NA,NA,NA,NA,NA,NA,NA,NA,NA,NA,NA
1979-10-08,NA,0.9912,0.4587,0.88458,223.64000000000001,NA,NA,NA,NA,NA,NA,NA,NA,NA,NA,NA,NA,NA,NA
1979-10-15,NA,0.98392,0.4573,0.88476,227.702,NA,NA,NA,NA,NA,NA,NA,NA,NA,NA,NA,NA,NA,NA
1979-10-22,NA,0.97655,0.460625,0.883525,228.815,NA,NA,NA,NA,NA,NA,NA,NA,NA,NA,NA,NA,NA,NA
1979-10-29,NA,0.96964,0.46492,0.88168,229.458,NA,NA,NA,NA,NA,NA,NA,NA,NA,NA,NA,NA,NA,NA
1979-11-05,NA,0.96684,0.46504,0.8821,230.346,NA,NA,NA,NA,NA,NA,NA,NA,NA,NA,NA,NA,NA,NA
1979-11-12,NA,0.96556,0.45598,0.88536,237.312,NA,NA,NA,NA,NA,NA,NA,NA,NA,NA,NA,NA,NA,NA
1979-11-19,NA,0.9734,0.44782,0.89008,240.33,NA,NA,NA,NA,NA,NA,NA,NA,NA,NA,NA,NA,NA,NA
1979-11-26,NA,0.97212,0.44806,0.88996,242.366,NA,NA,NA,NA,NA,NA,NA,NA,NA,NA,NA,NA,NA,NA
1979-12-03,NA,0.97804,0.44608,0.89192,241.788,NA,NA,NA,NA,NA,NA,NA,NA,NA,NA,NA,NA,NA,NA
1979-12-10,NA,0.98258,0.44978,0.8899,233.124,NA,NA,NA,NA,NA,NA,NA,NA,NA,NA,NA,NA,NA,NA
1979-12-17,NA,0.98092,0.44564,0.88852,234.75,NA,NA,NA,NA,NA,NA,NA,NA,NA,NA,NA,NA,NA,NA
1979-12-24,NA,0.9831666666666666,0.4425,0.8892333333333333,235.41,NA,NA,NA,NA,NA,NA,NA,NA,NA,NA,NA,NA,NA,NA
1979-12-31,NA,0.98705,0.44045,0.8905,235.655,NA,NA,NA,NA,NA,NA,NA,NA,NA,NA,NA,NA,NA,NA
1980-01-07,NA,0.99072,0.43916,0.8904,232.326,NA,NA,NA,NA,NA,NA,NA,NA,NA,NA,NA,NA,NA,NA
1980-01-14,NA,0.98856,0.43444,0.89,235.244,NA,NA,NA,NA,NA,NA,NA,NA,NA,NA,NA,NA,NA,NA
1980-01-21,NA,0.98764,0.43346,0.89042,236.248,NA,NA,NA,NA,NA,NA,NA,NA,NA,NA,NA,NA,NA,NA
1980-01-28,NA,0.98314,0.43482,0.8884000000000001,235.39600000000002,NA,NA,NA,NA,NA,NA,NA,NA,NA,NA,NA,NA,NA,NA
1980-02-04,NA,0.9862,0.42955,0.887975,236.9075,NA,NA,NA,NA,NA,NA,NA,NA,NA,NA,NA,NA,NA,NA
1980-02-11,NA,0.98426,0.42698,0.8894,238.156,NA,NA,NA,NA,NA,NA,NA,NA,NA,NA,NA,NA,NA,NA
1980-02-18,NA,0.97874,0.42806,0.88706,239.834,NA,NA,NA,NA,NA,NA,NA,NA,NA,NA,NA,NA,NA,NA
1980-02-25,NA,0.97288,0.4271,0.88546,241.216,NA,NA,NA,NA,NA,NA,NA,NA,NA,NA,NA,NA,NA,NA
1980-03-03,NA,0.96606,0.4311,0.88146,239.714,NA,NA,NA,NA,NA,NA,NA,NA,NA,NA,NA,NA,NA,NA
1980-03-10,NA,0.96126,0.43208,0.87832,238.086,NA,NA,NA,NA,NA,NA,NA,NA,NA,NA,NA,NA,NA,NA
1980-03-17,NA,0.95076,0.43308,0.8740600000000001,236.46,NA,NA,NA,NA,NA,NA,NA,NA,NA,NA,NA,NA,NA,NA
1980-03-24,NA,0.9465,0.43341999999999997,0.87244,235.832,NA,NA,NA,NA,NA,NA,NA,NA,NA,NA,NA,NA,NA,NA
1980-03-31,NA,0.937025,0.43420000000000003,0.87025,237.065,NA,NA,NA,NA,NA,NA,NA,NA,NA,NA,NA,NA,NA,NA
1980-04-07,NA,0.9386,0.43170000000000003,0.8684,239.02,NA,NA,NA,NA,NA,NA,NA,NA,NA,NA,NA,NA,NA,NA
1980-04-14,NA,0.94834,0.42886,0.8674999999999999,237.74800000000002,NA,NA,NA,NA,NA,NA,NA,NA,NA,NA,NA,NA,NA,NA
1980-04-21,NA,0.9549,0.42495,0.868825,236.5525,NA,NA,NA,NA,NA,NA,NA,NA,NA,NA,NA,NA,NA,NA
1980-04-28,NA,0.9654,0.42524,0.86778,232.744,NA,NA,NA,NA,NA,NA,NA,NA,NA,NA,NA,NA,NA,NA
1980-05-05,NA,0.97,0.4254,0.86568,227.374,NA,NA,NA,NA,NA,NA,NA,NA,NA,NA,NA,NA,NA,NA
1980-05-12,NA,0.97602,0.42686,0.86458,222.518,NA,NA,NA,NA,NA,NA,NA,NA,NA,NA,NA,NA,NA,NA
1980-05-19,NA,0.97856,0.42448,0.86368,221.34,NA,NA,NA,NA,NA,NA,NA,NA,NA,NA,NA,NA,NA,NA
1980-05-26,NA,0.98962,0.41914,0.86332,218.862,NA,NA,NA,NA,NA,NA,NA,NA,NA,NA,NA,NA,NA,NA
1980-06-02,NA,0.984025,0.423725,0.859225,218.04500000000002,NA,NA,NA,NA,NA,NA,NA,NA,NA,NA,NA,NA,NA,NA
1980-06-09,NA,0.98956,0.4224,0.8578,214.772,NA,NA,NA,NA,NA,NA,NA,NA,NA,NA,NA,NA,NA,NA
1980-06-16,NA,0.9896199999999999,0.42369999999999997,0.8558,213.764,NA,NA,NA,NA,NA,NA,NA,NA,NA,NA,NA,NA,NA,NA
1980-06-23,NA,0.98736,0.4221,0.85414,214.184,NA,NA,NA,NA,NA,NA,NA,NA,NA,NA,NA,NA,NA,NA
1980-06-30,NA,0.98786,0.41918,0.85392,216.07999999999998,NA,NA,NA,NA,NA,NA,NA,NA,NA,NA,NA,NA,NA,NA
1980-07-07,NA,0.98988,0.41728,0.85344,215.956,NA,NA,NA,NA,NA,NA,NA,NA,NA,NA,NA,NA,NA,NA
1980-07-14,NA,0.98858,0.41632,0.85192,216.304,NA,NA,NA,NA,NA,NA,NA,NA,NA,NA,NA,NA,NA,NA
1980-07-21,NA,0.9871,0.41398,0.85124,218.966,NA,NA,NA,NA,NA,NA,NA,NA,NA,NA,NA,NA,NA,NA
1980-07-28,NA,0.97916,0.41446,0.84832,221.838,NA,NA,NA,NA,NA,NA,NA,NA,NA,NA,NA,NA,NA,NA
1980-08-04,NA,0.97722,0.41404,0.84644,220.624,NA,NA,NA,NA,NA,NA,NA,NA,NA,NA,NA,NA,NA,NA
1980-08-11,NA,0.97916,0.41208,0.84574,220.044,NA,NA,NA,NA,NA,NA,NA,NA,NA,NA,NA,NA,NA,NA
1980-08-18,NA,0.97554,0.41266,0.8435199999999999,219.83599999999998,NA,NA,NA,NA,NA,NA,NA,NA,NA,NA,NA,NA,NA,NA
1980-08-25,NA,0.9791,0.41112,0.84282,215.862,NA,NA,NA,NA,NA,NA,NA,NA,NA,NA,NA,NA,NA,NA
1980-09-01,NA,0.9851,0.4087,0.8432000000000001,214.06799999999998,NA,NA,NA,NA,NA,NA,NA,NA,NA,NA,NA,NA,NA,NA
1980-09-08,NA,0.98518,0.40832,0.84234,213.148,NA,NA,NA,NA,NA,NA,NA,NA,NA,NA,NA,NA,NA,NA
1980-09-15,NA,0.98408,0.4117,0.8396399999999999,208.89600000000002,NA,NA,NA,NA,NA,NA,NA,NA,NA,NA,NA,NA,NA,NA
1980-09-22,NA,0.98076,0.40887999999999997,0.83894,210.506,NA,NA,NA,NA,NA,NA,NA,NA,NA,NA,NA,NA,NA,NA
1980-09-29,NA,0.98044,0.41076,0.83668,206.032,NA,NA,NA,NA,NA,NA,NA,NA,NA,NA,NA,NA,NA,NA
1980-10-06,NA,0.98278,0.40998,0.83596,204.484,NA,NA,NA,NA,NA,NA,NA,NA,NA,NA,NA,NA,NA,NA
1980-10-13,NA,0.9828600000000001,0.40806,0.83578,204.136,NA,NA,NA,NA,NA,NA,NA,NA,NA,NA,NA,NA,NA,NA
1980-10-20,NA,0.98122,0.40346,0.83602,204.964,NA,NA,NA,NA,NA,NA,NA,NA,NA,NA,NA,NA,NA,NA
1980-10-27,NA,0.97695,0.4007,0.834425,206.7175,NA,NA,NA,NA,NA,NA,NA,NA,NA,NA,NA,NA,NA,NA
1980-11-03,NA,0.9759,0.39936,0.83416,205.724,NA,NA,NA,NA,NA,NA,NA,NA,NA,NA,NA,NA,NA,NA
1980-11-10,NA,0.97016,0.40304,0.83064,205.196,NA,NA,NA,NA,NA,NA,NA,NA,NA,NA,NA,NA,NA,NA
1980-11-17,NA,0.96616,0.4044,0.82818,205.992,NA,NA,NA,NA,NA,NA,NA,NA,NA,NA,NA,NA,NA,NA
1980-11-24,NA,0.96116,0.40594,0.82486,206.164,NA,NA,NA,NA,NA,NA,NA,NA,NA,NA,NA,NA,NA,NA
1980-12-01,NA,0.9553,0.40732,0.8209,205.514,NA,NA,NA,NA,NA,NA,NA,NA,NA,NA,NA,NA,NA,NA
1980-12-08,NA,0.95436,0.4086,0.8183,199.792,NA,NA,NA,NA,NA,NA,NA,NA,NA,NA,NA,NA,NA,NA
1980-12-15,NA,0.94934,0.40866,0.8149,198.602,NA,NA,NA,NA,NA,NA,NA,NA,NA,NA,NA,NA,NA,NA
1980-12-22,NA,0.955,0.40473333333333333,0.81466666666666665,197.71333333333334,NA,NA,NA,NA,NA,NA,NA,NA,NA,NA,NA,NA,NA,NA
1980-12-29,NA,0.9595666666666667,0.4034666666666667,0.8154666666666667,197.41,NA,NA,NA,NA,NA,NA,NA,NA,NA,NA,NA,NA,NA,NA
1981-01-05,NA,0.9666,0.40144,0.81546,194.008,NA,NA,NA,NA,NA,NA,NA,NA,NA,NA,NA,NA,NA,NA
1981-01-12,NA,0.96128,0.4008,0.81472,194.808,NA,NA,NA,NA,NA,NA,NA,NA,NA,NA,NA,NA,NA,NA
1981-01-19,NA,0.963375,0.398725,0.814775,193.6325,NA,NA,NA,NA,NA,NA,NA,NA,NA,NA,NA,NA,NA,NA
1981-01-26,NA,0.9574,0.39736,0.81446,194.6,NA,NA,NA,NA,NA,NA,NA,NA,NA,NA,NA,NA,NA,NA
1981-02-02,NA,0.945925,0.40235,0.811625,192.845,NA,NA,NA,NA,NA,NA,NA,NA,NA,NA,NA,NA,NA,NA
1981-02-09,NA,0.94206,0.40394,0.80944,192.054,NA,NA,NA,NA,NA,NA,NA,NA,NA,NA,NA,NA,NA,NA
1981-02-16,NA,0.92938,0.40848,0.80336,191.904,NA,NA,NA,NA,NA,NA,NA,NA,NA,NA,NA,NA,NA,NA
1981-02-23,NA,0.92776,0.41242,0.7991,192.224,NA,NA,NA,NA,NA,NA,NA,NA,NA,NA,NA,NA,NA,NA
1981-03-02,NA,0.91672,0.41762,0.79408,191.756,NA,NA,NA,NA,NA,NA,NA,NA,NA,NA,NA,NA,NA,NA
1981-03-09,NA,0.9188,0.4164,0.79244,190.72,NA,NA,NA,NA,NA,NA,NA,NA,NA,NA,NA,NA,NA,NA
1981-03-16,NA,0.92554,0.40984,0.79216,192.082,NA,NA,NA,NA,NA,NA,NA,NA,NA,NA,NA,NA,NA,NA
1981-03-23,NA,0.92366,0.40968,0.79092,192.91,NA,NA,NA,NA,NA,NA,NA,NA,NA,NA,NA,NA,NA,NA
1981-03-30,NA,0.91538,0.40982,0.78738,193.954,NA,NA,NA,NA,NA,NA,NA,NA,NA,NA,NA,NA,NA,NA
1981-04-06,NA,0.90682,0.41278,0.78514,193.932,NA,NA,NA,NA,NA,NA,NA,NA,NA,NA,NA,NA,NA,NA
1981-04-13,NA,0.901425,0.41642500000000005,0.783675,194.44,NA,NA,NA,NA,NA,NA,NA,NA,NA,NA,NA,NA,NA,NA
1981-04-20,NA,0.9011,0.41452500000000003,0.78355,195.5025,NA,NA,NA,NA,NA,NA,NA,NA,NA,NA,NA,NA,NA,NA
1981-04-27,NA,0.89932,0.41824,0.7813,192.696,NA,NA,NA,NA,NA,NA,NA,NA,NA,NA,NA,NA,NA,NA
1981-05-04,NA,0.8892,0.42038,0.77826,193.158,NA,NA,NA,NA,NA,NA,NA,NA,NA,NA,NA,NA,NA,NA
1981-05-11,NA,0.88362,0.42244,0.77558,193.748,NA,NA,NA,NA,NA,NA,NA,NA,NA,NA,NA,NA,NA,NA
1981-05-18,NA,0.8794,0.42218,0.77126,194.444,NA,NA,NA,NA,NA,NA,NA,NA,NA,NA,NA,NA,NA,NA
1981-05-25,NA,0.87446,0.42218,0.7683,195.206,NA,NA,NA,NA,NA,NA,NA,NA,NA,NA,NA,NA,NA,NA
1981-06-01,NA,0.863925,0.4302,0.7625,193.795,NA,NA,NA,NA,NA,NA,NA,NA,NA,NA,NA,NA,NA,NA
1981-06-08,NA,0.8526,0.43796,0.75546,193.172,NA,NA,NA,NA,NA,NA,NA,NA,NA,NA,NA,NA,NA,NA
1981-06-15,NA,0.86176,0.43468,0.75256,190.646,NA,NA,NA,NA,NA,NA,NA,NA,NA,NA,NA,NA,NA,NA
1981-06-22,NA,0.85968,0.43496,0.74882,192.024,NA,NA,NA,NA,NA,NA,NA,NA,NA,NA,NA,NA,NA,NA
1981-06-29,NA,0.8491,0.44208000000000003,0.74024,192.152,NA,NA,NA,NA,NA,NA,NA,NA,NA,NA,NA,NA,NA,NA
1981-07-06,NA,0.84318,0.445,0.7373,192.864,NA,NA,NA,NA,NA,NA,NA,NA,NA,NA,NA,NA,NA,NA
1981-07-13,NA,0.84076,0.44652000000000003,0.73444,193.368,NA,NA,NA,NA,NA,NA,NA,NA,NA,NA,NA,NA,NA,NA
1981-07-20,NA,0.83448,0.44908000000000003,0.73184,195.154,NA,NA,NA,NA,NA,NA,NA,NA,NA,NA,NA,NA,NA,NA
1981-07-27,NA,0.83128,0.44656,0.72876,196.81,NA,NA,NA,NA,NA,NA,NA,NA,NA,NA,NA,NA,NA,NA
1981-08-03,NA,0.81932,0.45182,0.72546,197.974,NA,NA,NA,NA,NA,NA,NA,NA,NA,NA,NA,NA,NA,NA
1981-08-10,NA,0.8184400000000001,0.45706,0.72222,191.48000000000002,NA,NA,NA,NA,NA,NA,NA,NA,NA,NA,NA,NA,NA,NA
1981-08-17,NA,0.82612,0.45112,0.72236,190.126,NA,NA,NA,NA,NA,NA,NA,NA,NA,NA,NA,NA,NA,NA
1981-08-24,NA,0.82986,0.44886,0.72274,190.162,NA,NA,NA,NA,NA,NA,NA,NA,NA,NA,NA,NA,NA,NA
1981-08-31,NA,0.83196,0.44898,0.72268,190.486,NA,NA,NA,NA,NA,NA,NA,NA,NA,NA,NA,NA,NA,NA
1981-09-07,NA,0.82432,0.45668,0.72072,190.794,NA,NA,NA,NA,NA,NA,NA,NA,NA,NA,NA,NA,NA,NA
1981-09-14,NA,0.83058,0.45483999999999997,0.72156,188.978,NA,NA,NA,NA,NA,NA,NA,NA,NA,NA,NA,NA,NA,NA
1981-09-21,NA,0.82964,0.45608,0.71976,188.068,NA,NA,NA,NA,NA,NA,NA,NA,NA,NA,NA,NA,NA,NA
1981-09-28,NA,0.8194666666666667,0.4579666666666667,0.7170333333333333,189.27,NA,NA,NA,NA,NA,NA,NA,NA,NA,NA,NA,NA,NA,NA
1981-10-05,NA,0.83056,0.44528,0.72118,189.844,NA,NA,NA,NA,NA,NA,NA,NA,NA,NA,NA,NA,NA,NA
1981-10-12,NA,0.8305,0.44512,0.7216,189.724,NA,NA,NA,NA,NA,NA,NA,NA,NA,NA,NA,NA,NA,NA
1981-10-19,NA,0.8210000000000001,0.44948,0.7202,190.75,NA,NA,NA,NA,NA,NA,NA,NA,NA,NA,NA,NA,NA,NA
1981-10-26,NA,0.8169,0.448,0.720825,191.7675,NA,NA,NA,NA,NA,NA,NA,NA,NA,NA,NA,NA,NA,NA
1981-11-02,NA,0.8271999999999999,0.44134,0.724,189.266,NA,NA,NA,NA,NA,NA,NA,NA,NA,NA,NA,NA,NA,NA
1981-11-09,NA,0.82812,0.43986000000000003,0.72488,188.588,NA,NA,NA,NA,NA,NA,NA,NA,NA,NA,NA,NA,NA,NA
1981-11-16,NA,0.8312,0.43638,0.72584,185.95,NA,NA,NA,NA,NA,NA,NA,NA,NA,NA,NA,NA,NA,NA
1981-11-23,NA,0.83604,0.43526,0.72751999999999994,180.802,NA,NA,NA,NA,NA,NA,NA,NA,NA,NA,NA,NA,NA,NA
1981-11-30,NA,0.84014,0.43004000000000003,0.73166,180.57,NA,NA,NA,NA,NA,NA,NA,NA,NA,NA,NA,NA,NA,NA
1981-12-07,NA,0.83414,0.43314,0.73202,181.17600000000002,NA,NA,NA,NA,NA,NA,NA,NA,NA,NA,NA,NA,NA,NA
1981-12-14,NA,0.82516,0.43904,0.72956,180.066,NA,NA,NA,NA,NA,NA,NA,NA,NA,NA,NA,NA,NA,NA
1981-12-21,NA,0.82325,0.43685,0.7298250000000001,180.66500000000002,NA,NA,NA,NA,NA,NA,NA,NA,NA,NA,NA,NA,NA,NA
1981-12-28,NA,0.8222333333333334,0.43216666666666664,0.7302,181.70666666666668,NA,NA,NA,NA,NA,NA,NA,NA,NA,NA,NA,NA,NA,NA
1982-01-04,NA,0.8255,0.42875,0.7325,181.2075,NA,NA,NA,NA,NA,NA,NA,NA,NA,NA,NA,NA,NA,NA
1982-01-11,NA,0.8153,0.43404,0.7296,181.816,NA,NA,NA,NA,NA,NA,NA,NA,NA,NA,NA,NA,NA,NA
1982-01-18,NA,0.81176,0.43194,0.72976,182.86599999999999,NA,NA,NA,NA,NA,NA,NA,NA,NA,NA,NA,NA,NA,NA
1982-01-25,NA,0.8047,0.43195,0.730125,184.42000000000002,NA,NA,NA,NA,NA,NA,NA,NA,NA,NA,NA,NA,NA,NA
1982-02-01,NA,0.79992,0.4293,0.73116,185.956,NA,NA,NA,NA,NA,NA,NA,NA,NA,NA,NA,NA,NA,NA
1982-02-08,NA,0.79572,0.42944,0.7311,187.938,NA,NA,NA,NA,NA,NA,NA,NA,NA,NA,NA,NA,NA,NA
1982-02-15,NA,0.78934,0.42916,0.73112,187.798,NA,NA,NA,NA,NA,NA,NA,NA,NA,NA,NA,NA,NA,NA
1982-02-22,NA,0.79108,0.42924,0.7330800000000001,183.742,NA,NA,NA,NA,NA,NA,NA,NA,NA,NA,NA,NA,NA,NA
1982-03-01,NA,0.7836,0.43028,0.73256,185.448,NA,NA,NA,NA,NA,NA,NA,NA,NA,NA,NA,NA,NA,NA
1982-03-08,NA,0.78244,0.4313,0.73458,184.722,NA,NA,NA,NA,NA,NA,NA,NA,NA,NA,NA,NA,NA,NA
1982-03-15,NA,0.77794,0.43048,0.73402,187.192,NA,NA,NA,NA,NA,NA,NA,NA,NA,NA,NA,NA,NA,NA
1982-03-22,NA,0.77408,0.42976,0.73326,189.018,NA,NA,NA,NA,NA,NA,NA,NA,NA,NA,NA,NA,NA,NA
1982-03-29,NA,0.76744,0.42998000000000003,0.73028,189.14999999999998,NA,NA,NA,NA,NA,NA,NA,NA,NA,NA,NA,NA,NA,NA
1982-04-05,NA,0.76405,0.4327,0.72835,188.60750000000002,NA,NA,NA,NA,NA,NA,NA,NA,NA,NA,NA,NA,NA,NA
1982-04-12,NA,0.76325,0.4322,0.7281,188.755,NA,NA,NA,NA,NA,NA,NA,NA,NA,NA,NA,NA,NA,NA
1982-04-19,NA,0.76622,0.43252,0.7286199999999999,186.81,NA,NA,NA,NA,NA,NA,NA,NA,NA,NA,NA,NA,NA,NA
1982-04-26,NA,0.76938,0.4318,0.72732,182.512,NA,NA,NA,NA,NA,NA,NA,NA,NA,NA,NA,NA,NA,NA
1982-05-03,NA,0.77226,0.427525,0.72658,181.326,NA,NA,NA,NA,NA,NA,NA,NA,NA,NA,NA,NA,NA,NA
1982-05-10,NA,0.7752600000000001,0.42378,0.72806,181.044,NA,NA,NA,NA,NA,NA,NA,NA,NA,NA,NA,NA,NA,NA
1982-05-17,NA,0.76914,0.42714,0.7274,182.162,NA,NA,NA,NA,NA,NA,NA,NA,NA,NA,NA,NA,NA,NA
1982-05-24,NA,0.76618,0.42574,0.72598,183.568,NA,NA,NA,NA,NA,NA,NA,NA,NA,NA,NA,NA,NA,NA
1982-05-31,NA,0.761,0.42518,0.72624,185.074,NA,NA,NA,NA,NA,NA,NA,NA,NA,NA,NA,NA,NA,NA
1982-06-07,NA,0.756025,0.425025,0.72605,186.85,NA,NA,NA,NA,NA,NA,NA,NA,NA,NA,NA,NA,NA,NA
1982-06-14,NA,0.75116,0.42654,0.7277,188.752,NA,NA,NA,NA,NA,NA,NA,NA,NA,NA,NA,NA,NA,NA
1982-06-21,NA,0.74264,0.4276,0.7265199999999999,189.6,NA,NA,NA,NA,NA,NA,NA,NA,NA,NA,NA,NA,NA,NA
1982-06-28,NA,0.74112,0.42748,0.72658,189.696,NA,NA,NA,NA,NA,NA,NA,NA,NA,NA,NA,NA,NA,NA
1982-07-05,NA,0.73876,0.42860000000000004,0.72734,189.672,NA,NA,NA,NA,NA,NA,NA,NA,NA,NA,NA,NA,NA,NA
1982-07-12,NA,0.73956,0.42812,0.72988,188.84799999999998,NA,NA,NA,NA,NA,NA,NA,NA,NA,NA,NA,NA,NA,NA
1982-07-19,NA,0.74282,0.42554000000000003,0.73454,187.534,NA,NA,NA,NA,NA,NA,NA,NA,NA,NA,NA,NA,NA,NA
1982-07-26,NA,0.74156,0.4241,0.73942,187.732,NA,NA,NA,NA,NA,NA,NA,NA,NA,NA,NA,NA,NA,NA
1982-08-02,NA,0.73668,0.42374,0.74232,189.612,NA,NA,NA,NA,NA,NA,NA,NA,NA,NA,NA,NA,NA,NA
1982-08-09,NA,0.72756,0.42694,0.74366,190.484,NA,NA,NA,NA,NA,NA,NA,NA,NA,NA,NA,NA,NA,NA
1982-08-16,NA,0.72828,0.42402,0.74844,189.936,NA,NA,NA,NA,NA,NA,NA,NA,NA,NA,NA,NA,NA,NA
1982-08-23,NA,0.73762,0.42042,0.75368,186.604,NA,NA,NA,NA,NA,NA,NA,NA,NA,NA,NA,NA,NA,NA
1982-08-30,NA,0.72978,0.42322,0.75422,188.176,NA,NA,NA,NA,NA,NA,NA,NA,NA,NA,NA,NA,NA,NA
1982-09-06,NA,0.7297,0.42306,0.7553,188.224,NA,NA,NA,NA,NA,NA,NA,NA,NA,NA,NA,NA,NA,NA
1982-09-13,NA,0.72374,0.42364,0.75626,190.23,NA,NA,NA,NA,NA,NA,NA,NA,NA,NA,NA,NA,NA,NA
1982-09-20,NA,0.72346,0.42258,0.7563,190.816,NA,NA,NA,NA,NA,NA,NA,NA,NA,NA,NA,NA,NA,NA
1982-09-27,NA,0.71902,0.42246,0.75602,192.498,NA,NA,NA,NA,NA,NA,NA,NA,NA,NA,NA,NA,NA,NA
1982-10-04,NA,0.7146,0.4221,0.75558,194.078,NA,NA,NA,NA,NA,NA,NA,NA,NA,NA,NA,NA,NA,NA
1982-10-11,NA,0.72056,0.42068,0.75862,191.104,NA,NA,NA,NA,NA,NA,NA,NA,NA,NA,NA,NA,NA,NA
1982-10-18,NA,0.71578,0.42081999999999997,0.75836,192.988,NA,NA,NA,NA,NA,NA,NA,NA,NA,NA,NA,NA,NA,NA
1982-10-25,NA,0.709025,0.42135,0.7570250000000001,195.5,NA,NA,NA,NA,NA,NA,NA,NA,NA,NA,NA,NA,NA,NA
1982-11-01,NA,0.70834,0.4223,0.75706,195.582,NA,NA,NA,NA,NA,NA,NA,NA,NA,NA,NA,NA,NA,NA
1982-11-08,NA,0.7089799999999999,0.42772,0.75634,192.226,NA,NA,NA,NA,NA,NA,NA,NA,NA,NA,NA,NA,NA,NA
1982-11-15,NA,0.7106399999999999,0.43806,0.75508,187.556,NA,NA,NA,NA,NA,NA,NA,NA,NA,NA,NA,NA,NA,NA
1982-11-22,NA,0.71394,0.44778,0.7515999999999999,181.146,NA,NA,NA,NA,NA,NA,NA,NA,NA,NA,NA,NA,NA,NA
1982-11-29,NA,0.7206,0.4442,0.7519399999999999,179.234,NA,NA,NA,NA,NA,NA,NA,NA,NA,NA,NA,NA,NA,NA
1982-12-06,NA,0.72462,0.44578,0.75144,176.698,NA,NA,NA,NA,NA,NA,NA,NA,NA,NA,NA,NA,NA,NA
1982-12-13,NA,0.72314,0.44794,0.75148,176.654,NA,NA,NA,NA,NA,NA,NA,NA,NA,NA,NA,NA,NA,NA
1982-12-20,NA,0.72538,0.45142,0.74754,174.846,NA,NA,NA,NA,NA,NA,NA,NA,NA,NA,NA,NA,NA,NA
1982-12-27,NA,0.7327333333333333,0.4513333333333333,0.7470333333333333,171.22,NA,NA,NA,NA,NA,NA,NA,NA,NA,NA,NA,NA,NA,NA
1983-01-03,NA,0.7358666666666667,0.4545666666666667,0.7449333333333333,168.36333333333334,NA,NA,NA,NA,NA,NA,NA,NA,NA,NA,NA,NA,NA,NA
1983-01-10,NA,0.7327400000000001,0.46046,0.74038,167.462,NA,NA,NA,NA,NA,NA,NA,NA,NA,NA,NA,NA,NA,NA
1983-01-17,NA,0.72878,0.46236,0.7407,169.596,NA,NA,NA,NA,NA,NA,NA,NA,NA,NA,NA,NA,NA,NA
1983-01-24,NA,0.72168,0.4688,0.7409749999999999,170.56,NA,NA,NA,NA,NA,NA,NA,NA,NA,NA,NA,NA,NA,NA
1983-01-31,NA,0.71634,0.47008,0.7406,171.526,NA,NA,NA,NA,NA,NA,NA,NA,NA,NA,NA,NA,NA,NA
1983-02-07,NA,0.71888,0.46794,0.74232,170.322,NA,NA,NA,NA,NA,NA,NA,NA,NA,NA,NA,NA,NA,NA
1983-02-14,NA,0.7221,0.46804,0.74424,168.486,NA,NA,NA,NA,NA,NA,NA,NA,NA,NA,NA,NA,NA,NA
1983-02-21,NA,0.71978,0.4703,0.7461,168.586,NA,NA,NA,NA,NA,NA,NA,NA,NA,NA,NA,NA,NA,NA
1983-02-28,NA,0.71472,0.4722,0.75002,169.316,NA,NA,NA,NA,NA,NA,NA,NA,NA,NA,NA,NA,NA,NA
1983-03-07,NA,0.66598,0.44178,0.76252,157.40800000000002,NA,NA,NA,NA,NA,NA,NA,NA,NA,NA,NA,NA,NA,NA
1983-03-14,NA,0.65692,0.435,0.75222,155.84799999999998,NA,NA,NA,NA,NA,NA,NA,NA,NA,NA,NA,NA,NA,NA
1983-03-21,NA,0.6519,0.44316,0.75106,155.438,NA,NA,NA,NA,NA,NA,NA,NA,NA,NA,NA,NA,NA,NA
1983-03-28,NA,0.650075,0.445175,0.751025,155.2425,NA,NA,NA,NA,NA,NA,NA,NA,NA,NA,NA,NA,NA,NA
1983-04-04,NA,0.654725,0.4353,0.7559,155.5775,NA,NA,NA,NA,NA,NA,NA,NA,NA,NA,NA,NA,NA,NA
1983-04-11,NA,0.65712,0.42862,0.7573,156.368,NA,NA,NA,NA,NA,NA,NA,NA,NA,NA,NA,NA,NA,NA
1983-04-18,NA,0.6591400000000001,0.4249,0.75856,156.15200000000002,NA,NA,NA,NA,NA,NA,NA,NA,NA,NA,NA,NA,NA,NA
1983-04-25,NA,0.66045,0.421725,0.760225,156.2875,NA,NA,NA,NA,NA,NA,NA,NA,NA,NA,NA,NA,NA,NA
1983-05-02,NA,0.66128,0.41984,0.7604,156.36599999999999,NA,NA,NA,NA,NA,NA,NA,NA,NA,NA,NA,NA,NA,NA
1983-05-09,NA,0.66396,0.42296,0.75678,153.87,NA,NA,NA,NA,NA,NA,NA,NA,NA,NA,NA,NA,NA,NA
1983-05-16,NA,0.66318,0.42548,0.7509199999999999,154.65,NA,NA,NA,NA,NA,NA,NA,NA,NA,NA,NA,NA,NA,NA
1983-05-23,NA,0.6628,0.42044,0.75124,156.198,NA,NA,NA,NA,NA,NA,NA,NA,NA,NA,NA,NA,NA,NA
1983-05-30,NA,0.66252,0.415,0.7516,157.928,NA,NA,NA,NA,NA,NA,NA,NA,NA,NA,NA,NA,NA,NA
1983-06-06,NA,0.658025,0.41695000000000004,0.7487,158.5825,NA,NA,NA,NA,NA,NA,NA,NA,NA,NA,NA,NA,NA,NA
1983-06-13,NA,0.65456,0.42528,0.74728000000000006,157.952,NA,NA,NA,NA,NA,NA,NA,NA,NA,NA,NA,NA,NA,NA
1983-06-20,NA,0.65636,0.42818,0.7484,156.422,NA,NA,NA,NA,NA,NA,NA,NA,NA,NA,NA,NA,NA,NA
1983-06-27,NA,0.65598,0.42786,0.74866,156.378,NA,NA,NA,NA,NA,NA,NA,NA,NA,NA,NA,NA,NA,NA
1983-07-04,NA,0.6554,0.42656,0.74954,157.13400000000001,NA,NA,NA,NA,NA,NA,NA,NA,NA,NA,NA,NA,NA,NA
1983-07-11,NA,0.6541,0.42688,0.7499399999999999,157.264,NA,NA,NA,NA,NA,NA,NA,NA,NA,NA,NA,NA,NA,NA
1983-07-18,NA,0.65374,0.42928,0.74642,156.76,NA,NA,NA,NA,NA,NA,NA,NA,NA,NA,NA,NA,NA,NA
1983-07-25,NA,0.6543599999999999,0.4289,0.743,157.33,NA,NA,NA,NA,NA,NA,NA,NA,NA,NA,NA,NA,NA,NA
1983-08-01,NA,0.65212,0.43313999999999997,0.74298,158.728,NA,NA,NA,NA,NA,NA,NA,NA,NA,NA,NA,NA,NA,NA
1983-08-08,NA,0.64862,0.43626,0.74226,158.686,NA,NA,NA,NA,NA,NA,NA,NA,NA,NA,NA,NA,NA,NA
1983-08-15,NA,0.65226,0.43298,0.74122,159.02,NA,NA,NA,NA,NA,NA,NA,NA,NA,NA,NA,NA,NA,NA
1983-08-22,NA,0.6552,0.43152,0.73932,159.196,NA,NA,NA,NA,NA,NA,NA,NA,NA,NA,NA,NA,NA,NA
1983-08-29,NA,0.65006,0.43382,0.7398399999999999,159.96,NA,NA,NA,NA,NA,NA,NA,NA,NA,NA,NA,NA,NA,NA
1983-09-05,NA,0.65006,0.43422,0.74128,159.45,NA,NA,NA,NA,NA,NA,NA,NA,NA,NA,NA,NA,NA,NA
1983-09-12,NA,0.6522600000000001,0.43592000000000003,0.7357,159.204,NA,NA,NA,NA,NA,NA,NA,NA,NA,NA,NA,NA,NA,NA
1983-09-19,NA,0.65454,0.4352,0.7347,158.446,NA,NA,NA,NA,NA,NA,NA,NA,NA,NA,NA,NA,NA,NA
1983-09-26,NA,0.65788,0.4384,0.73312,156.064,NA,NA,NA,NA,NA,NA,NA,NA,NA,NA,NA,NA,NA,NA
1983-10-03,NA,0.6600400000000001,0.44298,0.72926,153.704,NA,NA,NA,NA,NA,NA,NA,NA,NA,NA,NA,NA,NA,NA
1983-10-10,NA,0.66402,0.44076,0.72616,154.11599999999999,NA,NA,NA,NA,NA,NA,NA,NA,NA,NA,NA,NA,NA,NA
1983-10-17,NA,0.66192,0.44184,0.72392,154.026,NA,NA,NA,NA,NA,NA,NA,NA,NA,NA,NA,NA,NA,NA
1983-10-24,NA,0.663725,0.443075,0.722775,154.08249999999998,NA,NA,NA,NA,NA,NA,NA,NA,NA,NA,NA,NA,NA,NA
1983-10-31,NA,0.6611400000000001,0.44354,0.72256,154.608,NA,NA,NA,NA,NA,NA,NA,NA,NA,NA,NA,NA,NA,NA
1983-11-07,NA,0.65956,0.44336000000000003,0.72192,155.284,NA,NA,NA,NA,NA,NA,NA,NA,NA,NA,NA,NA,NA,NA
1983-11-14,NA,0.66032,0.44495999999999997,0.71826,154.244,NA,NA,NA,NA,NA,NA,NA,NA,NA,NA,NA,NA,NA,NA
1983-11-21,NA,0.65816,0.4481,0.71622,154.56,NA,NA,NA,NA,NA,NA,NA,NA,NA,NA,NA,NA,NA,NA
1983-11-28,NA,0.65772,0.4503,0.71896,153.576,NA,NA,NA,NA,NA,NA,NA,NA,NA,NA,NA,NA,NA,NA
1983-12-05,NA,0.65452,0.45244,0.72158,153.07999999999998,NA,NA,NA,NA,NA,NA,NA,NA,NA,NA,NA,NA,NA,NA
1983-12-12,NA,0.65012,0.45642,0.71878,152.96,NA,NA,NA,NA,NA,NA,NA,NA,NA,NA,NA,NA,NA,NA
1983-12-19,NA,0.64782,0.45532,0.73062,151.88,NA,NA,NA,NA,NA,NA,NA,NA,NA,NA,NA,NA,NA,NA
1983-12-26,NA,0.6528,0.45276666666666665,0.7243666666666667,151.71,NA,NA,NA,NA,NA,NA,NA,NA,NA,NA,NA,NA,NA,NA
1984-01-02,74.63,0.6494666666666666,0.4584,0.7212666666666666,151.17333333333332,NA,0.8108666666666667,517.8233333333333,1.3091666666666666,1.5211666666666668,5.0662666666666665,645.77,14.955066666666667,1.3845666666666667,26.10856666666667,6.9298,9.093833333333334,0.83,NA
1984-01-09,74.614,0.64782,0.46282,0.71392,151.21200000000002,NA,0.81,517.454,1.32288,1.5170000000000001,5.05222,644.134,14.89986,1.38052,26.04236,6.94464,9.07078,0.83,NA
1984-01-16,74.702,0.64966,0.45902,0.71962,151.542,NA,0.80846,518.142,1.33324,1.52106,5.06642,645.964,14.94218,1.3843,26.11636,6.96044,9.09654,0.83,NA
1984-01-23,74.73,0.6485000000000001,0.4641,0.7142,151.65,NA,0.80915,518.2175,1.345575,1.518075,5.055899999999999,644.8075,14.9155,1.38195,26.081875,6.9665,9.080300000000001,0.83,NA
1984-01-30,74.71,0.65128,0.46152,0.7083200000000001,152.424,NA,0.81274,520.204,1.35186,1.52302,5.08076,647.122,14.97944,1.38678,26.20098,7.00516,9.11922,0.832,NA
1984-02-06,74.73,0.6536500000000001,0.46175,0.705475,152.78,NA,0.81435,521.235,1.357525,1.528975,5.096675,649.1775,15.03395,1.3931499999999999,26.29635,7.033275,9.1524,0.8374999999999999,NA
1984-02-13,74.746,0.65768,0.45902,0.70134,153.54,NA,0.8203199999999999,523.866,1.3571,1.53666,5.11794,653.1800000000001,15.12664,1.40002,26.45846,7.07136,9.208820000000001,0.842,NA
1984-02-20,74.87,0.66174,0.45588,0.70078,154.282,NA,0.82648,526.574,1.35782,1.54552,5.1552,657.214,15.22002,1.40802,26.629739999999998,7.10842,9.26566,0.85,NA
1984-02-27,74.918,0.66572,0.44892,0.70558,155.23,NA,0.83166,528.376,1.3659999999999999,1.55178,5.1801,661.986,15.31156,1.41212,26.7779,7.12184,9.32138,0.85,NA
1984-03-05,74.71,0.6716799999999999,0.45418,0.70478,150.374,NA,0.84366,531.42,1.37488,1.53592,5.22594,669.148,15.44864,1.40046,26.977359999999997,7.1668199999999995,9.404819999999999,0.86,NA
1984-03-12,74.7,0.67042,0.45861999999999997,0.69812,150.154,NA,0.85292,531.174,1.38356,1.53178,5.22902,667.8919999999999,15.421,1.39714,26.87242,7.1614,9.38718,0.86,NA
1984-03-19,74.708,0.66522,0.46282,0.6993199999999999,150.402,NA,0.84758,528.264,1.38404,1.52794,5.18886,662.712,15.302719999999999,1.39184,26.61948,7.16972,9.31438,0.85,NA
1984-03-26,74.628,0.66606,0.46072,0.70606,149.492,NA,0.85118,527.6,1.38022,1.5257399999999999,5.1932599999999995,663.548,15.32606,1.38826,26.63508,7.1428,9.32614,0.85,NA
1984-04-02,74.574,0.66288,0.4632,0.7074,149.162,NA,0.84602,525.5840000000001,1.375,1.5201200000000001,5.17408,664.312,15.25284,1.3843,26.46552,7.13922,9.28162,0.848,NA
1984-04-09,74.57000000000001,0.66058,0.46142,0.71926,148.238,NA,0.84428,524.198,1.37704,1.5128,5.15438,662.0079999999999,15.19994,1.37798,26.31354,7.13164,9.24942,0.848,NA
1984-04-16,74.5275,0.65927499999999994,0.463375,0.71625,148.2425,NA,0.8417250000000001,523.6975,1.374325,1.509225,5.14795,660.6975,15.169925000000001,1.3752499999999999,26.211125,7.13175,9.23115,0.8425,NA
1984-04-23,74.55,0.6570666666666667,0.4659666666666667,0.7147666666666667,147.92666666666668,NA,0.8391666666666667,523.11,1.3921666666666668,1.5045333333333333,5.132766666666667,658.4866666666667,15.119133333333334,1.3647,26.076766666666668,7.151066666666667,9.200233333333333,0.84,NA
1984-04-30,74.6075,0.65634,0.46722,0.709025,148.674,NA,0.84542,524.18,1.40444,1.50372,5.12852,660.428,15.10242,1.37042,26.03504,7.1711599999999995,9.19006,0.84,NA
1984-05-07,74.64,0.65022,0.4687,0.71436,148.718,NA,0.84038,519.758,1.41758,1.49374,5.08248,654.926,14.96158,1.36382,25.76954,7.17572,9.10438,0.832,NA
1984-05-14,74.594,0.6479,0.46618,0.71822,149.728,NA,0.8376,518.436,1.41788,1.49354,5.06448,652.592,14.9082,1.36396,25.68922,7.14762,9.071900000000001,0.83,NA
1984-05-21,74.63,0.6470400000000001,0.46671999999999997,0.71902,150.30599999999998,NA,0.83784,517.72,1.42876,1.4942,5.05766,651.724,14.88842,1.36284,25.738,7.14848,9.05986,0.83,NA
1984-05-28,74.576,0.64716,0.46714,0.72008,149.82,NA,0.83792,516.81,1.4351,1.49604,5.0575,652.232,14.89118,1.36158,25.83012,7.15242,9.06154,0.83,NA
1984-06-04,74.7075,0.6494,0.464675,0.724225,149.5925,NA,0.8437,517.75,1.424125,1.49645,5.070225,656.03,14.9427,1.364625,25.943550000000002,7.1288,11.0382,0.83,NA
1984-06-11,74.726,0.64694,0.46554,0.7233,149.918,NA,0.83944,516.8779999999999,1.42412,1.4938,5.05196,653.544,14.8861,1.36408,25.74566,7.12278,11.64622,0.83,NA
1984-06-18,74.698,0.6411600000000001,0.467,0.73052,149.584,NA,0.83262,513.542,1.42732,1.4828999999999999,5.01218,647.706,14.75308,1.35558,25.54126,7.1091,11.54218,0.82,NA
1984-06-25,74.622,0.63424,0.4683,0.73568,150.32,NA,0.83226,509.74,1.42744,1.4713,4.95824,640.7180000000001,14.595139999999999,1.35048,25.21612,7.09458,11.41762,0.81,NA
1984-07-02,74.716,0.63284,0.47018,0.73826,150.504,NA,0.82914,509.46000000000004,1.43346,1.47084,4.94768,645.902,14.56798,1.35532,25.085839999999997,7.11312,11.39242,0.812,NA
1984-07-09,74.29,0.6196200000000001,0.47256,0.74756,149.916,NA,0.8237,500.91,1.41844,1.44736,4.86004,632.412,14.26368,1.32972,24.48126,7.00664,11.15436,0.794,NA
1984-07-16,59.72,0.4976,0.37670000000000003,0.6003333333333333,120.92,NA,0.6624333333333333,402.93666666666667,1.1458666666666666,1.1692333333333333,3.8970333333333333,507.87,11.454766666666666,1.0701333333333334,19.651866666666667,5.667666666666666,8.957799999999999,0.64,NA
1984-07-23,59.63,0.49644,0.37426,0.59802,121.69800000000001,NA,0.65378,402.642,1.1526,1.16258,3.8938800000000002,506.68600000000004,11.42804,1.06782,19.54976,5.69118,8.93692,0.636,NA
1984-07-30,59.65,0.49534,0.37788,0.5954,121.346,NA,0.64954,401.888,1.15756,1.1607,3.88436,510.508,11.40272,1.06642,19.41728,5.72118,8.91712,0.634,NA
1984-08-06,59.722,0.49878,0.37792,0.59164,120.962,NA,0.6502600000000001,404.08,1.16442,1.1649,3.90964,517.3679999999999,11.47992,1.07148,19.49634,5.76086,8.97904,0.638,NA
1984-08-13,59.744,0.49974,0.37834,0.59202,120.528,NA,0.65268,404.01,1.18204,1.1647,3.91806,518.364,11.501999999999999,1.0703799999999999,19.52984,5.77396,8.996319999999999,0.64,NA
1984-08-20,59.742,0.50058,0.38018,0.58622,120.69200000000001,NA,0.65066,404.78000000000003,1.19744,1.16638,3.92626,519.234,11.52334,1.07334,19.56268,5.7867,9.01144,0.64,NA
1984-08-27,59.736000000000004,0.49946,0.38134,0.587,120.434,NA,0.6494,403.892,1.2068,1.16414,3.91682,518.074,11.49758,1.07458,19.5189,5.77876,8.99128,0.64,NA
1984-09-03,59.76,0.49498,0.38246,0.5915,120.476,NA,0.6441,401.248,1.21966,1.15852,3.8841799999999997,523.278,11.39444,1.0698,19.34382,5.80598,8.91064,0.634,NA
1984-09-10,59.796,0.49098,0.38506,0.59178,120.5,NA,0.64568,399.33,1.243,1.15326,3.86096,519.052,11.30234,1.06176,19.19538,5.78864,8.83864,0.63,NA
1984-09-17,59.768,0.48684,0.39244,0.58792,119.822,NA,0.6413599999999999,396.726,1.26668,1.14754,3.82334,514.672,11.20318,1.0548,19.07044,5.81472,8.76412,0.622,NA
1984-09-24,59.754,0.48878,0.39238,0.58716,119.688,NA,0.6432599999999999,398.406,1.25448,1.15422,3.81746,516.72,11.24194,1.05724,19.18656,5.82424,8.79904,0.626,NA
1984-10-01,59.763999999999996,0.48808,0.39254,0.58658,120.07,NA,0.64188,398.132,1.26986,1.16832,3.81446,517.458,11.2356,1.05772,19.11416,5.81204,8.829839999999999,0.624,NA
1984-10-08,59.812,0.48656,0.395,0.58448,120.236,NA,0.64064,398.004,1.28434,1.1766400000000001,3.80714,515.844,11.2006,1.05498,19.0342,5.82604,8.90688,0.62,NA
1984-10-15,59.772,0.48275999999999997,0.4014,0.5809799999999999,119.994,NA,0.63988,395.80400000000003,1.30484,1.16732,3.77916,511.818,11.11312,1.04722,18.93384,5.8346,9.4975,0.62,NA
1984-10-22,59.7675,0.488225,0.400525,0.578275,119.38,NA,0.6432,399.2425,1.28535,1.174525,3.81975,517.6125,11.238949999999999,1.05625,19.2117,5.8732999999999995,9.769975,0.6275,NA
1984-10-29,59.788,0.48848,0.39968,0.57604,119.842,NA,0.64398,399.088,1.28792,1.22624,3.8208,518.456,11.44158,1.05504,19.20454,5.91054,9.76812,0.624,NA
1984-11-05,59.964,0.4976,0.39178,0.57652,119.982,NA,0.65152,404.946,1.2838,1.1915799999999999,3.89094,529.008,13.41128,1.06942,19.54578,5.96824,9.94422,0.642,NA
1984-11-12,59.968,0.49635999999999997,0.3921,0.57684,119.77,NA,0.65336,404.512,1.31036,1.18944,3.88282,527.69,13.35652,1.06518,19.55558,5.96822,9.91054,0.64,NA
1984-11-19,59.982,0.49284,0.39666,0.5747,120.184,NA,0.6473800000000001,402.976,1.33396,1.1849,3.85696,523.952,13.30174,1.06276,19.479,5.97318,9.83116,0.634,NA
1984-11-26,59.896,0.48794,0.40496,0.56932,119.662,NA,0.6448,400.354,1.3604399999999999,1.17668,3.8199,518.738,13.193900000000001,1.05806,19.27658,5.9285,9.72054,0.63,NA
1984-12-03,59.882,0.48684,0.40394,0.5694199999999999,120.05,NA,0.64334,400.22,1.3571,1.17504,3.81146,520.744,13.17876,1.05566,19.22046,5.97744,9.68966,0.64,NA
1984-12-10,59.882,0.48508,0.40476,0.57396,119.80799999999999,NA,0.64014,399.044,1.35684,1.17134,3.79984,518.862,13.1282,1.05336,19.1626,5.9471,9.6437,0.638,NA
1984-12-17,59.732,0.4819,0.40708,0.5764,119.14,NA,0.63486,396.96,1.3479400000000001,1.1636,3.77318,515.4599999999999,13.05948,1.04832,19.05048,5.9081,9.55986,0.63,NA
1984-12-24,59.656666666666666,0.4792,0.4098,0.5759666666666666,119,NA,0.6302333333333333,395.81666666666666,1.3412666666666666,1.1606333333333334,3.757433333333333,512.57,13.0023,1.0431000000000001,18.939600000000002,5.9229,9.4831,0.6266666666666667,NA
1984-12-31,59.55,0.47285,0.41159999999999997,0.58135,119.125,NA,0.6242,391.59000000000003,1.3318500000000002,1.16155,3.697,510.44,12.885200000000001,1.04005,18.679949999999998,5.8538499999999996,9.3071,0.63,NA
1985-01-07,59.542,0.47186,0.4125,0.58038,119.774,NA,0.62286,391.456,1.3291,1.16696,3.68106,509.372,12.8771,1.03832,18.61392,5.93694,9.19604,0.63,NA
1985-01-14,59.424,0.46934,0.41932,0.57448,119.446,NA,0.62286,390.154,1.32196,1.17028,3.66104,506.656,12.84488,1.03274,18.47038,5.9456,8.97006,0.622,NA
1985-01-21,59.3675,0.46950000000000003,0.418775,0.577,119.075,NA,0.621425,389.86,1.322425,1.167225,3.66035,506.8275,12.8408,1.033125,18.4185,5.948575,8.57775,0.6225,NA
1985-01-28,59.378,0.4693,0.4187,0.57618,119.262,NA,0.6228,389.846,1.32188,1.16834,3.65972,507.372,12.85602,1.03634,18.37216,5.94604,8.60546,0.624,NA
1985-02-04,59.445,0.46242500000000003,0.4142,0.5903,119.84,NA,0.61565,385.5525,1.3025250000000002,1.172375,3.6106249999999998,502.9325,12.83315,1.039275,18.1328,5.912025,8.43745,0.625,NA
1985-02-11,59.366,0.45480000000000004,0.41488,0.60538,118.762,NA,0.6088,380.23,1.29342,1.1603,3.54752,494.642,12.74334,1.0272999999999999,17.83356,5.875,8.291879999999999,0.614,NA
1985-02-18,59.217999999999996,0.44876,0.40946,0.6294,116.386,NA,0.6051,375.918,1.272,1.149,3.49774,488.072,12.56528,1.01576,17.62234,5.82018,8.19992,0.606,NA
1985-02-25,59.092,0.4437,0.41212,0.63064,115.634,NA,0.61252,374.144,1.2659,1.14368,3.46226,483.55,12.52806,1.0062200000000001,17.45076,5.7838,8.12724,0.598,NA
1985-03-04,60.256,0.4504,0.4207,0.64518,117.278,NA,0.63238,381.28000000000003,1.2922799999999999,1.17116,3.51484,494.824,12.748140000000001,1.02592,17.75856,5.90108,8.29298,0.606,NA
1985-03-11,60.282,0.45180000000000003,0.41654,0.65072,117.462,NA,0.6248,382.878,1.29426,1.17056,3.52536,496.36,12.7579,1.02546,17.82892,5.88206,8.4286,0.61,NA
1985-03-18,59.534,0.4519,0.39608,0.64784,115.994,NA,0.62288,384.502,1.28622,1.15756,3.52488,496.47,12.67318,1.01794,17.91448,5.75384,8.32696,0.61,NA
1985-03-25,59.722,0.4592,0.38217999999999996,0.65526,116.836,NA,0.6322,390.888,1.30076,1.1654,3.58176,504.492,12.75804,1.0236,18.20904,5.78388,8.471,0.622,NA
1985-04-01,59.81666666666667,0.46125000000000005,0.37555,0.67825,116.2575,NA,0.6286,393.7,1.3111,1.1674250000000002,3.59775,509.725,12.702675,1.027075,18.284000000000002,5.75505,8.521475,0.605,NA
1985-04-08,58.97,0.451625,0.36745,0.67425,114.3725,NA,0.62115,388.125,1.2872,1.130675,3.522325,499.0875,12.44775,1.0051999999999999,17.891125000000002,5.65315,8.348075,0.5925,NA
1985-04-15,59.08,0.45680000000000004,0.35714,0.69302,113.808,NA,0.62044,391.944,1.29566,1.1186399999999999,3.55316,504.806,12.47138,1.00566,18.1277,5.60584,8.4457,0.598,NA
1985-04-22,59.24,0.45387500000000003,0.36135,0.700725,113.275,NA,0.6178250000000001,391.05,1.2936,1.1271,3.5326999999999997,501.5725,12.431225000000001,1.0065,18.09365,5.607425,8.3894,0.5925,NA
1985-04-29,59.572,0.4541,0.36804,0.69342,114.492,NA,0.6224,393.412,1.29922,1.1272199999999999,3.53408,504.246,12.544039999999999,1.01292,18.13768,5.70166,8.39622,0.596,NA
1985-05-06,59.29,0.4527,0.37406,0.67084,114.636,NA,0.62552,393.316,1.297,1.12448,3.52272,504.31,12.56596,1.00898,18.09216,5.69858,8.36534,0.59,NA
1985-05-13,58.316,0.4529,0.35824,0.6545000000000001,113.454,NA,0.6206,393.162,1.2913999999999999,1.12098,3.5194,504.53,12.43382,1.00302,18.08974,5.6476999999999995,8.37134,0.592,NA
1985-05-20,58.16,0.45164,0.355,0.65596,112.988,NA,0.61954,392.676,1.28704,1.11392,3.51042,503.12600000000003,12.40296,1.00064,18.00506,5.59676,8.34288,0.59,NA
1985-05-27,58.27,0.4495,0.35516,0.66608,112.82000000000001,NA,0.62018,391.564,1.28248,1.11152,3.49332,500.744,12.37472,1.00052,17.89684,5.60526,8.30848,0.59,NA
1985-06-03,57.8875,0.449,0.3526,0.660625,111.62,NA,0.6152500000000001,391.13,1.2848249999999999,1.1059,3.49085,501.71,12.302575,0.99515,17.8792,5.587775000000001,8.2958500000000015,0.5825,NA
1985-06-10,58.108,0.44876,0.35412,0.6658,111.91199999999999,NA,0.61678,391.76,1.28572,1.1083,3.48702,501.44,12.3373,0.99878,17.86962,5.62388,8.29244,0.582,NA
1985-06-17,59.214,0.4622,0.358,0.66752,114.436,NA,0.63402,403.49,1.3256,1.13776,3.58896,516.456,12.637360000000001,1.0342,18.4151,5.7207,8.53682,0.602,NA
1985-06-24,60.894,0.47104,0.36394000000000004,0.7062,116.91199999999999,NA,0.64706,411.764,1.359,1.16852,3.6576400000000002,526.338,12.93288,1.05438,18.83794,5.84464,8.6997,0.612,NA
1985-07-01,61.672,0.4793,0.36508,0.71634,118.742,NA,0.64984,418.84000000000003,1.38282,1.19572,3.72098,535.546,13.130139999999999,1.0699400000000001,19.18626,5.92312,8.85456,0.61,NA
1985-07-08,60.346000000000004,0.47659999999999997,0.34956,0.69286,116.53,NA,0.64874,415.984,1.37228,1.17856,3.6987799999999997,532.528,12.93848,1.0558400000000001,19.09836,5.77138,8.81064,0.604,NA
1985-07-15,61.676,0.4964,0.3545,0.69916,117.966,NA,0.6735,433.288,1.4258600000000001,1.22368,3.8399199999999998,554.6519999999999,13.39888,1.09402,19.88184,5.89502,9.24704,0.632,NA
1985-07-22,63.642,0.5114,0.36388,0.71984,121.99799999999999,NA,0.69614,448.03000000000003,1.4754,1.25504,3.9690600000000003,571.414,13.76786,1.12848,20.6046,6.1060799999999995,9.5455,0.648,NA
1985-07-29,64.54,0.5223,0.36936,0.7263,123.726,NA,0.71086,457.932,1.50894,1.28718,4.05086,583.528,14.0173,1.1455199999999999,21.08728,6.18608,9.73994,0.66,NA
1985-08-05,65.872,0.5284,0.38932,0.74304,125.66199999999999,NA,0.7199,466.23,1.53478,1.30242,4.11338,590.25,14.21928,1.1636600000000001,21.3685,6.34192,9.82824,0.66,NA
1985-08-12,67.61800000000001,0.5455,0.39222,0.76834,129.284,NA,0.7392,481.872,1.58636,1.3411,4.24846,609.35,14.63456,1.20208,22.126540000000002,6.50016,10.1463,0.682,NA
1985-08-19,65.908,0.5317000000000001,0.37926,0.75282,125.726,NA,0.7255199999999999,469.62,1.54904,1.3098,4.1497399999999995,593.9340000000001,14.23796,1.1863,21.54636,6.30494,9.89292,0.666,NA
1985-08-26,66.378,0.5346,0.38098,0.76002,126.49000000000001,NA,0.72988,472.866,1.55934,1.32068,4.17288,597.174,14.46294,1.20292,21.63638,6.35858,9.94602,0.67,NA
1985-09-02,67.56400000000001,0.5373,0.3908,0.77674,128.57,NA,0.7362799999999999,478.004,1.58212,1.33748,4.19836,602.674,14.46768,1.22108,21.73864,6.4798,9.99604,12.088000000000001,NA
1985-09-09,67.124,0.5246999999999999,0.39916,0.77756,127.444,NA,0.71794,468.13800000000003,1.56192,1.31802,4.10066,588.54,14.45532,1.20478,21.21512,6.49894,9.76038,11.806000000000001,NA
1985-09-16,66.7125,0.5252,0.39206,0.771025,127.02,NA,0.72694,468.574,1.5653000000000001,1.3094999999999999,4.10614,589.102,14.34106,1.16226,21.2433,6.45892,9.77966,11.82,NA
1985-09-23,66.264,0.5428000000000001,0.37932,0.7628,123.53,NA,0.73724,484.188,1.61606,1.32872,4.22722,608.846,14.41022,1.1671,21.98562,6.39756,10.113,12.216,NA
1985-09-30,66.972,0.5562,0.39328,0.78168,119.224,NA,0.76,495.85200000000003,1.66432,1.35842,4.31202,623.954,14.65988,1.18758,22.467760000000002,6.641179999999999,10.376,12.514,NA
1985-10-07,69.176,0.5723999999999999,0.40444,0.81342,123.064,NA,0.78364,510.298,1.73788,1.40538,4.45604,642.1460000000001,15.19498,1.22734,23.02364,6.9066,10.69004,12.88,NA
1985-10-14,70.728,0.5851,0.41326,0.8319,125.92399999999999,NA,0.79696,522.12,1.79058,1.4398199999999999,4.56142,656.394,15.57396,1.25332,23.4959,7.07272,10.94662,13.164,NA
1985-10-21,68.888,0.571,0.3988,0.81328,122.934,NA,0.77216,509.796,1.77426,1.40332,4.45106,640.576,15.22242,1.221,22.90346,6.86128,10.6933,12.848,NA
1985-10-28,68.7,0.57075,0.396825,0.81395,120.975,NA,0.78875,509.3075,1.82915,1.397,4.451425,640.3375,15.1445,1.2161,22.909775,6.8818,10.703425,12.8425,NA
1985-11-04,70.01,0.5809,0.4047,0.86112,119.836,NA,0.8003,517.864,1.86438,1.4168,4.55,651.84,15.36002,1.22886,23.26584,7.01262,10.8881,13.072000000000001,NA
1985-11-11,69.31400000000001,0.5751,0.4046,0.8599,117.52,NA,0.78498,512.772,1.84576,1.4014199999999999,4.48672,645.33,15.16498,1.21724,23.00736,6.9979,10.76622,12.940000000000001,NA
1985-11-18,67.312,0.5613,0.39112,0.82768,113.858,NA,0.7769,500.108,1.79952,1.36634,4.38074,629.846,14.746039999999999,1.18232,22.4239,6.79944,10.51586,12.629999999999999,NA
1985-11-25,67.614,0.5704,0.38778,0.82608,114.48,NA,0.79272,507.564,1.8307200000000001,1.38082,4.45026,640.058,14.909600000000001,1.19234,22.74252,6.86308,10.69382,12.836,NA
1985-12-02,67.162,0.5658,0.37474,0.82974,114.83800000000001,NA,0.78744,503.416,1.8159399999999999,1.37174,4.41538,636.36,15.07362,1.20484,22.56176,6.82578,10.63204,12.732,NA
1985-12-09,65.746,0.5516,0.38122,0.8072199999999999,111.932,NA,0.7621600000000001,491.648,1.77038,1.33998,4.30678,620.39,14.75536,1.17214,22.00216,6.7241,10.397260000000001,12.41,NA
1985-12-16,59.732,0.5011,0.3499,0.73308,101.416,NA,0.69342,446.702,1.6083,1.2178200000000001,3.91176,563.594,13.39944,1.06154,20.01548,6.1045,9.50002,11.276,NA
1985-12-23,59.596666666666664,0.499,0.35073333333333334,0.7318,100.95333333333333,NA,0.7013666666666667,444.69,1.6015666666666668,1.2148,3.896533333333333,561.23,13.343233333333332,1.0563666666666667,19.926766666666666,6.0895,9.491333333333333,11.226666666666667,NA
1985-12-30,59.333333333333336,0.5006666666666666,0.34500000000000003,0.7324333333333333,100.18666666666667,NA,0.7009333333333333,445.8,1.6069,1.2157333333333333,3.9253,563.4366666666666,13.3578,1.0577999999999999,19.9741,6.049733333333333,9.523366666666666,11.266666666666667,NA
1986-01-06,60.6175,0.5085999999999999,0.35174,0.743425,102.60799999999999,NA,0.7150799999999999,452.87600000000003,1.63232,1.2374399999999999,3.97054,573.0360000000001,13.57848,1.07796,20.25094,6.18848,9.66884,11.442,NA
1986-01-13,60.386,0.5093,0.35259999999999997,0.73218,103.04,NA,0.71882,453.764,1.6346,1.2463199999999999,3.976,573.824,13.60842,1.08378,20.20486,6.21246,9.69072,11.459999999999999,NA
1986-01-20,61.1025,0.5165,0.3681,0.729725,104.20750000000001,NA,0.7278249999999999,460.26750000000004,1.6577,1.272575,4.033475,581.935,13.794450000000001,1.102775,20.439225,6.3852,9.8432,11.622499999999999,NA
1986-01-27,61.968,0.5304,0.37736000000000003,0.74158,103.078,NA,0.75558,471.788,1.70232,1.30738,4.14018,597.596,14.11178,1.13406,20.896620000000002,6.54606,10.12526,11.936,NA
1986-02-03,62.1625,0.531875,0.38127500000000003,0.7573000000000001,101.505,NA,0.754625,472.37,1.70875,1.31165,4.151675,599.5550000000001,14.139875,1.1354250000000001,20.937224999999998,6.643075,10.183425,11.967500000000001,NA
1986-02-10,62.778,0.5394,0.38318,0.77996,100.58,NA,0.75474,478.45,1.7346599999999999,1.3269600000000001,4.21068,608.038,14.31036,1.15024,21.20602,6.72198,10.54302,12.138,NA
1986-02-17,61.322,0.535,0.37306,0.75904,96.368,NA,0.74358,473.668,1.72052,1.32304,4.17556,603.078,14.147,1.1492,20.97532,6.59242,11.35234,12.04,NA
1986-02-24,59.722,0.5242,0.35522,0.74254,94.76,NA,0.73576,463.632,1.68578,1.3009,4.09,590.902,13.84214,1.12674,20.47822,6.37328,11.550040000000001,11.796,NA
1986-03-03,59.598,0.5307,0.35744,0.74058,92.974,NA,0.73544,469.288,1.70666,1.33212,4.1434,598.168,14.00572,1.14486,20.78962,6.5096799999999995,11.2724,11.943999999999999,NA
1986-03-10,60.048,0.5265,0.36096,0.7474000000000001,94.406,NA,0.73508,465.8,1.69384,1.3274000000000001,4.11268,593.436,13.91332,1.1391,20.60724,6.46532,10.84512,11.846,NA
1986-03-17,60.062,0.5314,0.35858,0.74694,93.272,NA,0.74074,469.734,1.71062,1.34504,4.15226,598.956,14.01304,1.14986,20.72016,6.48832,10.96668,11.958,NA
1986-03-24,60.6,0.5335000000000001,0.360025,0.74095,95.245,NA,0.747425,471.8025,1.7213,1.3723,4.1693,601.3225,14.11905,1.15915,20.714525,6.556675,10.9909,12.0025,NA
1986-03-31,62.65,0.545125,0.37185,0.758425,97.23,NA,0.764575,482.7375,1.760125,1.44165,4.2573,612.8725,14.4405,1.19005,21.153525000000002,6.7773,11.180925,12.265,NA
1986-04-07,62.626,0.5483,0.37318,0.7619,98.41,NA,0.76248,486.19,1.76752,1.44932,4.282,616.444,14.54972,1.2044,21.24886,6.87566,11.24356,12.338000000000001,NA
1986-04-14,62.326,0.5503,0.36836,0.7671399999999999,97.382,NA,0.77048,487.588,1.7683200000000001,1.41,4.29082,618.692,14.5764,1.20014,21.2724,6.8270599999999995,11.28368,12.384,NA
1986-04-21,63.375,0.569,0.372725,0.783925,96.6425,NA,0.7994,503.3925,1.823,1.451625,4.427925,639.7175,14.96875,1.2443,21.974775,6.99415,11.6648,12.8025,NA
1986-04-28,63.986,0.5798,0.37576,0.7850199999999999,97.228,NA,0.80018,513.2860000000001,1.85564,1.49728,4.51398,652.2080000000001,15.24742,1.27328,22.37452,7.13374,11.8859,13.046,NA
1986-05-05,63.866,0.5805,0.37622,0.78424,95.76,NA,0.8042600000000001,514.47,1.85644,1.49202,4.52826,653.526,15.255419999999999,1.27842,22.37592,7.16906,11.90028,13.06,NA
1986-05-12,62.816,0.5727,0.37102,0.7849999999999999,92.706,NA,0.77788,507.252,1.82894,1.4817,4.47252,644.746,15.03298,1.26606,22.0487,7.0713800000000004,11.74036,12.886,NA
1986-05-19,61.762,0.5532,0.36488,0.7678,92.848,NA,0.7603,491.022,1.7726600000000001,1.4479,4.32282,622.792,14.580119999999999,1.2326,21.23344,6.91734,11.3406,12.448,NA
1986-05-26,62.706,0.5591,0.37274,0.77416,94.798,NA,0.7662,497.098,1.79554,1.4719,4.36746,629.436,14.77826,1.24674,21.4134,7.0827599999999995,11.46212,12.584,NA
1986-06-02,62.9975,0.5571250000000001,0.373075,0.793625,95.4425,NA,0.780225,495.6275,1.7918,1.4613749999999999,4.352675,629.6,14.747225,1.24135,21.273825,7.068525,11.42535,12.5375,NA
1986-06-09,62.264,0.5555,0.36548,0.79972,92.496,NA,0.7714,493.622,1.78212,1.4522,4.33836,627.766,14.65768,1.23428,21.197879999999998,6.95274,11.4076,12.502,NA
1986-06-16,59.666,0.5324,0.35196,0.76162,88.444,NA,0.74178,472.804,1.70978,1.3957,4.1575,601.66,14.0394,1.18464,20.31108,6.70932,10.9556,11.978,NA
1986-06-23,59.702,0.5295,0.34864,0.7814800000000001,87.93,NA,0.74062,470.07,1.69978,1.39276,4.13562,598.384,13.96498,1.17344,20.20044,6.66414,10.894639999999999,11.914,NA
1986-06-30,60.917500000000004,0.54052,0.35056,0.82646,88.092,NA,0.74282,478.79400000000004,1.7595,1.41748,4.22178,610.958,14.244625,1.18675,20.66255,6.69822,11.10904,12.164,61.65
1986-07-07,60.356,0.53354,0.34792,0.84034,85.396,NA,0.73436,472.13,1.98098,1.40792,4.168340000000001,603.1,13.9926,1.1667399999999999,20.33856,6.6296800000000005,10.92236,12.004,61.04
1986-07-14,60.256,0.53368,0.35552,0.83384,84.724,NA,0.7333,472.40000000000003,1.9815,1.42004,4.1705,603.258,13.98774,1.1668399999999999,20.3439,6.69126,10.9034,12.008,60.94
1986-07-21,60.56,0.53638,0.35934,0.85622,83.694,NA,0.73942,474.404,1.99154,1.4269399999999999,4.1916,606.308,14.0295,1.17356,20.44682,6.734859999999999,10.957180000000001,12.068000000000001,61.26
1986-07-28,59.292,0.52146,0.35088,0.86628,81.092,NA,0.7234,461.478,1.93614,1.37322,4.07168,589.464,13.64134,1.13568,19.86872,6.5568,10.65104,11.734,60.18
1986-08-04,58.542,0.51866,0.35087999999999997,0.8485,79.902,NA,0.71268,458.494,1.92572,1.35682,4.04484,586.376,13.54224,1.12674,19.61992,6.51542,10.59146,11.67,59.44
1986-08-11,56.314,0.5,0.33634,0.81642,76.898,NA,0.69072,441.59,1.85648,1.314,3.8968,565.28,13.04598,1.07946,18.72,6.281,10.21,11.25,57.160000000000004
1986-08-18,55.544000000000004,0.4949,0.33016,0.80026,75.942,NA,0.68978,436.27,1.83752,1.28384,3.86308,559.514,12.89442,1.0640399999999999,18.4084,6.23078,10.10742,11.134,56.32
1986-08-25,55.366,0.49019999999999997,0.3311,0.8064399999999999,75.83800000000001,NA,0.68318,431.74,1.82006,1.27758,3.82648,554.2,12.79912,1.05704,18.157980000000002,6.1579,10.0306,11.03,56.28
1986-09-01,54.836,0.48438,0.32408000000000003,0.79256,74.83,NA,0.67184,426.042,1.7984799999999999,1.26014,3.77914,695.666,12.64666,1.0444200000000001,17.91292,6.0866999999999996,9.9255,10.9,55.38
1986-09-08,53.967999999999996,0.47478,0.32064,0.7733599999999999,73.866,NA,0.6593,417.72200000000004,1.7628,1.23766,3.70528,681.878,12.42024,1.0323,17.528859999999998,5.99456,9.74924,10.684000000000001,54.48
1986-09-15,53.704,0.47552,0.3218,0.76296,73.694,NA,0.6598,417.934,1.76556,1.24962,3.7107,682.942,12.41684,1.02894,17.5291,6.03534,9.76292,10.698,54.18
1986-09-22,54.251999999999995,0.4802,0.33161999999999997,0.76322,74.058,NA,0.66582,421.922,1.78508,1.26094,3.7472,689.664,12.539959999999999,1.04352,17.677059999999997,6.11584,9.84278,10.804,54.72
1986-09-29,55.76,0.49296,0.3423,0.78386,75.868,NA,0.68722,432.46000000000004,1.8357999999999999,1.29546,3.84688,766.6320000000001,12.86432,1.07044,18.12604,6.307,10.07746,11.092,56.18
1986-10-06,57.13,0.50578,0.35364,0.79558,78.068,NA,0.7025399999999999,442.966,1.88352,1.32776,3.94418,826.034,13.19886,1.09816,18.56364,6.46488,10.33714,11.378,57.52
1986-10-13,56.54,0.50222,0.35000000000000003,0.78506,77.44,NA,0.69706,439.038,1.87026,1.31654,3.91742,820.2199999999999,13.09794,1.0911,18.41114,6.4264,10.26406,11.3,56.96
1986-10-20,57.034,0.50442,0.35254,0.78944,78.672,NA,0.70122,440.842,1.8784399999999999,1.32472,3.93546,823.812,13.17046,1.10016,18.46274,6.49198,10.30834,11.35,57.46
1986-10-27,57.865,0.507275,0.35955,0.790125,81.3125,NA,0.7031499999999999,443.095,1.8928749999999999,1.330725,3.956625,828.4775,13.3071,1.110875,18.539025,6.562875,10.366675,11.415,58.35
1986-11-03,58.114,0.507,0.35678,0.7903600000000001,82.788,NA,0.70312,442.546,1.89182,1.3303,3.95592,835.472,13.34116,1.11346,18.51054,6.5738,10.361040000000001,11.406,58.62
1986-11-10,58.928000000000004,0.51716,0.36092,0.8018000000000001,83.682,NA,0.7166,449.476,1.92974,1.35262,4.0349,852.218,13.57234,1.13276,18.85878,6.76134,10.5687,11.636,59.44
1986-11-17,58.984,0.51686,0.36348,0.80318,84.146,NA,0.71488,448.676,1.9286,1.34778,4.03018,851.722,13.57894,1.13238,18.81368,6.79256,10.56254,11.629999999999999,59.559999999999995
1986-11-24,58.926,0.51744,0.36362,0.7985599999999999,84.46,NA,0.7160799999999999,448.942,1.93078,1.34728,4.03064,852.68,13.5942,1.13352,18.79248,6.7878,10.5744,11.642,59.56
1986-12-01,57.372,0.50644,0.35334,0.77664,82.116,NA,0.6948,437.928,1.88974,1.3141,3.94282,836.274,13.28088,1.1098,18.36344,6.6536,10.36476,11.394,57.98
1986-12-08,57.3,0.5041,0.35358,0.7701,81.956,NA,0.69472,436.772,1.881,1.30748,3.92802,832.408,13.24474,1.1058,18.24432,6.64204,10.33448,11.342,57.84
1986-12-15,58.678,0.5172800000000001,0.36125999999999997,0.7793,84.592,NA,0.71416,448.128,1.9302000000000001,1.34432,4.03302,854.174,13.59824,1.13476,18.6313,6.80636,10.633,11.638,59.2
1986-12-22,58.92333333333333,0.5223,0.36136666666666667,0.7829333333333334,84.92333333333333,NA,0.7218333333333333,450.29333333333335,1.9489,1.3566,4.0723666666666665,862.4633333333334,13.686033333333334,1.1429666666666667,18.7001,6.856066666666667,10.732966666666666,11.753333333333334,59.43333333333333
1986-12-29,58.65,0.5227666666666666,0.35713333333333336,0.7879333333333334,83.46333333333334,NA,0.7271,450.23333333333335,1.9506666666666668,1.3595333333333333,4.0746,863.2333333333333,13.675666666666666,1.1384999999999998,18.613933333333335,6.863933333333334,10.7324,11.763333333333334,59.166666666666664
1987-01-05,59.754,0.5355800000000001,0.36234,0.80304,84.814,NA,0.73792,461.00600000000003,1.99846,1.3942999999999999,4.16908,873.634,13.9722,1.1628,19.004459999999998,6.99576,10.97556,12.05,60.2
1987-01-12,58.910000000000004,0.5315,0.35618,0.81282,82.486,NA,0.72328,456.56,1.9832400000000001,1.36812,4.1286000000000005,866.978,13.83082,1.14282,18.79184,6.92016,10.87594,11.959999999999999,59.519999999999996
1987-01-19,58.766,0.53454,0.35002,0.8136,81.788,NA,0.72968,458.582,1.99458,1.3658000000000001,4.14802,871.936,13.8542,1.14358,18.8168,6.9661800000000005,10.92236,12.028,60.18
1987-01-26,59.172000000000004,0.54134,0.35287999999999997,0.81864,82.332,NA,0.7267,464.098,2.01996,1.37518,4.20394,883.028,14.0132,1.15684,19.01202,7.03208,11.07094,12.18,59.739999999999995
1987-02-02,59.42,0.5428333333333333,0.3567,0.8188,82.9,NA,0.7237666666666667,465.1,2.0255,1.3763666666666667,4.2218,889.93,14.062966666666666,1.1598333333333333,19.057533333333332,7.076766666666667,11.1272,12.213333333333333,60.025
1987-02-09,59.682,0.54412,0.35856,0.81754,83.634,NA,0.73004,466.136,2.03034,1.38714,4.24164,892.04,14.11122,1.166,19.06706,7.10406,11.17222,12.242,60.3
1987-02-16,59.918,0.54592,0.35772,0.8251,83.778,NA,0.72932,467.48,2.03706,1.3927,4.25872,894.994,14.161719999999999,1.16962,19.12634,7.13084,11.2037,12.282,60.48
1987-02-23,60.618,0.55378,0.35972,0.82946,85.016,NA,0.73952,473.724,2.06636,1.40116,4.3189400000000004,907.878,14.36944,1.18436,19.41004,7.2224,11.36158,12.462,61.2
1987-03-02,61.1,0.5609799999999999,0.35822,0.82702,86.14,NA,0.74714,479.616,2.09326,1.41506,4.37598,924.006,14.52712,1.20038,19.6551,7.30506,11.53352,12.622,61.76
1987-03-09,61.75,0.567375,0.357575,0.8297749999999999,87.23,NA,0.755225,484.89250000000004,2.1170999999999998,1.437025,4.427925,934.5375,14.72765,1.21815,19.7657,7.34325,11.67545,12.765,62.120000000000005
1987-03-16,60.88,0.5627,0.35236,0.82228,85.456,NA,0.73848,479.538,2.09966,1.4202,4.39062,926.84,14.5717,1.20602,19.45728,7.25662,11.57354,12.662,61.28
1987-03-23,60.475,0.5629,0.349875,0.814375,84.185,NA,0.73725,478.0125,2.1004,1.418325,4.3911750000000005,927.17,14.542475,1.2048,19.373575,7.220575,11.565925,12.665,60.800000000000004
1987-03-30,60.634,0.5696,0.35468,0.8086,83.37,NA,0.74476,482.438,2.1254,1.42924,4.4431,936.336,14.6752,1.21736,19.53606,7.37418,11.6953,12.814,60.76
1987-04-06,60.836,0.57376,0.35431999999999997,0.80692,83.26,NA,0.74938,484.574,2.14092,1.43106,4.47728,941.93,14.77084,1.22744,19.608159999999998,7.37512,11.76646,12.91,60.88
1987-04-13,60.89,0.5794,0.35555000000000003,0.8041,82.3375,NA,0.76395,486.9975,2.161975,1.435975,4.520925,951.1899999999999,14.874625,1.237725,19.724224999999997,7.438025,11.8848,13.0325,60.85
1987-04-20,61.095,0.5801499999999999,0.354675,0.81935,82.0425,NA,0.771425,486.37,2.164775,1.437325,4.525475,952.42,14.89095,1.237375,19.468175,7.4288,11.893925,13.0525,61.075
1987-04-27,60.926,0.58168,0.35058,0.82402,81.244,NA,0.77568,485.694,2.17048,1.4393,4.53882,954.942,14.88632,1.23566,19.29222,7.36872,11.91654,13.088,60.92
1987-05-04,59.8525,0.573825,0.340825,0.8105249999999999,79.6525,NA,0.770375,477.60749999999996,2.141175,1.4177,4.47995,942.0875,14.68135,1.21825,18.80435,7.2331,11.751925,12.91,59.92
1987-05-11,60.31,0.57724,0.34562,0.80946,80.81,NA,0.7713800000000001,479.8,2.1539,1.4264,4.50558,947.696,14.78428,1.22482,18.75796,7.31478,11.82138,12.988,60.26
1987-05-18,60.33,0.57976,0.34454,0.80442,81.118,NA,0.77892,478.57,2.1633199999999997,1.43224,4.52422,951.8340000000001,14.85112,1.22658,18.65332,7.31076,11.86872,13.048,60.24
1987-05-25,60.578,0.5763199999999999,0.35096,0.80568,82.152,NA,0.77254,474.852,2.1505,1.43716,4.4994,946.184,14.821720000000001,1.22132,18.3046,7.37214,11.79496,12.966,60.6
1987-06-01,60.9975,0.578425,0.3544,0.809175,83.305,NA,0.77615,475.1925,2.15835,1.4444,4.515475,951.595,14.897275,1.223325,18.172674999999998,7.41685,11.836625,13.015,61.1
1987-06-08,61.336,0.58412,0.35396,0.81616,83.36,NA,0.78546,476.322,2.1796,1.45408,4.56058,960.964,15.02232,1.23294,18.24662,7.44392,11.94746,13.142,61.38
1987-06-15,62.562,0.59324,0.36282,0.8247599999999999,85.724,NA,0.79584,482.16,2.2136,1.49068,4.63178,975.966,15.2973,1.25812,18.4723,7.62194,12.13352,13.348,62.62
1987-06-22,62.625,0.591525,0.368225,0.823275,86.2825,NA,0.78555,479.8875,2.207225,1.492575,4.618625,973.1475,15.284975,1.2544499999999998,18.4127,7.620425,12.0989,13.31,62.660000000000004
1987-06-29,62.9,0.59346,0.36812,0.82448,87.208,NA,0.7889,479.87,2.21442,1.4998799999999999,4.63422,976.332,15.33618,1.25832,18.47322,7.65562,12.13982,13.352,63.04
1987-07-06,63.698,0.5965,0.36876,0.83982,89.354,NA,0.79276,482.15,2.22576,1.5138,4.65784,981.334,15.46842,1.2663200000000001,18.56906,7.70918,12.202,13.42,63.94
1987-07-13,64.466,0.60258,0.37234,0.85108,90.92,NA,0.79656,486.836,2.24848,1.53098,4.7059,991.334,15.64176,1.2768599999999999,18.760759999999998,7.828720000000001,12.32386,13.558,64.76
1987-07-20,65.098,0.60634,0.37836,0.85692,92.042,NA,0.80342,489.984,2.2625,1.5457,4.73466,997.522,16.0186,1.28456,18.87416,7.93216,12.39734,13.644,65.44
1987-07-27,62.238,0.58004,0.36266,0.82742,87.1,NA,0.77206,468.64799999999997,2.16436,1.47628,4.5290799999999996,954.254,15.07054,1.2249,18.015719999999998,7.59846,11.85742,13.054,62.56
1987-08-03,61.778,0.57334,0.36292,0.81908,86.608,NA,0.7588,463.452,2.1393400000000002,1.46112,4.47698,940.826,14.91828,1.21122,17.55912,7.51532,11.7191,12.902000000000001,62.120000000000005
1987-08-10,62.498,0.57946,0.36826,0.82496,87.81,NA,0.76954,468.596,2.1622,1.47532,4.52628,950.872,15.09144,1.22154,17.5378,7.5909,11.84232,13.036,62.88
1987-08-17,63.364,0.5967,0.37082,0.8393400000000001,87.214,NA,0.79476,482.204,2.22652,1.51158,4.66024,979.162,15.455400000000001,1.2567,17.9905,7.7989,12.19382,13.426,63.58
1987-08-24,63.466,0.60328,0.37113999999999997,0.8459,85.92999999999999,NA,0.79726,487.236,2.2511,1.52064,4.71246,989.958,15.5489,1.27116,18.18648,7.88122,12.330919999999999,13.576,63.620000000000005
1987-08-31,64.28,0.6141800000000001,0.37384,0.8559,86.83200000000001,NA,0.80972,495.83799999999997,2.29174,1.54256,4.79474,1010.102,15.838560000000001,1.28998,18.51876,7.96692,12.5939,13.82,64.42
1987-09-07,64.95400000000001,0.62234,0.37668,0.8574,88.39,NA,0.81894,501.942,2.3222,1.56232,4.85376,1024.088,16.000980000000002,1.30038,18.76296,8.04932,12.83602,14.004,65.06
1987-09-14,66.292,0.6332,0.38504,0.86588,90.99,NA,0.83744,510.60999999999996,2.36272,1.59672,4.93924,1041.9560000000001,16.3125,1.32398,19.08974,8.22522,13.07066,14.248,66.36
1987-09-21,67.328,0.6431,0.39094,0.8799,92.382,NA,0.84744,518.352,2.39968,1.6223,5.01952,1058.246,16.56752,1.34468,19.392020000000002,8.368,13.248,14.47,67.42
1987-09-28,68.41,0.6478200000000001,0.3976,0.89944,94.548,NA,0.8481,521.996,2.41726,1.64132,5.05804,1066.982,16.73962,1.35642,19.52016,8.4904,13.3478,81.362,68.6
1987-10-05,69.58,0.65962,0.40342,0.9160200000000001,96.296,NA,0.8592,531.648,2.4613,1.67872,5.15034,1087.9099999999999,17.05112,1.3837,19.80708,8.62516,13.63796,185.518,69.78
1987-10-12,68.298,0.65224,0.39466,0.90204,93.432,NA,0.84868,525.316,2.43378,1.65188,5.09088,1075.7379999999998,16.81744,1.36612,19.58678,8.517,13.52096,183.442,68.2
1987-10-19,67.752,0.64648,0.3894,0.9017,92.628,NA,0.84978,520.1220000000001,2.41228,1.6345,5.04744,1066.24,16.66874,1.35042,19.41378,8.42102,13.40154,181.824,67.92
1987-10-26,62.6425,0.600575,0.35162499999999997,0.870775,84.055,NA,0.787525,481.97,2.240975,1.5107,4.68825,990.5275,15.4145,1.245275,18.032325,7.804425,12.448275,168.91,62.9
1987-11-02,63.324,0.61194,0.34934,0.90146,83.45400000000001,NA,0.8067,489.854,2.2834,1.5305,4.77802,1008.632,15.6359,1.2587000000000002,18.35428,7.93776,12.69832,172.10999999999999,63.58
1987-11-09,63.742,0.62026,0.34824,0.90918,83.66,NA,0.81806,495.506,2.31444,1.54992,4.84128,1022.344,15.79868,1.27026,18.52978,8.0232,12.90122,174.448,63.959999999999994
1987-11-16,63.462,0.6172,0.34966,0.8923,83.822,NA,0.81228,492.722,2.30302,1.54378,4.8087,1017.3,15.74472,1.25944,18.38756,8.03576,12.85864,173.58599999999998,63.64
1987-11-23,63.85,0.62632,0.34994000000000003,0.9083600000000001,84.456,NA,0.8197800000000001,499.262,2.33704,1.56348,4.87572,1032.332,15.94276,1.27422,18.5581,8.13846,13.08018,176.152,64.36
1987-11-30,65.4925,0.64456,0.35544,0.91936,85.606,NA,0.84558,513.096,2.4051199999999997,1.6096599999999999,5.00606,1063.63,16.3589,1.30796,18.98618,8.3484,13.4488,181.284,65.46
1987-12-07,64.8375,0.64086,0.35486,0.91198,84.406,NA,0.83566,509.778,2.3912999999999998,1.59982,4.9847,1057.828,16.24444,1.29952,18.76174,8.32086,13.33768,180.242,64.94
1987-12-14,64.44999999999999,0.6475,0.3523,0.9033800000000001,82.34400000000001,NA,0.84438,514.756,2.41608,1.61084,5.02708,1068.788,16.32216,1.29728,18.66344,8.35922,13.46748,182.11,64.4
1987-12-21,64.65333333333334,0.6487,0.3546,0.911,82.14,NA,0.84695,515.36,2.42055,1.62045,5.04395,1070.7725,16.327725,1.29935,18.55605,8.416925,13.4918,182.45,64.625
1987-12-28,64.74333333333334,0.658,0.35336666666666666,0.9125,81.17,NA,0.8583000000000001,521.4,2.4552666666666667,1.6393,5.110266666666666,1086.1233333333334,16.507033333333332,1.3149,18.8188,8.453100000000001,13.6864,185.06333333333333,64.56666666666666
1988-01-04,64.7975,0.647725,0.354875,0.914525,82.655,NA,0.832975,512.8375,2.41695,1.6392,5.03805,1073.85,16.340075,1.31615,18.516875,8.451,13.47285,182.175,64.775
1988-01-11,65.758,0.6577,0.36104,0.92626,83.798,NA,0.84354,519.1419999999999,2.45414,1.66604,5.11664,1090.386,16.58588,1.33402,18.82086,8.5712,13.70784,184.976,65.72
1988-01-18,66.494,0.65974,0.3704,0.9286,84.974,NA,0.84964,518.764,2.46176,1.682,5.14082,1093.77,16.68676,1.33938,18.89896,8.60672,13.77038,185.552,66.46
1988-01-25,67.12,0.66836,0.3758,0.9354,85.214,NA,0.85344,523.648,2.49394,1.70806,5.20868,1108.062,16.88146,1.35178,19.15252,8.720740000000001,13.95002,187.976,67.04
1988-02-01,67.234,0.66654,0.3778,0.9365600000000001,85.59,NA,0.84768,520.338,2.48712,1.71196,5.19806,1107.286,16.85954,1.34812,19.10838,8.71424,13.90562,187.464,67.16
1988-02-08,66.806,0.66042,0.37688,0.92888,85.312,NA,0.8354199999999999,513.766,2.4643,1.70394,5.15126,1097.116,16.72712,1.33404,18.9316,8.63296,13.76634,185.744,66.76
1988-02-15,67.396,0.6644,0.38082,0.93062,86.69,NA,0.84312,512.99,2.47916,1.72106,5.17658,1103.726,16.85782,1.34168,19.04172,8.69302,13.87964,186.864,67.38
1988-02-22,66.926,0.6640199999999999,0.3765,0.92456,85.58,NA,0.8417,507.992,2.47772,1.7178200000000001,5.17644,1103.096,16.81962,1.33712,19.03348,8.65216,13.952399999999999,186.758,66.86
1988-02-29,66.68,0.6633,0.37432,0.91938,85.328,NA,0.8321,504.726,2.47508,1.71238,5.1732000000000005,1101.428,16.78018,1.33686,19.022100000000002,8.66534,13.93992,186.556,66.6
1988-03-07,66.838,0.67002,0.36728,0.91864,85.866,NA,0.84094,507.76,2.5000999999999998,1.71762,5.22672,1112.47,16.92736,1.3493600000000001,19.220200000000002,8.64992,14.0932,188.44400000000002,66.68
1988-03-14,66.588,0.66912,0.36224,0.9146,85.344,NA,0.83828,504.386,2.49674,1.7170800000000002,5.21712,1110.974,16.8819,1.34888,19.19706,8.6477,14.0818,188.19,66.32000000000001
1988-03-21,65.676,0.66174,0.36042,0.89408,83.928,NA,0.81956,496.604,2.4692,1.70182,5.16542,1098.72,16.6892,1.33348,18.985319999999998,8.6132,13.90926,186.11599999999999,65.36
1988-03-28,64.055,0.6488499999999999,0.34857499999999997,0.881375,81.01249999999999,NA,0.8042,484.33,2.421125,1.663525,5.063325,1077.3175,16.316975,1.30085,18.6155,8.4302,13.636225,182.4875,63.75
1988-04-04,64.3875,0.652575,0.347425,0.882375,81.695,NA,0.811975,485.1,2.435,1.6834,5.094475,1086.9825,16.422075,1.307925,18.715875,8.565025,13.709800000000001,183.5375,64
1988-04-11,65.204,0.65988,0.35494,0.8866,83.03,NA,0.81654,490.12,2.4622800000000002,1.70012,5.15314,1099.1499999999999,16.62762,1.32464,18.93858,8.717,13.86302,185.592,64.84
1988-04-18,65.082,0.66342,0.35044,0.88568,82.4,NA,0.81858,491.314,2.47548,1.70524,5.1825,1105.048,16.68502,1.3289,19.04014,8.723980000000001,13.96296,186.588,64.64
1988-04-25,65.9625,0.67225,0.35845,0.8889750000000001,83.8,NA,0.8235,497.7075,2.508425,1.732225,5.25465,1119.7525,16.9205,1.34745,19.293599999999998,8.892175,14.149325000000001,189.07,65.525
1988-05-02,66.874,0.68114,0.36497999999999997,0.89112,85.168,NA,0.8426,503.952,2.54162,1.75858,5.32432,1137.878,17.1416,1.36548,19.52824,9.0455,14.30448,191.572,66.28
1988-05-09,67.354,0.6887,0.36632,0.89188,85.768,NA,0.85104,507.43399999999997,2.56982,1.7789,5.38068,1150.506,17.32494,1.38152,19.73814,9.13354,14.440959999999999,193.696,66.7
1988-05-16,67.554,0.68936,0.36788,0.89238,86.158,NA,0.8512,506.61,2.57228,1.7840200000000002,5.38556,1151.61,17.35806,1.38802,19.75984,9.17674,14.43892,193.882,66.9
1988-05-23,68.048,0.6976,0.37396,0.87942,86.858,NA,0.86412,511.41,2.603,1.80358,5.45174,1165.378,17.5586,1.4072,20.0002,9.32972,14.59768,196.202,67.22
1988-05-30,68.206,0.698,0.38142,0.8636,87.562,NA,0.85806,511.65,2.60452,1.80682,5.45418,1169.254,17.60078,1.41104,20.01166,9.43008,14.587620000000001,196.314,67.28
1988-06-06,68.32249999999999,0.698475,0.385,0.868475,87.53999999999999,NA,0.8541000000000001,509.7475,2.6063,1.7997,5.456300000000001,1172.175,17.603275,1.409025,20.025275,9.492275,14.60195,196.4475,67.45
1988-06-13,69.342,0.70634,0.39239999999999997,0.87788,88.752,NA,0.85968,514.668,2.63564,1.82166,5.51326,1185.374,17.81954,1.43054,20.25502,9.68814,14.78936,198.66,68.42
1988-06-20,70.518,0.71674,0.4038,0.87024,91.318,NA,0.86328,522.144,2.67444,1.85216,5.5913,1202.826,18.12314,1.45728,20.58746,9.9593,15.03482,201.586,69.48
1988-06-27,68.606,0.6836,0.3994,0.85088,90.41,NA,0.82314,498.018,2.55076,1.7822,5.33368,1148.85,17.4111,1.39814,19.749579999999998,9.64306,14.370659999999999,192.26399999999998,67.78
1988-07-04,68.658,0.67896,0.39852,0.86004,90.686,NA,0.82434,494.01800000000003,2.53346,1.77978,5.30554,1147.68,17.33092,1.39152,19.58976,9.548359999999999,14.2615,190.958,67.88
1988-07-11,67.472,0.66754,0.39438,0.84036,88.78,NA,0.8033,484.648,2.49086,1.75332,5.2182,1128.376,17.03952,1.3687799999999999,19.17852,9.39618,14.03014,187.744,66.7
1988-07-18,66.55199999999999,0.6588,0.38834,0.81928,88.014,NA,0.7928,477.828,2.45824,1.73194,5.14708,1113.604,16.83876,1.3470199999999999,18.89436,9.26006,13.858740000000001,185.288,65.66
1988-07-25,67.054,0.66744,0.38664,0.82556,88.166,NA,0.8068,483.16,2.4905,1.75574,5.21004,1128.206,17.01158,1.36116,19.139499999999998,9.4175,14.04372,187.716,66.03999999999999
1988-08-01,67.06,0.66412,0.38826,0.82628,88.288,NA,0.7992,480.39799999999997,2.4781,1.75316,5.18424,1126.6680000000001,16.96826,1.35972,19.04694,9.41056,13.97826,186.786,66.04
1988-08-08,68.162,0.67154,0.39578,0.83988,89.938,NA,0.81458,485.846,2.50578,1.77818,5.24042,1139.254,17.182019999999998,1.37216,19.254379999999998,9.51706,14.13164,188.87,67.18
1988-08-15,66.272,0.65518,0.38402000000000003,0.81452,87.356,NA,0.8002,473.618,2.4447200000000002,1.7348999999999999,5.1133,1111.5,16.73584,1.33534,18.78402,9.28512,13.79886,184.268,65.24
1988-08-22,64.394,0.63636,0.37738,0.78062,85.20400000000001,NA,0.78332,459.628,2.37452,1.6927,4.96626,1079.572,16.267960000000002,1.29696,18.24956,9.0873,13.41154,178.978,63.3
1988-08-29,61.614999999999995,0.60595,0.360425,0.75505,82.115,NA,0.74885,437.495,2.26105,1.621475,4.7295,1029.74,15.50005,1.2383250000000001,17.46345,8.704274999999999,12.788499999999999,424.5625,60.559999999999995
1988-09-05,62.78,0.61938,0.36528,0.77146,83.44200000000001,NA,0.76798,446.522,2.31114,1.64364,4.83614,1054.386,15.82566,1.263,17.86974,8.92024,13.12462,696.802,61.86
1988-09-12,62.61,0.61778,0.36554,0.77398,82.516,NA,0.75482,444.774,2.3052,1.64018,4.82498,1051.658,15.76694,1.2613,17.85866,8.92432,13.12506,695.002,61.7
1988-09-19,62.3625,0.6121,0.364425,0.7789,82.05,NA,0.745275,440.575,2.28395,1.6321750000000002,4.779725,1041.99,15.628425,1.24865,17.737125,8.901499999999999,13.016625,688.615,61.64
1988-09-26,62.972,0.61662,0.36762,0.78766,82.952,NA,0.75076,443.574,2.30086,1.65048,4.82122,1049.684,15.7645,1.25868,17.86964,8.97922,13.14152,693.698,62.160000000000004
1988-10-03,62.27,0.61352,0.36174,0.7761399999999999,81.906,NA,0.74124,440.574,2.2892799999999998,1.64708,4.7938,1048.972,15.65826,1.25134,17.779799999999998,8.93898,13.08368,690.212,61.4
1988-10-10,62.59,0.62445,0.36205,0.775425,81.295,NA,0.75505,445.415,2.330075,1.67585,4.88055,1067.66,15.865549999999999,1.267175,18.094225,9.135825,13.335025,702.5074999999999,61.56
1988-10-17,61.412,0.6200399999999999,0.35356,0.76112,78.87599999999999,NA,0.74552,438.67,2.31362,1.65992,4.8440199999999995,1060.12,15.68572,1.24978,17.8672,9.14308,13.25774,697.548,60.34
1988-10-24,61.565,0.624575,0.35567499999999996,0.76045,79.005,NA,0.752375,439.165,2.3305499999999997,1.6690749999999999,4.8781,1067.8700000000001,15.781425,1.2507,17.9494,9.271875000000001,13.3606,702.6475,60.475
1988-10-31,61.410000000000004,0.6261800000000001,0.3528,0.75926,78.268,NA,0.7652,438.002,2.33654,1.67878,4.89098,1070.548,15.79128,1.24816,17.72408,9.33514,13.39338,704.454,60.24
1988-11-07,61.656,0.63102,0.35456,0.75632,78.612,NA,0.7793599999999999,439.27,2.3546,1.6934,4.92888,1078.804,15.90462,1.24338,17.75882,9.443819999999999,13.48806,709.896,60.44
1988-11-14,62.196,0.64512,0.3553,0.75432,79.232,NA,0.79456,446.564,2.4072,1.73472,5.03554,1102.908,16.20536,1.25888,18.15886,9.64712,13.78946,725.762,60.8
1988-11-21,62.256,0.65026,0.35516,0.75302,78.968,NA,0.7818200000000001,448.272,2.4264,1.72544,5.07814,1111.698,16.30712,1.26426,18.31908,9.764240000000001,13.89932,731.542,60.839999999999996
1988-11-28,62.434,0.65366,0.35422,0.74824,79.62,NA,0.77584,449.32800000000003,2.43906,1.7494399999999999,5.10196,1121.78,16.3977,1.273,18.41618,9.763160000000001,13.97446,735.37,60.96
1988-12-05,62.08,0.6498,0.34972000000000003,0.74356,79.34,NA,0.77442,445.386,2.42466,1.74232,5.0687,1121.574,16.3243,1.26244,18.3217,9.74824,13.88908,731.026,60.6
1988-12-12,60.8625,0.631475,0.344575,0.739625,77.785,NA,0.7579,432.3725,2.356275,1.698175,4.930575,1089.9424999999999,15.868875000000001,1.2257,17.7998,9.5039,13.487425,710.41,59.525
1988-12-19,61.236,0.63154,0.34898,0.7415200000000001,78.632,NA,0.75786,432.452,2.3565,1.70676,4.93068,1090.058,15.9225,1.22854,17.81332,9.49586,13.47768,710.484,59.94
1988-12-26,61.22333333333333,0.6296333333333334,0.35113333333333335,0.7375333333333334,79.07333333333334,NA,0.7493,431.1533333333333,2.3494,1.7088333333333334,4.916166666666666,1086.7633333333333,15.866766666666667,1.2254666666666667,17.7557,9.471866666666667,13.433233333333334,708.34,59.93333333333333
1989-01-02,61.74,0.6375,0.35286666666666666,0.7342666666666667,79.8,NA,0.7594666666666667,435.86333333333334,2.3787666666666665,1.7293333333333334,4.977833333333334,1106.6466666666668,16.082,1.2374,17.973266666666667,9.600766666666667,13.600833333333334,717.1866666666667,60.266666666666666
1989-01-09,61.658,0.63254,0.3562,0.73114,79.85,NA,0.75766,432.47999999999996,2.36026,1.72486,4.93812,1098.038,16.00574,1.22838,17.648519999999998,9.5311,13.49954,711.608,60.22
1989-01-16,61.524,0.62772,0.3559,0.72656,80.35,NA,0.74866,428.62,2.3423000000000003,1.7134,4.89836,1089.674,15.91332,1.22092,17.43808,9.4786,13.39794,706.184,60.14
1989-01-23,60.019999999999996,0.61668,0.34782,0.70168,78.716,NA,0.72588,419.816,2.30108,1.67576,4.81046,1070.506,15.63526,1.19484,17.08214,9.316840000000001,13.16304,693.768,58.660000000000004
1989-01-30,59.455999999999996,0.60728,0.34608,0.68712,78.744,NA,0.7199,413.278,2.266,1.65818,4.73678,1056.3980000000001,15.44316,1.17406,16.817999999999998,9.21974,12.96542,683.192,58.06
1989-02-06,60.125,0.615475,0.3524,0.693325,79.42750000000001,NA,0.7278,418.3375,2.296575,1.6798,4.8001000000000005,1072.135,15.64225,1.1867999999999999,17.03175,9.352125000000001,13.140375,692.4125,58.725
1989-02-13,60.272,0.61758,0.34998,0.7109,78.312,NA,0.7314200000000001,418.106,2.30444,1.68662,4.81462,1075.802,15.65328,1.1894,17.09694,9.40204,13.19982,694.78,58.9
1989-02-20,61.118,0.61856,0.35168,0.75654,78.138,NA,0.73886,417.464,2.30808,1.6892800000000001,4.82552,1077.508,15.68356,1.1919199999999999,17.16694,9.47136,13.21022,695.88,60
1989-02-27,61.784,0.62156,0.35798,0.77096,79.194,NA,0.74346,418.502,2.3193,1.70282,4.84828,1086.1979999999999,15.782540000000001,1.2005,17.29548,9.53598,13.27006,2370.736,60.800000000000004
1989-03-06,61.29,0.61505,0.356825,0.7564,79.145,NA,0.735725,413.7825,2.295,1.69345,4.7981750000000005,1077.1325,15.648399999999999,1.18755,17.1399,9.428725,13.1264,3459.6549999999997,60.24
1989-03-13,61.43,0.61456,0.35756,0.75466,80.064,NA,0.73424,413.64799999999997,2.29316,1.69294,4.7932,1076.272,15.67006,1.19138,16.9195,9.49616,13.11312,3456.902,60.38
1989-03-20,61.535000000000004,0.61615,0.35814999999999997,0.7479750000000001,80.9475,NA,0.733675,414.8525,2.299075,1.6960250000000001,4.8012,1079.0575000000001,15.725674999999999,1.1960250000000001,16.921,9.568825,13.145725,3465.8450000000003,60.45
1989-03-27,61.9875,0.61635,0.363975,0.7535499999999999,81.9175,NA,0.73535,414.635,2.29985,1.701725,4.799825,1079.4075,15.71695,1.206725,16.89105,9.6428,13.147825000000001,3466.9674999999997,60.95
1989-04-03,61.444,0.6127,0.36116,0.75234,80.772,NA,0.72806,410.058,2.28624,1.68492,4.76964,1075.8500000000001,15.63114,1.19628,16.6754,9.572799999999999,13.06804,3446.44,60.5
1989-04-10,61.414,0.61036,0.35997999999999997,0.75554,80.984,NA,0.72404,407.38800000000003,2.2775,1.6723000000000001,4.7499400000000005,1071.7440000000001,15.5984,1.19398,16.54986,9.58998,13.01972,3433.2780000000002,60.58
1989-04-17,61.444,0.61182,0.35732,0.7643,80.686,NA,0.7258399999999999,407.936,2.28296,1.6559599999999999,4.76082,1074.308,15.61486,1.189,16.587139999999998,9.61414,13.11708,3441.4900000000002,60.66
1989-04-24,61.955,0.6150249999999999,0.361775,0.774675,81.0875,NA,0.731175,409.6675,2.294925,1.653225,4.78535,1079.935,15.69545,1.1977,16.343925,9.7328,13.25565,3459.5175,61.2
1989-05-01,62.644,0.6193,0.36804,0.77816,82.968,NA,0.73382,412.69,2.31082,1.67018,4.81864,1093.318,15.85348,1.20922,15.8919,9.8568,13.36614,3483.562,61.96
1989-05-08,63.254,0.62292,0.37314,0.78522,83.906,NA,0.73706,415.122,2.32436,1.6789,4.84584,1099.708,15.97538,1.2177,16.04976,10.00404,13.43638,3503.926,62.56
1989-05-15,62.732,0.60716,0.37134,0.7914,83.74,NA,0.71924,404.71999999999997,2.26556,1.63346,4.72284,1071.888,15.64636,1.19304,15.65296,9.767900000000001,13.09766,3415.276,62.22
1989-05-22,62.458,0.59408,0.37564,0.791,84.098,NA,0.7130799999999999,396.11,2.21674,1.60124,4.62244,1048.794,15.38666,1.16296,15.40584,9.66574,12.820219999999999,3341.7,62.1
1989-05-29,61.716,0.58538,0.37263999999999997,0.78318,83.518,NA,0.70606,390.224,2.1843,1.58856,4.5517199999999995,1034.876,15.17302,1.14472,15.20844,9.55138,12.64528,3116.62,61.44
1989-06-05,60.3575,0.57335,0.364675,0.7623,81.95750000000001,NA,0.6857,382.1575,2.1393750000000002,1.5505,4.47085,1015.71,14.8483,1.1176,14.959875,9.36275,12.40095,2795.0825,60.05
1989-06-12,60.148,0.56302,0.36778,0.75656,83.314,NA,0.6738000000000001,375.466,2.10086,1.53148,4.38488,997.4119999999999,14.64972,1.107,14.72342,9.28986,12.20164,2744.724,60
1989-06-19,60.776,0.57862,0.37328,0.76058,82.688,NA,0.6911200000000001,385.766,2.15912,1.56688,4.5103599999999995,1025.05,14.9482,1.1332600000000002,15.03788,9.50906,12.55152,2820.772,60.5
1989-06-26,60.574,0.5774199999999999,0.37216,0.7600399999999999,82.118,NA,0.6904399999999999,385.046,2.1546,1.56018,4.501,1022.9240000000001,14.95614,1.12976,14.98774,9.49978,12.5599,2814.924,60.28
1989-07-03,59.778,0.57608,0.36064,0.75344,81.04,NA,0.68596,384.302,2.14958,1.55026,4.49216,1021.734,14.88976,1.1297599999999999,14.90412,9.39508,12.59944,2808.392,59.54
1989-07-10,59.512499999999996,0.576525,0.35445,0.757375,80.4875,NA,0.68215,384.57,2.15125,1.547475,4.498475,1022.525,14.864225,1.128625,14.899975,9.429025,12.6145,2810.5625,59.28
1989-07-17,59.365,0.569475,0.35275,0.7566999999999999,80.9225,NA,0.67885,380.18,2.1249249999999997,1.527475,4.4452,1010.02,14.72235,1.115825,14.70535,9.383524999999999,12.4672,2776.19,59.12
1989-07-24,60.361999999999995,0.582,0.355,0.77398,82.00999999999999,NA,0.68936,388.452,2.17168,1.55498,4.54298,1032.2359999999999,15.03056,1.14012,15.009079999999999,9.5923,12.74624,2837.254,60.26
1989-07-31,60.73,0.59162,0.35731999999999997,0.77742,81.074,NA,0.69846,394.812,2.20756,1.5762,4.61832,1052.482,15.20686,1.1536,15.20572,9.74174,12.94466,2884.148,60.44
1989-08-07,61.474,0.5947,0.36754,0.77768,82.784,NA,0.69976,397.258,2.2190600000000003,1.58904,4.6416200000000005,1058.746,15.33846,1.16114,15.26768,9.85888,13.01206,2899.166,61.2
1989-08-14,61.398,0.58718,0.37182,0.77434,83.488,NA,0.69172,392.548,2.191,1.57558,4.58402,1045.356,15.21148,1.1507,15.094619999999999,9.77656,12.8475,2862.504,61.18
1989-08-21,61.852000000000004,0.5906600000000001,0.37598,0.77616,84.512,NA,0.69388,395.034,2.20398,1.59088,4.6114,1051.552,15.33232,1.16192,15.16814,9.80848,12.92364,2879.4700000000003,61.660000000000004
1989-08-28,61.97,0.590025,0.3758,0.77525,85.2675,NA,0.6966,394.875,2.2016,1.590975,4.608175,1051.47,15.331825,1.16205,15.141825,9.834225,12.909749999999999,2876.3725,61.7
1989-09-04,62.31,0.5903333333333334,0.3803666666666667,0.7749,86.38666666666667,NA,0.6995666666666667,395.5233333333333,2.2027666666666668,1.5951333333333333,4.6101,1055.15,15.382100000000001,1.1679666666666666,15.1708,9.882266666666666,12.975933333333334,2877.8766666666666,62.04
1989-09-11,62.19,0.58955,0.3801,0.76864999999999994,86.57,NA,0.69945,395.205,2.19985,1.5935000000000001,4.603775,1053.75,15.376925,1.1687,15.218475,9.872025,12.97185,2874.0575,61.94
1989-09-18,61.992,0.5919800000000001,0.37614,0.7642599999999999,86.316,NA,0.70048,396.686,2.2089,1.59668,4.62184,1058.096,15.40212,1.1726,15.2328,9.9346,13.0032,2885.904,61.78
1989-09-25,61.35,0.59546,0.36874,0.75898,84.178,NA,0.69956,398.948,2.2219,1.60102,4.6464,1064.3120000000001,15.4011,1.1702,15.31978,9.9513,13.07012,2902.868,61.06
1989-10-02,60.35,0.5848,0.36297999999999997,0.75174,82.38,NA,0.68786,392.014,2.18212,1.5749199999999999,4.56294,1045.434,15.1123,1.1496,15.01656,9.80704,12.81642,2850.902,60.08
1989-10-09,60.88666666666666,0.5850666666666666,0.37206666666666666,0.7556666666666667,83.84,NA,0.6872666666666667,392.6466666666667,2.183133333333333,1.5787,4.5674,1045.9133333333334,15.174633333333333,1.1532,15.037633333333334,9.8709,12.8016,2852.2000000000003,60.64
1989-10-16,61.04333333333334,0.5898666666666667,0.3712,0.7655000000000001,83.57000000000001,NA,0.6925333333333333,395.9766666666667,2.201033333333333,1.5885,4.606466666666667,1054.4933333333333,15.257833333333334,1.1549666666666667,15.176933333333332,9.9098,12.9637,2875.6,60.88
1989-10-23,61.085,0.591575,0.3704,0.7642,83.95,NA,0.694425,397.2575,2.207375,1.5936,4.6192,1057.545,15.286325,1.159325,15.2644,9.9414,13.025025,2883.9300000000003,60.95
1989-10-30,60.7475,0.58725,0.372775,0.7529,84.0325,NA,0.688925,394.5575,2.19125,1.5843,4.587425,1052.6975,15.200949999999999,1.15035,15.1913,9.923075,12.971925,3083.01,60.7
1989-11-06,60.702,0.5873200000000001,0.37148000000000003,0.74934,84.102,NA,0.68726,394.726,2.19154,1.58578,4.5888599999999995,1053.788,15.20688,1.15132,15.23684,9.9221800000000009,12.939,3156.848,60.54
1989-11-13,60.816,0.58802,0.37162,0.75002,84.48,NA,0.68846,395.314,2.19416,1.5896000000000001,4.59452,1055.044,15.22502,1.1535,15.2971,9.94224,12.98114,3160.608,60.68
1989-11-20,60.794,0.58714,0.37526,0.75322,84.538,NA,0.68624,394.862,2.19084,1.5897,4.58746,1053.464,15.19226,1.15036,15.32314,9.9376,13.0008,3155.878,60.76
1989-11-27,60.7525,0.589275,0.37645,0.7535000000000001,84.4225,NA,0.68685,396.4225,2.19885,1.593925,4.60505,1057.4775,15.215074999999999,1.14975,15.409524999999999,9.999975,13.0969,3167.3525,60.76
1989-12-04,60.9775,0.59145,0.376875,0.7568250000000001,85.0625,NA,0.687975,398.2375,2.206925,1.6007,4.6214249999999995,1061.935,15.278625,1.14905,15.452024999999999,10.0295,13.152675,3179.045,61.08
1989-12-11,61.178,0.59638,0.37332,0.75958,86.036,NA,0.69252,401.864,2.22532,1.6126,4.65618,1070.788,15.38654,1.14424,15.58868,10.09552,13.30644,3205.544,61.32
1989-12-18,61.32,0.59516,0.37076,0.75774,85.598,NA,0.69114,402.258,2.81744,1.60772,4.64678,1068.596,15.33134,1.1352,15.56688,10.07842,13.30326,3198.986,61.1
1989-12-25,60.99,0.5969333333333333,0.36843333333333333,0.7516666666666666,85.05333333333334,NA,0.6901333333333334,404.86,2.825833333333333,1.6117333333333332,4.660666666666667,1071.7833333333333,15.3352,1.1312666666666666,15.618366666666667,10.0802,13.404933333333334,3208.52,60.8
1990-01-01,61.346666666666664,0.5960333333333333,0.3685333333333333,0.7597,86.39333333333333,NA,0.6916333333333333,405.90666666666664,2.8145,1.6135,4.656633333333333,1065.8666666666668,15.2438,1.1350333333333333,15.4634,10.106733333333333,13.3591,3203.68,61.3
1990-01-08,61.904,0.60404,0.36556,0.76724,87.644,NA,0.6997,406.628,2.85258,1.6319,4.71752,1081.346,15.46442,1.14484,15.59684,10.2252,13.57104,3246.716,61.86
1990-01-15,62.763999999999996,0.61208,0.36978,0.77247999999999994,89.214,NA,0.7149,416.634,2.89032,1.6542000000000001,4.77978,1096.682,15.6799,1.1554,15.83842,10.38946,13.74366,3289.932,62.68
1990-01-22,61.833333333333336,0.5989,0.3621666666666667,0.7841666666666667,86.94333333333333,NA,0.7124666666666667,409.5333333333333,2.828,1.6191,4.678066666666667,1075.03,15.423633333333333,1.1223666666666665,15.5815,10.173266666666667,13.467266666666667,3219.0866666666666,61.9
1990-01-29,61.449999999999996,0.59736,0.35588000000000003,0.7790400000000001,85.986,NA,0.7095,409.598,2.8205,1.61238,4.66614,1071.69,15.26212,1.1137599999999999,15.5146,10.13358,13.46228,3210.81,61.4
1990-02-05,61.305,0.5936,0.3508,0.7860499999999999,86.245,NA,0.71085,407.025,2.8025,1.6056,4.6368,1066.665,15.1855,1.105,15.3832,10.067450000000001,13.41535,3190.6,61.400000000000006
1990-02-12,60.9625,0.59005,0.3489,0.7851,85.2875,NA,0.709325,404.5875,2.786425,1.5956000000000001,4.608325,1059.7175,15.086925,1.1001750000000001,15.328075,10.0176,13.335125,3171.52,61.075
1990-02-19,60.828,0.59078,0.34593999999999997,0.7754800000000001,85.738,NA,0.708,405.086,2.7899599999999998,1.59644,4.6131,1061.946,15.094000000000001,1.10066,15.34036,10.04798,13.378779999999999,3175.446,60.879999999999995
1990-02-26,61.1525,0.588375,0.350275,0.7725,87.80250000000001,NA,0.7017,404.38,2.7786,1.5913,4.59405,1059.565,15.086525,1.100075,15.27295,10.04355,13.387475,3162.5150000000003,61.275
1990-03-05,61.42,0.5887749999999999,0.3577,0.774525,88.3425,NA,0.696025,409.155,2.780525,1.59345,4.598825,1062.195,15.147300000000001,1.102525,15.334675,10.0445,13.3967,3164.6675,61.625
1990-03-12,61.714,0.58846,0.36494,0.77512,89.486,NA,0.69338,408.94,2.779,1.59612,4.59648,1063.3500000000001,15.1587,1.10284,15.41074,10.05326,13.39216,3162.974,62
1990-03-19,61.436,0.583,0.3638,0.77518,89.8,NA,0.6868,405.142,2.75292,1.58812,4.55518,1053.49,15.02576,1.09432,15.29004,9.986740000000001,13.2852,3133.628,61.839999999999996
1990-03-26,61.42,0.5799333333333333,0.35596666666666665,0.7758,91.43,NA,0.6809000000000001,401.06,2.7402,1.5820333333333334,4.530733333333333,1049.6533333333334,14.9931,1.0927666666666667,15.300833333333333,9.967133333333333,13.198333333333334,3117.1466666666665,61.93333333333334
1990-04-02,61.106,0.5786399999999999,0.35368,0.76116,91.828,NA,0.6753,404.23,2.73408,1.5797,4.51378,1047.31,15.00236,1.08758,15.22188,9.97344,13.15954,3110.192,61.54
1990-04-09,60.91,0.57925,0.353,0.757375,91.35249999999999,NA,0.6731750000000001,406.635,2.736975,1.5809250000000001,4.516575,1048.9875,14.975425000000001,1.0873,15.183775,9.99495,13.171575,3113.4725,61.325
1990-04-16,61.02666666666667,0.5795333333333333,0.3542666666666667,0.7555,92.32333333333334,NA,0.6739666666666666,406.8333333333333,2.7383333333333333,1.5788333333333333,4.5163,1051.2133333333334,15.006033333333333,1.0867666666666667,15.212866666666667,10.029766666666667,13.182466666666667,3114.9933333333333,61.53333333333333
1990-04-23,61.1225,0.579975,0.354675,0.761375,91.8575,NA,0.67345,407.145,2.7404,1.576225,4.518675,1061.4475,14.994175,1.08885,15.20385,10.075575,13.213225,3117.3675000000003,61.6
1990-04-30,60.565,0.573025,0.35,0.76295,90.93,NA,0.66735,400.2675,2.70525,1.5547,4.464449999999999,1039.975,14.89925,1.07505,15.093399999999999,9.957775,13.07945,3187.33,61.15
1990-05-07,60.32,0.574725,0.34415,0.760675,90.4875,NA,0.6696500000000001,401.0075,2.7132500000000004,1.5521500000000001,4.477875,1044.7675,14.873850000000001,1.07325,15.07225,9.957149999999999,13.13565,3232.8275,60.875
1990-05-14,59.594,0.57312,0.34102,0.75092,87.276,NA,0.67452,399.88800000000003,2.70656,1.54548,4.46294,1040.71,14.74074,1.06118,15.37368,9.92528,13.11976,3223.8,59.88
1990-05-21,59.728,0.5738,0.33904,0.75016,87.186,NA,0.67896,402.75,2.70976,1.54998,4.46544,1043.652,14.75824,1.062,15.661480000000001,9.92672,13.15954,3227.626,59.88
1990-05-28,59.794,0.5755,0.34022,0.7488,86.816,NA,0.67742,403.944,2.7178,1.5549,4.47832,1047.8120000000001,14.77764,1.06414,15.71914,9.99244,13.22326,3237.19,59.86
1990-06-04,60.3525,0.5795250000000001,0.34365,0.751275,88.385,NA,0.679325,406.77,2.7367999999999997,1.5686,4.5089500000000005,1058.2975000000001,14.928525,1.072525,15.73425,10.080825,13.356349999999999,3259.83,60.425
1990-06-11,60.53,0.58072,0.342,0.7503,89.454,NA,0.68028,410.55,2.74246,1.5734,4.51986,1070.844,14.97088,1.07346,15.77256,10.11614,13.40142,3266.552,60.58
1990-06-18,60.536,0.5835,0.33818000000000004,0.74598,89.952,NA,0.68558,412.512,2.75558,1.5813,4.54394,1066.728,15.01158,1.07532,15.813,10.16458,13.482380000000001,3282.188,60.56
1990-06-25,60.774,0.5869,0.33812,0.74616,90.664,NA,0.68672,414.918,2.77162,1.5906,4.5701600000000004,1082.84,15.09904,1.08112,15.9097,10.23084,13.61798,3301.314,60.8
1990-07-02,60.428000000000004,0.59008,0.33276,0.7396,89.208,NA,0.68596,417.698,2.78666,1.5962,4.5929,1088.708,15.13024,1.08062,15.90906,10.28674,13.79964,3688.002,60.28
1990-07-09,60.334,0.59286,0.32782,0.74078,88.362,NA,0.6863,419.662,2.7997799999999997,1.60182,4.60646,1095.6580000000001,15.236699999999999,1.07668,15.89118,10.32404,13.92276,3705.378,60.08
1990-07-16,60.372,0.59212,0.3272,0.75228,87.526,NA,0.68392,419.14,2.7962599999999997,1.60204,4.5995,1094.896,15.10512,1.07554,15.88698,10.3171,13.98206,3700.752,60.22
1990-07-23,60.48,0.59255,0.32665,0.75575,88.33500000000001,NA,0.6838,423.9775,2.798325,1.603425,4.6,1097.3125,15.193575,1.076375,15.9534,10.323675,14.006599999999999,3703.44,60.425
1990-07-30,60.074,0.59288,0.32026,0.7505000000000001,87.628,NA,0.68304,424.212,2.79988,1.59986,4.60334,1097.926,15.14382,1.07084,15.93092,10.296,14.19486,3705.502,59.96
1990-08-06,60.888,0.6000800000000001,0.32098,0.75598,90.152,NA,0.6892,429.364,2.83386,1.6203400000000001,4.66378,1111.26,15.37482,1.0833,16.24756,10.39464,14.43794,3750.502,60.76
1990-08-13,61.956,0.61592,0.325,0.76466,91.614,NA,0.70556,440.698,2.90868,1.65974,4.78608,1138.224,15.73534,1.10458,16.6104,10.6812,14.94238,3849.504,61.76
1990-08-20,62.44,0.62568,0.3251,0.7640399999999999,91.826,NA,0.71176,447.68,2.95474,1.68628,4.86602,1162.54,15.95308,1.11488,16.86694,10.8192,15.48026,3910.504,62.04
1990-08-27,62.124,0.6269,0.3237,0.75756,90.344,NA,0.71824,448.554,2.96054,1.68578,4.86974,1164.808,15.9557,1.10716,16.91038,10.91914,15.6725,3918.13,61.62
1990-09-03,61.76,0.62128,0.32756,0.75738,88.55,NA,0.71932,444.534,2.93398,1.66976,4.82458,1150.43,15.835280000000001,1.09444,16.75954,10.92814,15.532,4814.924,61.26
1990-09-10,61.63,0.6209333333333333,0.33436666666666665,0.7593,86.31333333333333,NA,0.7221666666666667,444.28333333333336,2.9323333333333332,1.6721666666666666,4.823933333333334,1146.9033333333334,15.771766666666666,1.0988,16.728033333333332,11.0381,15.523333333333333,4812.236666666667,61.06666666666667
1990-09-17,61.445,0.62525,0.32830000000000004,0.752825,85.9375,NA,0.723425,447.3775,2.952725,1.686175,4.8515999999999995,1157.19,15.862275,1.1032250000000001,16.803725,11.182549999999999,16.02185,4845.6900000000005,60.725
1990-09-24,60.99,0.6200249999999999,0.33185,0.745725,84.895,NA,0.71465,443.32,2.9265499999999998,1.673825,4.8111500000000005,1143.9575,15.6572,1.0935,16.616875,11.208525,15.971525,4805.195,60.325
1990-10-01,60.568,0.6184000000000001,0.32614,0.74356,84.078,NA,0.71264,442.156,2.91892,1.66818,4.79818,1128.674,15.628,1.08474,16.63024,11.167060000000001,15.923820000000001,4792.602,59.9
1990-10-08,59.83,0.6191,0.31408,0.74736,80.594,NA,0.71158,442.656,2.92214,1.67018,4.8014,1149.154,15.47724,1.07318,16.64176,11.16026,15.94186,4798.026,59.02
1990-10-15,58.808,0.6052,0.30906,0.77196,76.44,NA,0.70472,432.75,2.85654,1.6323,4.70356,1128.052,15.14894,1.0383200000000001,16.27572,10.9274,15.5839,4690.304,58.22
1990-10-22,59.18,0.60665,0.310925,0.777525,77.355,NA,0.7088,433.78499999999997,2.863375,1.6376,4.722125,1133.2925,15.16625,1.036675,16.25535,10.983375,15.62125,4701.54,58.625
1990-10-29,59.888,0.6127400000000001,0.31452,0.78146,79.148,NA,0.7141000000000001,438.14,2.89216,1.65496,4.77516,1144.664,15.36072,1.04632,16.5289,11.10906,16.05056,4748.738,59.34
1990-11-05,59.618,0.61198,0.31126,0.78174,78.524,NA,0.71324,437.598,2.88854,1.6524,4.77148,1129.112,15.2995,1.0432,16.44016,11.08294,17.13544,4742.848,59.06
1990-11-12,59.704,0.61068,0.3114,0.7890199999999999,78.918,NA,0.7113,436.724,2.8824,1.64726,4.75934,1132.5720000000001,15.27308,1.04504,16.3291,11.05608,17.09904,4732.773999999999,59.26
1990-11-19,60.028,0.61208,0.31084,0.79908,78.378,NA,0.7099,437.95,3.19628,1.6429,4.76676,1137.274,15.3442,1.04676,16.45362,11.05904,17.13824,4743.622,59.48
1990-11-26,60.07,0.61045,0.3109,0.7933,79.3175,NA,0.710575,436.1625,3.19265,1.642875,4.758725,1140.3875,15.268875,1.045225,16.381275,11.056775,17.0926,4730.99,59.55
1990-12-03,60.222,0.60812,0.3145,0.78664,81.038,NA,0.70684,434.494,3.18046,1.64082,4.74598,1136.036,15.29476,1.04456,16.34338,11.01912,17.02736,4940.976,59.74
1990-12-10,59.388,0.60132,0.30872,0.7849,79.126,NA,0.69708,429.636,3.14488,1.6204,4.69084,1135.852,15.05558,1.0297,16.13472,10.87306,16.83696,4885.726,58.96
1990-12-17,58.586,0.5900799999999999,0.3058,0.76824,78.934,NA,0.68348,421.604,3.0861199999999998,1.59394,4.6043199999999995,1114.6200000000001,14.8448,1.01662,15.77218,10.716999999999999,16.52224,4794.402,58.14
1990-12-24,58.68333333333333,0.5865,0.3113,0.7609666666666667,79.88,NA,0.6806333333333333,419.0466666666667,3.0673999999999997,1.5926,4.5763,1107.8566666666666,14.809366666666667,1.0251333333333335,15.713566666666667,10.644233333333334,16.422,4765.316666666667,58.266666666666666
1990-12-31,58.660000000000004,0.5922666666666667,0.30583333333333335,0.7636666666666666,79.35666666666667,NA,0.6840666666666667,423.1666666666667,3.097566666666667,1.6013,4.616966666666666,1107.3566666666666,14.924866666666667,1.0322666666666667,15.769366666666667,10.731866666666667,16.583466666666666,5059.356666666667,58.2
1991-01-07,59.052,0.59162,0.31046,0.76328,80.452,NA,0.682,422.708,3.09414,1.61082,4.61404,1116.4759999999999,14.94366,1.04054,15.831140000000001,10.77578,16.565360000000002,5176.676,58.56
1991-01-14,59.25,0.595375,0.31184999999999996,0.7618,80.55,NA,0.687175,426.885,3.113825,1.6229500000000001,4.6423749999999995,1122.29,15.068975,1.044175,16.018325,10.934075,16.6705,5209.535,58.7
1991-01-21,58.89333333333333,0.5976333333333333,0.3064,0.7650666666666667,79.05,NA,0.6935666666666667,428.50333333333333,3.1256,1.6181666666666668,4.6579999999999995,1126.55,15.126166666666666,1.0338,15.959366666666666,11.006433333333334,16.733733333333333,5229.293333333333,58.36666666666667
1991-01-28,58.888,0.5989,0.30528,0.76544,78.88,NA,0.6954,429.41,3.13224,1.61544,4.667,1128.934,15.06288,1.03418,16.00862,11.11086,16.7692,5240.378,58.349999999999994
1991-02-04,58.78,0.6013999999999999,0.302875,0.7700750000000001,77.97749999999999,NA,0.696825,431.2025,3.1452999999999998,1.618725,4.689,1133.6475,15.10295,1.0301749999999998,16.0821,11.211625,16.839199999999998,5262.2525000000005,58.225
1991-02-11,58.8675,0.604125,0.3036,0.77095,77.65,NA,0.696925,433.1575,3.159575,1.62385,4.708025,1138.7825,15.103125,1.03255,16.14975,11.328975,16.9155,5286.0975,58.25
1991-02-18,59.147999999999996,0.60314,0.30791999999999997,0.76578,78.92,NA,0.69486,432.452,3.15442,1.62624,4.69906,1136.9279999999999,15.13296,1.03712,16.12226,11.49096,16.88792,5277.478,58.54
1991-02-25,59.266,0.59934,0.31154,0.76422,79.508,NA,0.69018,429.73,3.13454,1.6277599999999999,4.67046,1129.764,15.10812,1.03482,16.04906,11.42822,16.78152,5274.24,58.62
1991-03-04,59.572,0.59568,0.31442,0.77102,80.736,NA,0.69006,427.102,3.1153999999999997,1.62568,4.64156,1140.712,15.08432,1.03612,15.9423,11.34296,16.67904,5361.12,59.04
1991-03-11,60.165,0.596575,0.32139999999999996,0.77745,81.52250000000001,NA,0.6889000000000001,427.745,3.1153750000000002,1.629675,4.6487750000000005,1142.425,15.160725,1.042775,16.081400000000002,11.410975,16.7041,5369.175,59.575
1991-03-18,60.5775,0.59535,0.33275,0.772875,82.0675,NA,0.688475,426.865,3.10895,1.633775,4.634375,1140.0825,15.1296,1.052675,16.0136,11.4977,16.6698,5358.15,59.925
1991-03-25,60.364999999999995,0.5896250000000001,0.3355,0.763225,81.765,NA,0.6841,427.9175,3.0790499999999996,1.62865,4.592925,1129.115,15.02995,1.052525,16.0823,11.51655,16.509500000000003,5306.625,59.6
1991-04-01,60.2275,0.5913999999999999,0.333175,0.759225,81.41749999999999,NA,0.683,429.2025,3.085625,1.624825,4.61015,1125.405,15.140799999999999,1.04955,16.1423,11.62695,16.5592,5322.6,59.425
1991-04-08,59.884,0.59138,0.33264,0.75288,80.544,NA,0.68102,420.852,3.08826,1.62194,4.6082,1125.364,14.99062,1.04224,15.84472,11.697519999999999,16.54092,5322.42,59.08
1991-04-15,59.934,0.5904,0.3319,0.75756,80.108,NA,0.6796,428.478,3.11108,1.61522,4.59914,1130.602,15.0382,1.03756,15.94804,11.69228,16.48502,5313.6,59.08
1991-04-22,60.425,0.587025,0.344275,0.757875,81.0925,NA,0.678375,426.03,3.10225,1.619825,4.5752500000000005,1124.14,15.055775,1.043175,15.862874999999999,11.87695,16.3532,5283.225,59.575
1991-04-29,60.14,0.58634,0.34366,0.75248,80.70400000000001,NA,0.67532,425.532,3.09862,1.6150799999999998,4.56998,1122.826,15.05754,1.0378800000000001,15.80924,11.84878,16.32418,5321.06,59.26
1991-05-06,60.378,0.58878,0.34312,0.75352,81.418,NA,0.678,426.496,3.1115,1.62306,4.58804,1130.528,15.0776,1.04136,15.89688,12.011140000000001,16.38384,5372.618,59.48
1991-05-13,60.305,0.589675,0.338775,0.754625,81.495,NA,0.678225,427.14750000000004,3.11625,1.6258,4.5935500000000005,1132.52,15.0976,1.043225,15.9757,12.076550000000001,16.40445,5380.7875,59.425
1991-05-20,60.236,0.58652,0.34048,0.75912,80.964,NA,0.67414,424.86,3.11254,1.61908,4.5646,1126.192,15.04282,1.03866,15.86874,12.12338,16.31268,5351.996,59.44
1991-05-27,60.076,0.58352,0.33688,0.7670399999999999,80.524,NA,0.66902,422.688,3.09928,1.60926,4.51698,1131.582,14.94444,1.03018,15.75848,12.0882,16.226399999999998,5324.622,59.339999999999996
1991-06-03,60.4275,0.582625,0.344225,0.768525,81.1,NA,0.6677500000000001,422.0075,3.093725,1.61235,4.509375,1132.63,14.9391,1.033,15.66385,12.236575,16.19845,5534.9375,59.675000000000004
1991-06-10,60.15,0.57464,0.34716,0.76252,81.22,NA,0.65728,416.25399999999996,3.07432,1.60144,4.4412,1112.566,14.80576,1.02582,15.52648,12.06518,15.974639999999999,5459.08,59.42
1991-06-17,60.2,0.57538,0.3544,0.75542,80.768,NA,0.65722,416.78999999999996,3.07828,1.6029,4.4424,1120.944,14.84088,1.02724,15.50644,12.15662,15.99338,5466.11,59.4
1991-06-24,60,0.57636,0.35336,0.75204,79.914,NA,0.65832,417.468,3.08494,1.60358,4.46352,1123.29,14.84316,1.01954,15.47058,12.16348,16.013560000000002,5475.42,59.12
1991-07-01,59.626,0.57002,0.35454,0.74556,79.10600000000001,NA,0.65134,412.90999999999997,3.0553,1.59134,4.42836,1110.934,14.649700000000001,1.009,15.140460000000001,14.25156,15.79378,5415.1900000000005,58.68
1991-07-08,59.004999999999995,0.56505,0.3489,0.737175,78.385,NA,0.6485,409.31,3.028675,1.573525,4.3858749999999995,1102.9675,14.521975000000001,0.9920249999999999,15.11375,14.620625,15.587475,5367.975,58.075
1991-07-15,58.46,0.5646,0.3426,0.7296499999999999,77.34,NA,0.65015,413.08000000000004,3.02625,1.57205,4.3827,1102.09,14.502949999999998,0.9875,15.0862,14.6147,15.575050000000001,5363.7,57.5
1991-07-22,58.55,0.56748,0.3375,0.7325,77.984,NA,0.65404,415.19,3.04176,1.58002,4.3994,1104.262,14.5545,0.9928,15.16314,14.60462,15.6545,5391.06,57.58
1991-07-29,58.96,0.5717,0.3402,0.7356400000000001,78.728,NA,0.65778,418.274,3.05696,1.59248,4.43494,1117.692,14.681560000000001,0.99754,15.23718,14.71786,15.79318,5588.45,57.98
1991-08-05,58.898,0.57542,0.337,0.73612,78.458,NA,0.66038,418.852,3.0768400000000002,1.59556,4.46636,1124.968,14.77112,0.9919600000000001,15.35948,14.73878,15.81136,5862.092000000001,57.92
1991-08-12,58.842,0.5732,0.33932,0.73362,78.264,NA,0.65614,419.374,3.06496,1.5921400000000001,4.45092,1117.782,14.70874,0.9871,15.252040000000001,14.86996,15.56616,5839.476,57.839999999999996
1991-08-19,59.083333333333336,0.5752666666666667,0.3434666666666667,0.7327,78.69333333333333,NA,0.658,420.88666666666666,3.0760333333333336,1.5999,4.467266666666666,1126.87,14.826466666666667,0.9916666666666667,15.200366666666666,14.926266666666667,15.535466666666666,5860.53,58.1
1991-08-26,58.986,0.57438,0.3417,0.7319,78.652,NA,0.65572,420.574,3.0712800000000002,1.5985,4.45836,1126.9,14.76554,0.98886,15.24064,14.84424,15.5078,5851.496,57.98
1991-09-02,59.055,0.5758,0.340825,0.735475,78.4075,NA,0.6569,425.03499999999997,3.07885,1.600325,4.4672,1129.85,14.790625,0.988925,15.200624999999999,14.861675,15.5466,6621.7,58.025
1991-09-09,59.204,0.58334,0.33702,0.73752,78.544,NA,0.66382,431.752,3.11918,1.60894,4.5190600000000005,1145.602,14.93446,0.99152,15.35742,15.03966,15.74632,6708.41,58.2
1991-09-16,59.266,0.58604,0.33818,0.7349600000000001,78.648,NA,0.66554,433.784,3.14852,1.61258,4.5431,1152.26,14.99208,0.9928400000000001,15.3905,15.17612,15.81372,6739.46,58.22
1991-09-23,58.204,0.57634,0.33208,0.72312,76.89,NA,0.65366,427.078,3.0987,1.58292,4.46642,1134.972,14.73262,0.9755400000000001,15.14722,14.89176,15.53464,6627.91,57.14
1991-09-30,57.242,0.56934,0.3256,0.7124,75.24600000000001,NA,0.6440400000000001,420.862,3.0610399999999998,1.55864,4.40796,1120.968,14.54624,0.9611,14.93378,14.66622,15.36286,6547.41,56.2
1991-10-07,56.67,0.562425,0.32645,0.707875,73.0625,NA,0.6350750000000001,421.48249999999996,3.02135,1.5425,4.358675,1107.355,14.3366,0.9533,14.71695,14.507775,15.181999999999999,6467.887500000001,55.62
1991-10-14,57.394,0.5714,0.33368,0.71094,73.998,NA,0.64506,428.18,3.07322,1.56898,4.42978,1127.516,14.56838,0.968,14.97942,14.749,15.4261,6571.1,55.94
1991-10-21,56.744,0.56162,0.32802000000000003,0.70958,73.558,NA,0.63256,420.374,3.0215,1.54358,4.3554,1110.36,14.338,0.9527,14.66834,14.49212,15.163739999999999,6458.63,55.68
1991-10-28,56.394999999999996,0.557725,0.322875,0.711425,73.17750000000001,NA,0.6259250000000001,418.30499999999995,3.00055,1.53355,4.334625,1102.0075,14.267725,0.943,14.549325,14.41305,15.058575,6413.8375,55.425
1991-11-04,56.308,0.5609999999999999,0.3169,0.71544,72.848,NA,0.6302800000000001,420.782,3.0153600000000003,1.53782,4.35578,1109.132,14.300279999999999,0.94042,14.62538,14.476,15.07714,6451.5,55.34
1991-11-11,56.2475,0.56055,0.31655,0.71335,72.825,NA,0.634025,420.97,3.017875,1.536575,4.3515,1108.5725,14.280625,0.940975,14.514025,14.462725,14.965,6446.325,55.28
1991-11-18,56.566,0.56674,0.31598,0.7187600000000001,73.368,NA,0.6425,425.8,3.05232,1.55068,4.39536,1121.104,14.43408,0.94272,14.60278,14.61508,15.1213,6517.51,55.6
1991-11-25,56.502,0.5654,0.31772,0.71738,73.13,NA,0.6427,426.298,3.04566,1.551,4.3864,1119.382,14.361180000000001,0.94028,14.48772,14.58644,15.09188,6502.1,55.54
1991-12-02,56.295,0.562375,0.31605,0.71835,72.80250000000001,NA,0.638775,424.0175,3.0372250000000003,1.5443500000000001,4.365775,1114.7175,14.317074999999999,0.933225,14.344775,14.506475,14.994475,6467.3125,55.375
1991-12-09,55.6925,0.5572,0.30774999999999997,0.72105,71.745,NA,0.635675,420.685,3.0088749999999997,1.529925,4.331099999999999,1108.195,14.134924999999999,0.92125,14.240175,14.4092,14.857325,6407.8,54.8
1991-12-16,55.168,0.55328,0.30312,0.71536,71.07,NA,0.636,419.37399999999997,2.98772,1.51708,4.30062,1097.778,14.04264,0.91002,14.19362,14.2813,14.75518,6362.72,54.36
1991-12-23,54.105000000000004,0.5448500000000001,0.29135,0.7154,69.31,NA,0.63135,413.39,2.9421999999999997,1.4880499999999999,4.23315,1081.055,13.6485,0.8869,13.8773,14.0762,14.53275,6265.775,53.45
1991-12-30,53.61666666666667,0.5410333333333334,0.28953333333333336,0.7132000000000001,67.67666666666666,NA,0.6241333333333333,410.83,2.9279,1.4737,4.203966666666667,1075.5533333333333,13.646666666666667,0.8798333333333334,13.805333333333333,13.953266666666668,14.414233333333334,6201.193333333333,52.833333333333336
1992-01-06,54.63,0.5449,0.299,0.7348,68.61,NA,0.6288,414.4,2.9615,1.4803,4.2283,1084.38,13.7427,0.8912,13.5625,14.0693,14.4399,6203.69,54
1992-01-13,54.622,0.5417,0.30364,0.72892,68.878,NA,0.62412,413.258,2.92518,1.46676,4.2043,1080.59,13.72782,0.88924,13.64652,13.99208,14.36408,6167.254,53.94
1992-01-20,54.228,0.5424800000000001,0.30154000000000003,0.7252000000000001,67.13,NA,0.62802,413.852,2.95108,1.45308,4.20964,1084.5720000000001,13.73368,0.88728,13.56436,14.02744,14.37926,6176.136,53.46
1992-01-27,54.228,0.53946,0.30178,0.72502,67.586,NA,0.63388,412.21,2.94006,1.42776,4.18654,1079.528,13.68148,0.88214,13.4087,13.98602,14.30646,6141.752,53.48
1992-02-03,54.465,0.5415,0.31145,0.722325,68.16499999999999,NA,0.6380250000000001,413.77,2.951175,1.414125,4.1994,1083.43,13.736699999999999,0.88115,13.399075,13.977475,14.25405,6246.202499999999,53.9
1992-02-10,54.31,0.54122,0.29996,0.72026,68.652,NA,0.64,414.028,2.94964,1.41406,4.1955,1083.522,13.69832,0.88362,13.38284,14.01868,14.14372,6242.972,53.58
1992-02-17,54.674,0.5417,0.30746,0.7172999999999999,69.28,NA,0.64246,414.39799999999997,2.95554,1.40848,4.20314,1087.1,13.71044,0.8899,13.41352,14.29278,14.15916,6248.51,53.88
1992-02-24,55.075,0.543675,0.311175,0.72305,70.33500000000001,NA,0.643025,409.6725,2.96845,1.4078249999999999,4.21885,1092.8125,13.876325,0.89335,13.600875,14.019974999999999,14.16635,6271.2925000000005,54.375
1992-03-02,55.638,0.54724,0.31514,0.72632,71.598,NA,0.65126,412.514,2.99068,1.40736,4.2429,1099.096,13.96734,0.90272,13.6624,15.12592,14.2511,6293.26,54.92
1992-03-09,55.980000000000004,0.54802,0.31868,0.72538,72.848,NA,0.65574,418.274,3.0004,1.40484,4.24616,1101.548,14.03022,0.91556,13.7531,15.32266,14.18912,6302.23,55.26
1992-03-16,55.915,0.5477,0.3174,0.722475,72.95,NA,0.654975,422.51,2.99895,1.4183,4.239975,1102.455,14.054400000000001,0.905725,13.81925,15.645075,14.1175,6298.55,55.15
1992-03-23,56.058,0.5496,0.31948,0.7202999999999999,73.514,NA,0.6543599999999999,417.344,3.01136,1.41796,4.2538599999999995,1104.722,14.10678,0.9127,13.880880000000001,15.99332,14.1127,6320.4,55.32
1992-03-30,55.626,0.54674,0.31572,0.71258,73.078,NA,0.6509,423.598,2.98928,1.41096,4.23136,1099.86,14.00104,0.906,13.77634,15.8226,13.91448,6228.564,54.88
1992-04-06,55.314,0.54484,0.31112,0.71322,72.398,NA,0.64732,431.726,2.97754,1.39454,4.21468,1096.478,13.9595,0.89968,13.64098,15.7949,14.00788,6167.588,54.58
1992-04-13,55.3425,0.54445,0.30925,0.711975,72.5275,NA,0.6437999999999999,424.82,2.975675,1.3873,4.21025,1096.355,13.9201,0.9012249999999999,13.618025,15.7822,13.905825,6163.175,54.55
1992-04-20,54.9725,0.538875,0.30635,0.707125,72.4225,NA,0.63825,428.6325,2.97405,1.36815,4.170525,1085.565,13.82795,0.8939,13.50505,15.507425000000001,13.845500000000001,6100.0675,54.2
1992-04-27,54.82,0.53794,0.30332000000000003,0.71038,71.824,NA,0.6421399999999999,427.478,2.96892,1.3607,4.1697,1084.118,13.80394,0.88996,13.432,15.44958,13.92132,6088.4039999999995,54.08
1992-05-04,54.622,0.53832,0.3011,0.71178,71.412,NA,0.64396,411.24399999999997,2.9662,1.3564,4.16876,1086.638,13.77482,0.88836,13.393,15.43904,14.08746,6088.4,53.94
1992-05-11,54.013999999999996,0.53396,0.2955,0.7088599999999999,70.162,NA,0.64292,407.916,2.94216,1.3482399999999999,4.1318,1077.836,13.66326,0.8749399999999999,13.21246,15.137780000000001,14.07626,6039.088,53.38
1992-05-18,53.754,0.53422,0.29228,0.70512,69.162,NA,0.6389199999999999,426.866,2.93824,1.34694,4.1324000000000005,1080.978,13.635019999999999,0.87186,13.20522,15.16758,13.94008,6042.028,53
1992-05-25,53.996,0.5359,0.29525999999999997,0.70684,69.282,NA,0.64408,428.258,2.9453,1.35076,4.15022,1085.258,13.6556,0.87502,13.22068,15.42158,13.97272,6061.028,53.2
1992-06-01,53.82,0.5369999999999999,0.294725,0.7053,68.3375,NA,0.64335,430.4975,2.950825,1.3565,4.154725,1088.5875,13.6398,0.874225,13.245625,15.405225,14.1462,6038.565,52.975
1992-06-08,54.27,0.54278,0.29576,0.71164,68.996,NA,0.64716,436.144,2.98256,1.36686,4.19764,1101.198,13.79364,0.88232,13.30406,15.46906,14.39268,6103.562,53.42
1992-06-15,54.2475,0.5426,0.291875,0.7199,68.8075,NA,0.6492,437.19,2.981575,1.3658,4.1965,1100.3875,13.771575,0.880575,13.267875,15.436975,13.995725,6101.5375,53.475
1992-06-22,54.4,0.54545,0.291175,0.7262500000000001,69.0925,NA,0.6513249999999999,433.27,2.99725,1.36925,4.217675,1106.615,13.847425,0.883325,13.314250000000001,15.46355,14.123,6133.585,53.725
1992-06-29,53.948,0.54462,0.28538,0.72532,68.09,NA,0.65384,430.36,2.97908,1.3631199999999999,4.21012,1105.828,13.777379999999999,0.88092,13.267,15.6033,13.86166,6062.166,53.32
1992-07-06,53.936,0.5444,0.2848,0.73162,67.9,NA,0.65042,427.954,2.97784,1.36086,4.2103,1106.278,13.76834,0.87878,13.21152,15.58398,13.87622,6018.342,53.38
1992-07-13,54.111999999999995,0.54736,0.28426,0.7343,68.536,NA,0.65256,430.822,2.99406,1.36664,4.23176,1108.4660000000001,13.83268,0.8816200000000001,13.433300000000001,15.68188,13.77124,6051.066,53.6
1992-07-20,54.306,0.54866,0.28608,0.73434,68.952,NA,0.65306,433.106,3.00118,1.37132,4.24398,1112.674,13.83062,0.88596,13.4815,15.63682,13.81822,6065.436000000001,53.76
1992-07-27,54.22,0.54604,0.28426,0.7332799999999999,69.66,NA,0.64722,429.954,2.98684,1.36564,4.22454,1108.262,13.84132,0.8813,13.5376,15.55262,13.70496,6036.472,53.78
1992-08-03,54.078,0.54424,0.28396,0.7349,69.33800000000001,NA,0.64466,428.43600000000004,2.97702,1.36108,4.20818,1103.938,13.76778,0.87664,13.46554,15.46154,13.56236,5970.312,53.68
1992-08-10,53.8525,0.540125,0.28035,0.742625,68.85249999999999,NA,0.642625,425.195,2.932875,1.350325,4.1757,1095.81,13.670575,0.869375,13.422,15.360825,13.59535,5925.172500000001,53.55
1992-08-17,53.734,0.53934,0.27996,0.7460600000000001,68.124,NA,0.64448,426.796,2.93116,1.34732,4.1710199999999995,1094.22,13.64038,0.8679,13.43602,15.35742,13.3636,5916.5599999999995,53.44
1992-08-24,53.444,0.54001999999999994,0.27252,0.7537200000000001,67.34,NA,0.6435,426.184,2.93484,1.34442,4.17424,1094.71,13.60938,0.86396,13.466899999999999,15.40934,13.00684,5924.022,53.24
1992-08-31,53.22,0.5399,0.27132,0.75248,66.498,NA,0.64598,424.18399999999997,2.9342,1.3453199999999998,4.17276,1095.356,13.57214,0.86154,13.439160000000001,15.37786,12.6372,5909.74,53.04
1992-09-07,53.57,0.54226,0.27404,0.7551,66.908,NA,0.65672,425.476,2.94702,1.35206,4.19122,1101.93,13.62326,0.86456,13.50666,15.41978,13.34742,5932.3240000000005,53.34
1992-09-14,54.554,0.54486,0.2961,0.74538,67.802,NA,0.66316,428.246,2.96116,1.36982,4.2123,1108.788,13.76258,0.87278,13.632399999999999,15.47844,13.7422,5960.768,53.96
1992-09-21,54.277499999999996,0.5388999999999999,0.31545,0.7435,65.8175,NA,0.667,431.12,2.992025,1.352425,4.165275,1100.9175,13.612025,0.864275,13.48195,15.3491,13.54685,5895.5675,53.650000000000006
1992-09-28,53.834999999999994,0.5387500000000001,0.3086,0.750875,64.395,NA,0.67325,431,2.991175,1.3457,4.162875,1100.6100000000001,13.608225000000001,0.858225,13.444424999999999,15.33705,13.521175,5885.7675,53.325
1992-10-05,54.57,0.54362,0.31804,0.75634,65.352,NA,0.67832,427.54200000000003,3.01906,1.35988,4.202,1105.818,13.64506,0.86858,13.59702,15.4273,13.576179999999999,5914.584,53.96
1992-10-12,54.615,0.5428999999999999,0.3182,0.752975,65.63499999999999,NA,0.676925,425.795,3.003,1.359975,4.196975,1105.875,13.6786,0.87365,13.65085,15.43615,13.46035,5906.7525000000005,54
1992-10-19,54.81,0.5397333333333334,0.33203333333333335,0.7512333333333333,65.79,NA,0.6708999999999999,422.09666666666664,2.9814666666666665,1.3519,4.172233333333334,1099.2533333333333,13.612433333333334,0.8724333333333333,13.527566666666667,15.312233333333333,13.2868,5872.3,54.2
1992-10-26,54.597500000000004,0.532225,0.33805,0.757525,65.235,NA,0.66105,417.0375,2.94,1.334625,4.113325,1085.5075,13.463825,0.861475,13.360050000000001,15.15155,13.11285,5790.61,54.175
1992-11-02,54.312,0.52506,0.34021999999999997,0.75676,64.64,NA,0.65486,410.672,2.90042,1.31992,4.05942,1071.55,13.33656,0.85434,13.19268,14.91962,12.92392,5678.523999999999,53.839999999999996
1992-11-09,54.5375,0.52535,0.34475,0.75605,65.0975,NA,0.662975,410.95,2.902025,1.324875,4.060175,1077.1999999999998,13.360900000000001,0.85895,13.230975,14.95975,12.9343,5681.66,54.075
1992-11-16,54.08,0.51915,0.33945000000000003,0.7550749999999999,64.505,NA,0.6618,407.1575,2.867775,1.31025,4.01555,1066.2350000000001,13.223400000000002,0.849525,13.068375,14.765325,12.908425000000001,5614.605,53.65
1992-11-23,53.924,0.51666,0.33986,0.75156,64.044,NA,0.66412,406.632,2.85404,1.305,3.99698,1064.4,13.17,0.84366,13.06138,14.65866,13.2166,5587.68,53.4
1992-11-30,53.762,0.51482000000000006,0.33502,0.75234,64.132,NA,0.65952,404.344,2.84386,1.3058,3.9869,1060.608,13.13316,0.8429599999999999,12.99322,14.76236,13.11224,5464.826,53.300000000000004
1992-12-07,53.784,0.51812,0.3292,0.74908,64.322,NA,0.65982,408.4,2.86212,1.31622,4.01098,1067.63,13.20722,0.8488800000000001,13.08376,14.99352,13.19602,5473.936000000001,53.22
1992-12-14,53.782000000000004,0.51754,0.3301,0.7500600000000001,63.944,NA,0.66002,408.998,3.02244,1.3322399999999999,4.00436,1066.872,13.17564,0.84796,13.07404,14.9792,13.1532,5467.81,53.14
1992-12-21,53.7575,0.516425,0.3336,0.74745,63.74,NA,0.65185,407.865,3.015925,1.338125,3.9953250000000002,1064.575,13.143925,0.8448,13.00745,14.965275,12.951225,5456.03,53.125
1992-12-28,53.92333333333333,0.5137666666666667,0.3409,0.7468,64.01333333333334,NA,0.6520666666666667,405.5,3.0004,1.3423333333333334,3.9769,1060.19,13.096266666666667,0.8428,12.9334,14.873533333333333,12.8935,5427.946666666667,53.233333333333334
1993-01-04,53.775000000000006,0.509025,0.3329,0.75535,63.6975,NA,0.651325,402.32,2.9726749999999997,1.3205,3.940975,1051.0525,12.9953,0.844375,12.8045,14.75395,12.9301,5344.7625,53.1
1993-01-11,54.176,0.51274,0.3319,0.76298,64.352,NA,0.65574,405.894,2.9944,1.33062,3.96796,1056.324,13.10016,0.85002,12.93966,14.83172,12.93582,5383.7699999999995,53.56
1993-01-18,54.28,0.513925,0.334175,0.768275,64.365,NA,0.65905,406.9175,3.001325,1.3314,3.9752,1058.7625,13.120375,0.84975,12.95595,14.8717,12.96605,5396.2125,53.725
1993-01-25,54.314,0.51672,0.33712000000000003,0.7655,64.21,NA,0.65674,410.048,3.01764,1.34684,3.9952799999999997,1064.74,13.16484,0.84772,13.0626,15.07668,13.10972,5425.56,53.7
1993-02-01,54.614,0.51522,0.3557,0.76034,64.278,NA,0.65112,409.574,3.00888,1.35292,3.98474,1062.31,13.16014,0.84994,13.05678,15.28404,13.05292,5422.692,53.94
1993-02-08,54.294,0.51188,0.35772,0.76096,62.6,NA,0.64544,408.198,2.98936,1.34732,3.95862,1054.552,13.09826,0.84372,13.14208,15.45156,12.94022,5387.536,53.56
1993-02-15,54.234,0.5152599999999999,0.35908,0.75484,61.88,NA,0.64876,410.62399999999997,3.00912,1.35466,3.98426,1061.516,13.1578,0.84736,13.26472,15.52184,13.055539999999999,5423.114,53.36
1993-02-22,54.480000000000004,0.5225,0.360825,0.7536,61.1925,NA,0.65655,415.90250000000003,3.0514,1.372775,4.040125,1075.325,13.254774999999999,0.85765,13.401975,15.779675,13.213975,5499.3150000000005,53.4
1993-03-01,54.868,0.5276799999999999,0.36556,0.7463,62.042,NA,0.6574,419.2,3.08166,1.38318,4.08028,1087.552,13.43382,0.86728,13.52638,16.92606,13.33774,5559.11,53.68
1993-03-08,54.9375,0.5281,0.36660000000000004,0.747275,61.9975,NA,0.65746,418.668,3.0841,1.37828,4.08444,1087.968,13.40698,0.86976,13.59118,16.67216,13.369159999999999,5563.534000000001,53.7
1993-03-15,55.126,0.53004,0.36556,0.74924,62.192,NA,0.66186,420.13800000000003,3.09544,1.3762400000000001,4.099279999999999,1092.866,13.50078,0.87134,13.72118,16.7682,13.44064,5583.97,53.9
1993-03-22,55.158,0.533,0.3601,0.75256,61.928,NA,0.66362,422.68,3.11274,1.38476,4.120979999999999,1106.04,13.52792,0.8759,13.843160000000001,16.8949,13.5625,5615.154,53.9
1993-03-29,54.832499999999996,0.53122,0.35309999999999997,0.754775,61.305,NA,0.6672,421.824,3.03804,1.37672,4.10684,1100.746,13.47592,0.86944,13.75024,16.6633,13.60252,5599.052,53.66
1993-04-05,54.9275,0.53425,0.352125,0.758575,60.8075,NA,0.673275,425.25,3.0553749999999997,1.3793250000000001,4.130525,1105.8775,13.51165,0.86835,13.819775,16.76495,13.81605,5635,53.6
1993-04-12,55.1125,0.5403,0.3494,0.753875,61.2,NA,0.681075,430.0375,3.089975,1.394775,4.1768,1117.9375,13.65775,0.87835,13.92485,16.976475,14.11065,5698.8125,53.775
1993-04-19,54.95,0.54098,0.35054,0.75564,59.918,NA,0.68076,430.52,3.09386,1.39072,4.18166,1116.1100000000001,13.63358,0.87578,13.871739999999999,17.10758,14.105500000000001,5705.988,53.58
1993-04-26,55.198,0.54466,0.34504,0.7615,60.54,NA,0.69112,433.502,3.1149,1.39952,4.20894,1126.262,13.69868,0.8796,14.00326,17.25122,14.33352,5744.8,53.86
1993-05-03,55.166,0.54262,0.34556,0.7711600000000001,59.928000000000004,NA,0.6893,432.244,3.1032599999999997,1.39154,4.19376,1126.47,13.68524,0.87476,13.91164,17.12468,14.64344,5734.136,53.88
1993-05-10,55.58,0.5436799999999999,0.35306,0.77352,60.552,NA,0.69194,434.616,3.1092999999999997,1.39612,4.2028,1128.202,13.694700000000001,0.8780399999999999,13.99544,17.15956,14.68708,5745.34,54.3
1993-05-17,55.398,0.54032,0.35044,0.77686,59.986,NA,0.68536,433.284,3.09006,1.387,4.17598,1123.0919999999999,13.63066,0.87276,13.91332,17.09432,14.587340000000001,5709.834,54.12
1993-05-24,55.742000000000004,0.5455,0.35296,0.7848,59.446,NA,0.68932,437.098,3.11972,1.39706,4.21448,1133.862,13.77178,0.87796,14.12066,17.24798,14.73376,5764.572,54.38
1993-05-31,55.364,0.54086,0.34874,0.79828,57.918,NA,0.6887,434.128,3.09316,1.38208,4.178,1124.214,13.599779999999999,0.8684,14.0113,17.15788,14.6981,5726.352,54.14
1993-06-07,55.125,0.536675,0.352725,0.7973,57.0475,NA,0.6871,430.05,3.06925,1.3739,4.147724999999999,1115.75,13.508075,0.863525,13.8945,16.8701,14.572575,5684.7325,53.85
1993-06-14,55.752,0.54274,0.35744,0.8027,57.568,NA,0.69378,435.124,3.10392,1.39206,4.19624,1128.358,13.6401,0.87666,14.07976,17.16686,14.76642,5748.972,54.4
1993-06-21,56.082,0.53948,0.36514,0.79576,59.328,NA,0.69012,433.262,3.0852999999999997,1.39544,4.182,1125.556,13.65426,0.88172,14.1266,17.02372,14.689639999999999,5714.442,54.76
1993-06-28,55.79,0.53806,0.35894,0.80496,57.478,NA,0.691,432.134,3.07716,1.38646,4.16774,1125.178,13.58052,0.87328,14.091800000000001,16.91658,14.67608,5695.742,54.419999999999995
1993-07-05,56.552,0.54542,0.36348,0.80376,59.164,NA,0.69976,438.554,3.11924,1.40262,4.22866,1141.334,13.811,0.88588,14.32392,17.229,14.95322,5768.09,55.08
1993-07-12,57.082499999999996,0.54922,0.36885999999999997,0.8092,59.63,NA,0.70324,442.408,3.141,1.41208,4.26048,1148.998,13.943159999999999,0.89118,14.43576,17.36042,15.10258,5808.276,55.54
1993-07-19,56.948,0.54886,0.3658,0.8106599999999999,59.174,NA,0.7018800000000001,443.588,3.13894,1.40974,4.25602,1147.474,13.90854,0.88836,14.48164,17.33276,15.24122,5804.468,55.42
1993-07-26,57.172,0.55144,0.36932,0.8119,58.676,NA,0.70822,445.478,3.15368,1.41432,4.27678,1152.434,13.9499,0.89156,14.74108,17.4059,15.27012,5831.754,55.5
1993-08-02,56.864,0.55216,0.36944,0.804,57.638,NA,0.7126399999999999,445.428,3.15778,1.41024,4.28138,1157.326,13.94342,0.89142,14.7558,17.36258,15.37274,5915.014,55.06
1993-08-09,56.81,0.5503399999999999,0.37232,0.80706,57.11,NA,0.71728,445.138,3.1473999999999998,1.40456,4.26612,1151.338,13.86944,0.88622,14.71142,17.3331,15.37872,5895.518,54.98
1993-08-16,56.988,0.5542,0.37162,0.81826,56.492000000000004,NA,0.7297,448.964,3.16944,1.4132,4.29506,1159.9,13.94914,0.89134,14.81698,17.44092,15.49666,5936.866,55.14
1993-08-23,57.308,0.55462,0.36922,0.827,57.774,NA,0.73044,449.2,3.17188,1.41362,4.29756,1163.212,13.9488,0.8912,14.83106,17.55666,15.53582,5941.368,55.62
1993-08-30,57.147999999999996,0.5520999999999999,0.36904,0.82744,57.866,NA,0.731,445.96999999999997,3.15744,1.40646,4.27758,1160.848,13.87882,0.8861,14.758,17.41528,15.492,5930.084,55.54
1993-09-06,56.918,0.54998,0.35760000000000003,0.8407,57.686,NA,0.72572,444.112,3.14532,1.3998599999999999,4.25666,1156.588,13.83668,0.8809400000000001,14.67248,17.38452,15.39376,5917.784,55.44
1993-09-13,57.118,0.55074,0.35648,0.8495,58.06,NA,0.72424,445.322,3.14968,1.40158,4.25906,1157.744,13.85162,0.8795,14.71694,17.36936,15.50846,5925.962,55.74
1993-09-20,57.46,0.55318,0.36388,0.84794,58.362,NA,0.73042,447.984,3.16362,1.40944,4.28,1162.876,13.9165,0.88144,14.7135,17.39716,15.57122,5952.216,55.86
1993-09-27,57.47,0.5517,0.36556,0.85178,58.326,NA,0.73384,446.23,3.15612,1.40524,4.26828,1160.498,13.92128,0.87502,14.7816,17.38724,15.97516,5939.59,56.04
1993-10-04,57.18,0.54986,0.36308,0.8446,58.074,NA,0.7349,446.29200000000003,3.14464,1.39842,4.2508,1156.87,13.89588,0.86322,14.69458,17.3511,15.91074,5932.99,55.76
1993-10-11,57.154,0.55182,0.36122,0.83668,58.598,NA,0.73346,447.752,3.1558599999999997,1.40276,4.26314,1160.798,13.906080000000001,0.86414,14.69614,17.37362,16.01504,5954.136,55.68
1993-10-18,57.708,0.55444,0.37226,0.834,59.602,NA,0.72986,448.866,3.20042,1.41086,4.28696,1165.524,13.99396,0.87332,14.785260000000001,17.495,16.27692,5982.41,56.18
1993-10-25,57.945,0.55525,0.3744,0.8319,60.155,NA,0.7328250000000001,449.295,3.205075,1.418175,4.2917000000000005,1167.2275,14.071225,0.8768499999999999,14.77655,17.46525,16.2444,5991.1475,56.4
1993-11-01,57.826,0.55504,0.37478,0.82426,60.050000000000004,NA,0.72414,448.192,3.2038800000000003,1.42194,4.28854,1166.786,14.06588,0.88338,14.73742,17.45086,15.95664,6009.696,56.24
1993-11-08,56.618,0.54284,0.36698000000000003,0.81392,58.346000000000004,NA,0.70896,438.016,3.13344,1.38458,4.19472,1137.076,13.767199999999999,0.86408,14.4617,17.05428,15.34084,5877.6,55.06
1993-11-15,56.924,0.54454,0.36728,0.82536,58.134,NA,0.71878,439.454,3.14326,1.3887800000000001,4.207879999999999,1138.2540000000001,13.77538,0.86846,14.51112,17.11626,15.60222,5896.006,55.339999999999996
1993-11-22,57.455999999999996,0.5486,0.37006,0.82714,59.458,NA,0.7287,442.678,3.1667,1.40004,4.23824,1153.976,13.9522,0.87648,14.60146,17.24742,15.64796,5939.968,55.879999999999995
1993-11-29,57.403999999999996,0.5466,0.3685,0.82658,59.538,NA,0.72856,441.61199999999997,3.1651000000000002,1.39782,4.22256,1149.044,13.90132,0.87484,14.59624,17.18668,15.23766,5923.24,55.839999999999996
1993-12-06,57.638,0.55214,0.36924,0.82468,59.804,NA,0.7317,446.87399999999997,3.19718,1.40904,4.26422,1160.69,14.04222,0.88204,14.68144,17.3603,15.29588,5986.58,56
1993-12-13,58.272,0.55754,0.37464,0.82872,60.976,NA,0.74354,451.724,3.22842,1.42128,4.30664,1172.534,14.16154,0.88856,14.78608,17.5204,15.6401,6045.13,56.64
1993-12-20,58.462,0.56002,0.37524,0.82484,61.942,NA,0.74766,454.144,3.24558,1.43194,4.32574,1177.502,14.2535,0.89148,14.7856,17.6038,15.50576,6072.018,56.82
1993-12-27,58.623333333333335,0.5583666666666667,0.3749,0.8256,62.42666666666667,NA,0.7420333333333333,451.29333333333335,3.2444,1.4941333333333333,4.312366666666667,1174.27,14.225866666666667,0.8948,14.726,17.587200000000003,15.4662,6054.093333333333,56.96666666666667
1994-01-03,59.18,0.5588,0.37646666666666667,0.8153333333333334,62.983333333333334,NA,0.7378666666666667,453.74333333333334,4.855966666666666,1.4682333333333333,4.316366666666667,1180.3966666666668,14.273299999999999,0.8920666666666667,14.679666666666666,17.529566666666668,15.451666666666666,6071.366666666667,56.9
1994-01-10,59.071999999999996,0.55874,0.37344,0.8114,62.646,NA,0.73856,453.54,4.8601,1.5187,4.31692,1172.594,14.2645,0.89684,14.70432,17.57098,15.4593,6070.71,56.68
1994-01-17,59.254,0.56262,0.3766,0.80698,62.544,NA,0.73938,456.23,4.89704,1.53884,4.34636,1186.33,14.378260000000001,0.90438,14.86016,17.67276,15.64988,6112.866,56.72
1994-01-24,59.506,0.56758,0.37942000000000004,0.80302,62.784,NA,0.74654,459.282,4.94096,1.56608,4.38386,1201.228,14.49756,0.90792,15.026900000000001,17.86536,15.75018,6166.758,56.88
1994-01-31,59.494,0.57102,0.38166,0.7998000000000001,62.032000000000004,NA,0.76046,461.392,4.96786,1.58152,4.41066,1207.74,14.54458,0.90708,15.088799999999999,17.9631,15.77486,6216.932,56.74
1994-02-07,59.904,0.57418,0.39008,0.80154,62.264,NA,0.77118,464.082,4.99536,1.58612,4.44642,1214.22,14.6206,0.91204,15.17358,18.06922,15.83642,6254.544,57.12
1994-02-14,59.437999999999995,0.57408,0.38898,0.80584,59.686,NA,0.7734,465.67199999999997,4.99446,1.59374,4.44218,1214.214,14.62252,0.91178,15.169640000000001,18.0577,15.89384,6253.454,56.54
1994-02-21,59.708,0.57728,0.39004,0.80162,60.82,NA,0.77686,466.908,5.02246,1.58774,4.4634,1235.4759999999999,14.6532,0.9155599999999999,15.27522,18.15608,15.994060000000001,6288.312,56.8
1994-02-28,59.374,0.57434,0.38552,0.80636,59.892,NA,0.7772,463.996,4.9994,1.56402,4.43856,1231.432,14.52554,0.9085,15.2119,18.0639,15.895380000000001,6280.15,56.5
1994-03-07,59.438,0.5744400000000001,0.38480000000000003,0.8044,60.538,NA,0.77912,464.26,5.00182,1.563,4.4390600000000004,1232.968,14.54646,0.91052,15.15912,18.07736,15.8417,6287.246,56.6
1994-03-14,59.552,0.57592,0.38564,0.80496,60.936,NA,0.78642,464.46,5.01156,1.5706,4.4496,1236.306,14.56844,0.9127,15.21096,18.11828,15.8727,6303.446,56.72
1994-03-21,58.942,0.56898,0.3816,0.80016,60.33,NA,0.779,459.446,4.95062,1.54926,4.39592,1222.298,14.408199999999999,0.90084,15.0178,17.89188,15.68736,6227.486,56.22
1994-03-28,58.42,0.5662,0.37975000000000003,0.8022750000000001,58.595,NA,0.7803249999999999,457.53999999999996,4.926525,1.52035,4.3743,1217.3725,14.297975000000001,0.8904,14.949575,17.79495,15.607325,6197.06,55.7
1994-04-04,58.645,0.5659,0.384975,0.799525,58.9725,NA,0.78295,457.84000000000003,4.92145,1.5223,4.373,1219.6125,14.30485,0.889225,14.919975,17.79315,15.596925,6199.4325,55.425
1994-04-11,58.528,0.56828,0.38534,0.78688,58.980000000000004,NA,0.78484,460.34,4.94356,1.52838,4.39058,1226.33,14.38318,0.8881,14.993,17.86,15.65852,6225.508,55.9
1994-04-18,58.57,0.56914,0.38442,0.79194,58.788,NA,0.78692,460.456,4.94878,1.53042,4.3979,1228.184,14.37586,0.8871600000000001,15.01726,17.89144,15.67128,6234.928,55.6
1994-04-25,58.900000000000006,0.574375,0.38195,0.802575,58.835,NA,0.791825,463.58,4.991825,1.5443500000000001,4.437225,1241.085,14.4861,0.8928499999999999,15.169425,18.04645,15.767075,6292.2775,55.975
1994-05-02,59.074,0.57678,0.38262,0.8099999999999999,58.717999999999996,NA,0.7982,465.528,5.01798,1.53672,4.45602,1244.672,14.52846,0.89694,15.23738,18.11866,15.70028,6324.394,56.18
1994-05-09,59.57,0.58072,0.38867999999999997,0.8073,60.144,NA,0.80062,468.588,5.05224,1.51608,4.4866,1254.2540000000001,14.63508,0.9019,15.47512,18.22822,16.00118,6367.594,56.76
1994-05-16,59.994,0.58594,0.38966,0.80544,61.152,NA,0.80636,472.458,5.09764,1.52582,4.52702,1267.444,14.79648,0.90416,15.70462,18.39218,16.14498,6424.832,57.12
1994-05-23,60.066,0.5884199999999999,0.39038,0.80292,61.396,NA,0.8133,474.38800000000003,5.11926,1.52522,4.54576,1273.096,14.81432,0.90408,15.80512,18.47048,16.21334,6452.023999999999,57.160000000000004
1994-05-30,60.452,0.59246,0.39214,0.80426,61.954,NA,0.81996,477.598,5.15436,1.53204,4.57772,1282.046,14.92798,0.90964,16.00354,18.59762,16.32464,6503.804,57.480000000000004
1994-06-06,60.3025,0.590125,0.390975,0.803675,61.6325,NA,0.8109999999999999,475.71500000000003,5.13405,1.5312999999999999,4.5625,1278.1575,14.898399999999999,0.9048,15.97785,18.524,16.12185,6483.1125,57.35
1994-06-13,59.95,0.58892,0.388,0.80384,60.754,NA,0.8171200000000001,474.858,5.12358,1.52846,4.55398,1276.652,14.83052,0.9022,15.93484,18.4862,15.85888,6469.876,57
1994-06-20,59.934,0.59316,0.38602,0.8051,60.284,NA,0.82342,478.464,5.148,1.53668,4.5842,1285.846,14.89904,0.90634,16.04478,18.6193,15.96144,6516.456,56.94
1994-06-27,59.79,0.5929800000000001,0.3828,0.81756,58.872,NA,0.8207,478.094,5.14646,1.54238,4.58332,1284.898,14.84304,0.9039,15.95406,18.59972,15.95614,6514.958,56.78
1994-07-04,60.082,0.5972000000000001,0.38766,0.8195,59,NA,0.8279,481.388,5.18308,1.55342,4.61542,1295.612,14.9427,0.90822,15.9101,18.74044,15.98526,6563.23,57.06
1994-07-11,60.134,0.60258,0.38536,0.81928,59.034,NA,0.8328800000000001,485.568,5.22976,1.56102,4.65556,1307.114,15.0457,0.9114,16.06494,18.90112,15.83566,6622.354,57.1
1994-07-18,60.18,0.60056,0.3879,0.8174,59.24,NA,0.8275,484.282,5.21224,1.5573000000000001,4.63938,1300.194,14.99526,0.90732,15.96298,18.84888,15.80232,6600.156,57.12
1994-07-25,60.410000000000004,0.60286,0.39414,0.81338,59.502,NA,0.83252,483.946,5.23222,1.5632599999999999,4.6570599999999995,1306.87,15.08282,0.91052,16.054000000000002,18.92256,15.890039999999999,6625.432,57.32
1994-08-01,60.484,0.60154,0.39078,0.81926,60.04,NA,0.8349,482.81,5.22074,1.55114,4.64706,1302.316,15.01972,0.90652,15.9636,18.8745,15.8446,6613.934,57.46
1994-08-08,60.404,0.6017,0.39026,0.81016,60.702,NA,0.82884,483.718,5.22214,1.54732,4.649039999999999,1300.412,15.0651,0.90566,15.93952,18.87502,15.73326,6615.692,57.4
1994-08-15,60.21,0.60134,0.38974000000000003,0.81168,60.088,NA,0.82878,484.218,5.219,1.53728,4.6467,1299.632,15.04478,0.905,15.92364,18.86554,15.71904,6611.734,57.24
1994-08-22,60,0.60104,0.3868,0.81374,59.234,NA,0.82526,482.80199999999996,5.21642,1.53154,4.64454,1298.984,15.0185,0.9022,15.861519999999999,18.85372,15.90924,6608.434,57
1994-08-29,60.344,0.6024999999999999,0.39242,0.81028,60.2,NA,0.82396,482.706,5.2291,1.53872,4.6558,1308.0800000000002,15.08512,0.90382,15.81568,18.90282,15.89308,6625.6939999999995,57.339999999999996
1994-09-05,60.362,0.60436,0.39088,0.81404,59.998,NA,0.82662,484.178,5.2452,1.54334,4.6699,1315.546,15.10448,0.90608,15.83296,18.9609,15.84996,6647.96,57.379999999999995
1994-09-12,60.08,0.60298,0.38584,0.81206,59.782,NA,0.81676,482.424,5.23322,1.53988,4.65914,1311.97,15.0444,0.89694,15.80426,18.91578,15.55066,6632.78,57.14
1994-09-19,59.908,0.6022,0.38238,0.81364,59.16,NA,0.80936,481.47,5.22648,1.53882,4.65314,1309.6979999999999,15.03246,0.89014,15.79706,18.8889,15.39994,6624.2,56.94
1994-09-26,59.948,0.6024,0.38198,0.81384,59.212,NA,0.8097599999999999,482.3,5.22822,1.54508,4.6548,1309.564,15.0187,0.89504,15.77998,18.89488,15.58548,6626.4,56.98
1994-10-03,60.152,0.60346,0.38126,0.8154,60.012,NA,0.81226,482.39799999999997,5.237439999999999,1.54766,4.6631,1311.868,15.09028,0.89224,15.81684,18.92814,15.41922,6642.284,57.22
1994-10-10,60.467999999999996,0.6055,0.38217999999999996,0.82174,60.6,NA,0.8167800000000001,484.972,5.25512,1.55458,4.67898,1315.846,15.16328,0.89632,15.87032,18.99212,15.449440000000001,6664.738,57.58
1994-10-17,60.538,0.61136,0.37886,0.83076,59.688,NA,0.828,488.604,5.30598,1.55992,4.72406,1328.466,15.24208,0.90008,15.9624,19.17654,15.4136,6729.24,57.6
1994-10-24,60.4775,0.6134000000000001,0.3751,0.8288,59.480000000000004,NA,0.8291,489.1075,5.323675,1.564325,4.739875,1331.74,15.277725,0.9027499999999999,15.980225,19.243125,15.2956,6751.695,57.5
1994-10-31,60.78,0.6154799999999999,0.38188,0.82968,59.726,NA,0.83464,490.026,5.341740000000001,1.57494,4.7565,1336.2579999999998,15.3448,0.90406,16.03312,19.31438,15.31722,6788.378,57.7
1994-11-07,61.242000000000004,0.62134,0.3856,0.82526,60.568,NA,0.843,495.116,5.39258,1.5905,4.8022,1349.566,15.4832,0.91202,16.18578,19.52192,14.9563,6856.486,58.12
1994-11-14,61.454,0.6204,0.39272,0.82472,60.972,NA,0.84612,494.122,5.28064,1.59084,4.79576,1349.928,15.50844,0.9133,16.26876,19.465059999999998,15.11916,6846.114,58.3
1994-11-21,61.602000000000004,0.62262,0.39738,0.81912,61.266,NA,0.85548,495.322,5.3002,1.59238,4.81398,1354.6979999999999,15.57718,0.91252,16.4124,19.53284,14.9079,6870.61,58.42
1994-11-28,61.982,0.62612,0.40038,0.8186,61.946,NA,0.86158,497.6,5.3281600000000005,1.60094,4.84232,1362.492,15.67962,0.91768,16.45804,19.64512,15.03784,6913.2660000000005,58.699999999999996
1994-12-05,62.676,0.63252,0.40498,0.8202,63.424,NA,0.8718,500.578,5.38016,1.62184,4.893079999999999,1379.672,15.877320000000001,0.9278,16.66388,19.847179999999998,15.23298,6989.978,59.36
1994-12-12,63.14,0.63788,0.40836,0.8226,63.916,NA,0.88532,505.936,5.4155999999999995,1.63524,4.9364,1395.858,16.02394,0.93514,16.8442,20.01154,15.39224,7049.212,59.74
1994-12-19,63.32,0.63922,0.41132,0.82406,64.094,NA,0.89244,506.86,5.41526,1.63808,4.94598,1397.816,16.05356,0.93596,16.86962,20.07054,15.44906,7064.02,59.92
1994-12-26,63.446666666666665,0.6423333333333333,0.41173333333333334,0.8269666666666666,64.08666666666667,NA,0.9025333333333333,507,5.427066666666667,1.6426666666666667,4.9703333333333335,1412.1366666666665,16.1269,0.9384333333333333,16.941033333333333,20.162833333333335,15.746566666666666,7098.426666666667,60.03333333333333
1995-01-02,63.32333333333333,0.6383666666666666,0.40856666666666663,0.8302,64.45,NA,0.8943333333333333,504.61333333333334,5.39,1.6289,4.946,1403.21,16.042066666666667,0.9277,16.785633333333333,20.0245,15.679166666666667,7050.76,60.03333333333333
1995-01-09,63.37,0.63966,0.40952,0.83462,64.002,NA,0.90316,506.358,5.3997,1.63514,4.96298,1416.68,16.07486,0.93022,16.83988,20.0655,15.67798,7065.046,60.06
1995-01-16,63.366,0.64066,0.4075,0.84118,63.403999999999996,NA,0.9092,508.232,5.4075,1.6357599999999999,4.96056,1419.532,16.067140000000002,0.92956,16.84394,20.09944,15.783,7076.09,60.06
1995-01-23,63.524,0.6443,0.40468,0.83892,64.146,NA,0.91176,507.988,5.43726,1.64876,4.98222,1430.0620000000001,16.15842,0.93542,16.93226,20.22006,15.91952,7116.294,60.22
1995-01-30,63.262,0.6396,0.40342,0.8432,63.454,NA,0.90048,505.338,5.3972,1.6345399999999999,4.9465,1418.748,16.0341,0.93008,16.81502,20.06554,15.7973,7068.602,60
1995-02-06,62.86,0.631575,0.405675,0.847,62.63,NA,0.883075,500.04,5.328425,1.61005,4.8828,1402.4875,15.826975,0.919475,16.607699999999998,19.80225,15.64665,6982.6925,59.75
1995-02-13,62.928,0.6342800000000001,0.4052,0.84988,62.394,NA,0.8911,503.232,5.3503,1.61806,4.90336,1405.214,15.86652,0.92118,16.71754,19.89356,15.85294,7012.602,59.82
1995-02-20,62.668,0.63334,0.39938,0.85726,61.458,NA,0.88508,500.106,5.3411,1.61722,4.89606,1401.456,15.8003,0.9196,16.695140000000002,19.88148,16.09168,7002.206,59.56
1995-02-27,62.74,0.63474,0.39958,0.86008,61.35,NA,0.88744,500.936,5.35122,1.61966,4.90768,1406.596,15.81948,0.91914,16.719260000000002,20.00258,16.41018,7015.402,59.6
1995-03-06,62.769999999999996,0.6444,0.39716,0.87148,59.284,NA,0.9082,506.01,5.43042,1.6417,4.98174,1431.442,15.9916,0.91844,16.8476,20.48094,16.5999,7120.622,59.44
1995-03-13,63.076,0.6499,0.40924,0.87166,58.752,NA,0.91866,506.092,5.47678,1.6572200000000001,5.0247399999999995,1446.794,16.07946,0.91846,16.9415,20.54966,16.80466,7181.398,59.64
1995-03-20,63.112,0.6482,0.4078,0.89208,57.592,NA,0.91,499.574,5.46242,1.65256,5.01144,1444.8799999999999,16.02236,0.91778,16.84994,20.46372,16.75984,7162.614,59.7
1995-03-27,63.128,0.64936,0.40468,0.89268,57.78,NA,0.90956,500.702,5.47232,1.6465400000000001,5.02126,1450.958,16.03756,0.92036,16.89416,20.44708,16.87322,7175.43,59.8
1995-04-03,63.12,0.657,0.4071,0.89186,56.488,NA,0.91486,506.654,5.53556,1.64592,5.079940000000001,1465.212,16.164740000000002,0.92396,17.0149,20.65392,17.05922,7258.534,59.620000000000005
1995-04-10,63.65,0.6662,0.41762499999999997,0.8976999999999999,55.805,NA,0.9183250000000001,512.5675,5.61255,1.65135,5.15155,1486.8049999999998,16.380525,0.932075,16.851950000000002,20.90485,17.3497,7361.5125,60.025
1995-04-17,63.8875,0.6731750000000001,0.417125,0.910625,55.02,NA,0.922425,515.4325,5.67035,1.66195,5.204675,1500.1125,16.493299999999998,0.939175,17.07655,21.14455,17.517699999999998,7437.07,60.225
1995-04-24,64.185,0.6724,0.4162,0.923875,55.655,NA,0.915375,512.12,5.65725,1.6583999999999999,5.2023,1500.2224999999999,16.515825,0.937425,17.079525,21.111874999999998,17.499225000000003,7428.005,60.65
1995-05-01,64.536,0.67552,0.41856,0.92274,56.604,NA,0.91776,514.816,5.66126,1.66506,5.22548,1507.788,16.601599999999998,0.93932,17.15666,21.22672,17.539740000000002,7462.468,61.08
1995-05-08,64.372,0.67352,0.42425999999999997,0.91748,56.498,NA,0.91264,512.736,5.59604,1.6645999999999999,5.20872,1500.18,16.580940000000002,0.94114,17.11428,21.14896,17.40398,7440.506,60.96
1995-05-15,64.168,0.66356,0.42282,0.9082399999999999,57.56,NA,0.89964,505.478,5.49392,1.64208,5.13204,1478.654,16.41048,0.92868,16.97694,20.8553,17.11982,7333.002,60.88
1995-05-22,64.056,0.66,0.41818,0.91896,57.258,NA,0.90276,502.12,5.47348,1.6236,5.1041799999999995,1470.72,16.3035,0.91892,16.960539999999998,20.718139999999998,17.09138,7293.658,60.86
1995-05-29,63.998,0.66638,0.41716,0.92706,55.674,NA,0.91501999999999994,506.486,5.5313,1.63996,5.1539,1484.276,16.41978,0.92662,17.03896,20.92592,17.20594,7364.166,60.72
1995-06-05,64.5625,0.6699,0.420925,0.9313250000000001,56.7825,NA,0.9233250000000001,510.4975,5.55705,1.6346,5.181,1489.74,16.52645,0.932275,17.207825,21.038975,17.279200000000003,7403.065,61.275
1995-06-12,64.364,0.66918,0.41836,0.92758,56.462,NA,0.92364,510.048,5.5533600000000005,1.6335,5.1754,1490.048,16.49608,0.93316,17.23984,21.0055,17.1999,7395.108,61.04
1995-06-19,64.484,0.67192,0.41926,0.92696,56.726,NA,0.92532,510.89,5.5761,1.63826,5.19658,1498.1480000000001,16.56934,0.93932,17.37132,21.08742,17.22468,7423.64,61.160000000000004
1995-06-26,64.548,0.67068,0.42184,0.93474,56.718,NA,0.9215,508.788,5.56582,1.63566,5.18942,1495.32,16.54938,0.93802,17.3222,21.05302,17.12378,7408.332,61.32
1995-07-03,64.842,0.6725,0.4212,0.94566,57.044,NA,0.92006,508.562,5.57846,1.64152,5.205,1499.884,16.6058,0.93958,17.40868,21.10156,17.18106,7428.096,61.68
1995-07-10,65.252,0.67518,0.4237,0.93524,58.884,NA,0.91582,511.656,5.6041,1.6546,5.22584,1504.814,16.71818,0.94522,17.6758,21.18118,17.23596,7456.35,62.08
1995-07-17,65.106,0.67498,0.42332000000000003,0.9212,59.582,NA,0.91854,510.964,5.6014800000000005,1.65306,5.22268,1505.578,16.721519999999998,0.94404,17.79918,21.17492,17.171499999999998,7450.228,61.9
1995-07-24,64.83,0.6735800000000001,0.42253999999999997,0.9136,59.316,NA,0.9156,509.362,5.5899,1.6532,5.21268,1505.6779999999999,16.67608,0.94076,17.86262,21.1378,17.17746,7435.108,61.62
1995-07-31,64.80199999999999,0.67216,0.41946,0.90984,60.006,NA,0.9151,509.598,5.5781,1.65208,5.20248,1502.972,16.66236,0.9385,17.92434,21.11528,17.2094,7419.974,61.6
1995-08-07,64.512,0.66522,0.41572,0.89672,60.994,NA,0.90384,504.95,5.52232,1.643,5.1487799999999995,1488.722,16.53538,0.9297799999999999,17.98036,20.914360000000002,17.068,7343.362,61.38
1995-08-14,64.61,0.65468,0.4209,0.8882399999999999,62.958,NA,0.8903,505.882,5.44022,1.62822,5.06952,1470.71,16.383300000000002,0.92776,17.93322,20.65124,16.80056,7227.788,61.58
1995-08-21,64.172,0.64866,0.42112,0.8761,62.836,NA,0.87878,504.64,5.39204,1.61844,5.02372,1475.508,16.243280000000002,0.92388,17.77356,20.54882,16.723119999999998,7161.146,61.18
1995-08-28,64.28,0.65128,0.42094,0.86896,63.612,NA,0.87372,504.478,5.41828,1.6244,5.04084,1473.624,16.31058,0.92566,17.908079999999998,20.74068,16.87272,7184.722,61.160000000000004
1995-09-04,64.342,0.65172,0.41956,0.86842,63.986,NA,0.87348,502.632,5.41668,1.6280999999999999,5.0446,1481.788,16.33712,0.9282,17.91954,20.98856,16.8913,7188.8,61.26
1995-09-11,64.944,0.6550199999999999,0.4223,0.86406,66.228,NA,0.88854,507.382,5.44942,1.64436,5.06824,1490.78,16.47368,0.93964,18.0089,21.7116,16.98144,7225.2,61.84
1995-09-18,65.444,0.65816,0.42306,0.8712,67.678,NA,0.8931399999999999,508.232,5.47554,1.65792,5.09096,1493.982,16.54822,0.94738,18.08424,22.2451,17.10428,7259.836,62.46
1995-09-25,64.968,0.65764,0.41802,0.8769,65.982,NA,0.88534,505.48,5.4665,1.6568,5.0856,1490.78,16.51618,0.94212,17.91436,22.31376,17.10446,7253.05,62
1995-10-02,64.728,0.65816,0.4153,0.86392,66.082,NA,0.87754,505.812,5.47552,1.6642,5.08936,1491.684,16.53668,0.94074,17.66316,22.28272,17.08578,7251.01,61.7
1995-10-09,65.08,0.6617,0.41916000000000003,0.86776,66.652,NA,0.88414,508.534,5.50132,1.68098,5.1159799999999995,1498.078,16.615579999999998,0.94338,17.79814,22.47076,17.17048,7285.384,62.04
1995-10-16,64.88,0.6582,0.41826,0.87096,66.20400000000001,NA,0.883,504.932,5.471299999999999,1.66406,5.08992,1490.494,16.51532,0.93714,17.74384,23.01056,17.069119999999998,7245.334,61.9
1995-10-23,64.865,0.657475,0.41605000000000003,0.876575,66.25750000000001,NA,0.8984,503.33000000000004,5.4653,1.6644999999999999,5.0849,1494.2675,16.508075,0.9305749999999999,17.71335,23.356825,17.07825,7237.4825,61.925
1995-10-30,64.904,0.6572,0.41636,0.86566,67.42999999999999,NA,0.88686,504.45,5.46302,1.672,5.08278,1495.808,16.56828,0.9299,17.80642,22.68308,17.10354,7233.142,62.02
1995-11-06,64.782,0.65386,0.414,0.87164,67.118,NA,0.88472,503.746,5.43524,1.65904,5.05694,1491.608,16.45346,0.92372,17.79016,22.57322,17.07946,7197.494,61.94
1995-11-13,64.54,0.6499,0.4171,0.87924,66.004,NA,0.87922,499.846,5.40232,1.64672,5.02632,1485.6200000000001,16.34806,0.9183399999999999,17.70456,22.5046,17.02634,7154.426,61.78
1995-11-20,64.632,0.65178,0.41874,0.87798,66.02,NA,0.882,500.986,5.41794,1.65552,5.04084,1486.862,16.381339999999998,0.9214,17.7102,22.69304,17.085720000000002,7176.098,61.82
1995-11-27,64.928,0.65326,0.423,0.87684,66.414,NA,0.88732,502.662,5.43028,1.6588800000000001,5.0522599999999995,1491.19,16.43504,0.92288,17.8467,22.80136,17.10782,7192.392,62.06
1995-12-04,64.55199999999999,0.64808,0.4215,0.87668,65.68,NA,0.88722,498.828,5.3872,1.64522,5.0122,1481.122,16.29652,0.91632,17.6897,22.596,16.96736,7135.618,61.74
1995-12-11,64.604,0.64804,0.42202,0.87632,65.746,NA,0.89208,499.262,5.38776,1.6468399999999999,5.01192,1480.356,16.2939,0.91716,17.69926,22.62348,16.98876,7135.568,61.76
1995-12-18,64.95,0.65204,0.42296,0.88008,66.372,NA,0.8920399999999999,503.416,5.42202,1.65772,5.04298,1490.99,16.41014,0.92234,17.81638,22.80542,17.09088,7179.614,62.120000000000005
1995-12-25,65.04,0.6536333333333333,0.42,0.8778333333333334,67.05333333333333,NA,0.8897666666666667,505.51666666666665,5.4379,1.6608,5.055166666666667,1497.6733333333334,16.454666666666665,0.9239,17.8442,22.953466666666667,17.141533333333335,7197.16,62.2
1996-01-01,65.46333333333334,0.6544333333333333,0.4215,0.8798333333333334,68.51333333333334,NA,0.8872,513.3033333333333,5.426466666666666,1.6714666666666667,5.062666666666667,1500.9933333333333,16.4803,0.9325666666666667,17.864466666666665,23.108066666666666,17.161433333333335,7206.293333333333,62.666666666666664
1996-01-08,65.87,0.65818,0.42504,0.88258,69.1,NA,0.8969,519.484,5.4648,1.6838600000000001,5.09032,1509.45,16.62492,0.93704,18.023419999999998,23.55692,17.26636,7247.548,63.04
1996-01-15,66.622,0.6629,0.43252,0.89282,69.984,NA,0.9050400000000001,524.446,5.4966800000000005,1.69496,5.1205,1520.414,16.74412,0.94148,18.16566,23.77758,17.37856,7300.384,63.78
1996-01-22,67.152,0.66436,0.43958,0.9024800000000001,70.568,NA,0.91294,522.3,5.529,1.69818,5.13734,1520.552,16.809079999999998,0.94306,18.23062,23.83404,17.40158,7316.262,64.36
1996-01-29,67.664,0.6699999999999999,0.44368,0.90122,71.616,NA,0.92176,525.244,5.56386,1.7137,5.181760000000001,1532.436,16.9758,0.95064,18.40862,24.36692,17.53978,7378.376,64.8
1996-02-05,67.6275,0.6749499999999999,0.43905,0.892625,71.72,NA,0.926125,526.38,5.607125,1.7185000000000001,5.21905,1546.9850000000001,17.027,0.95435,18.5021,25.167625,17.64025,7432.885,64.625
1996-02-12,67.654,0.67474,0.43964,0.89394,71.84,NA,0.92884,525.254,5.59486,1.71786,5.2184,1546.506,17.0217,0.95184,18.54202,24.7196,17.64374,7430.574,64.72
1996-02-19,67.608,0.6771199999999999,0.4379,0.8977999999999999,71.104,NA,0.93328,527.7620000000001,5.6146,1.72822,5.2368,1551.96,17.08176,0.94726,18.6176,24.71712,17.71482,7456.784,64.62
1996-02-26,67.17,0.67394,0.43844,0.88668,70.56,NA,0.92566,526.68,5.58732,1.71608,5.21224,1557.6879999999999,16.98098,0.95034,18.53112,23.6872,17.64106,7421.764,64.14
1996-03-04,67.308,0.67422,0.44086000000000003,0.88518,70.988,NA,0.9242,524.848,5.5859,1.7133,5.21438,1563.014,16.99658,0.95094,18.5409,22.990940000000002,17.63758,7423.836,64.3
1996-03-11,67.932,0.68164,0.44724,0.88402,71.914,NA,0.9318,532.032,5.6927,1.73276,5.2717600000000004,1591.21,17.20794,0.95898,18.739720000000002,23.25092,17.84734,7505.536,64.78
1996-03-18,68.116,0.68398,0.44604,0.8822599999999999,72.706,NA,0.9304,535.368,5.71412,1.7312400000000001,5.28988,1597.264,17.27314,0.96374,18.67584,23.89782,17.91554,7531.304,64.98
1996-03-25,68.04599999999999,0.6834,0.44798,0.87936,72.732,NA,0.9309000000000001,534.574,5.7092600000000004,1.7360200000000001,5.28536,1597.104,17.25062,0.96222,18.61822,23.35268,17.90854,7525.462,64.92
1996-04-01,67.9925,0.683275,0.4481,0.872025,73.3775,NA,0.926675,533.2075,5.696925,1.7285,5.2844,1593.8375,17.253325,0.9601,18.60565,23.316850000000002,17.881325,7524.9075,64.9
1996-04-08,67.8275,0.680725,0.4481,0.863775,73.7125,NA,0.923925,532.1275,5.6869,1.71665,5.2646999999999995,1587.2350000000001,17.23025,0.95925,18.4942,23.251025000000002,17.821375,7496.825,64.725
1996-04-15,67.89,0.68072,0.45036,0.86418,73.614,NA,0.92536,531.562,5.6869,1.70216,5.26464,1584.248,17.22468,0.95942,18.48276,23.24926,17.8158,7496.77,64.76
1996-04-22,68.03,0.683575,0.4522,0.86725,73.06,NA,0.9317,532.39,5.69585,1.70595,5.28695,1591.28,17.281599999999997,0.963025,18.57565,23.343225,17.890875,7528.2125,64.875
1996-04-29,68.128,0.68644,0.45638,0.86838,72.144,NA,0.93536,534.278,5.72986,1.7115799999999999,5.3089,1599.646,17.342200000000002,0.96484,18.64716,23.70964,17.95934,7559.764,64.84
1996-05-06,67.994,0.6877,0.4541,0.86002,72.202,NA,0.93978,535.176,5.74042,1.71248,5.31862,1600.87,17.35654,0.96614,18.68854,23.85648,17.98474,7573.64,64.61999999999999
1996-05-13,68.148,0.68808,0.45396,0.8592799999999999,72.86999999999999,NA,0.9419,535.796,5.74348,1.71444,5.3214999999999995,1602.6200000000001,17.38426,0.96846,18.71584,23.9589,17.99878,7577.824,64.78
1996-05-20,67.988,0.68336,0.45184,0.85924,73.084,NA,0.93828,533.594,5.70384,1.70252,5.2847800000000005,1591.78,17.29664,0.9632000000000001,18.692439999999998,23.883399999999998,17.87942,7524.204,64.68
1996-05-27,68.21,0.68388,0.44956,0.86094,73.914,NA,0.93864,537.802,5.70646,1.7076,5.2922,1594.302,17.3261,0.96482,18.9326,24.02196,17.91082,7529.93,64.9
1996-06-03,67.28999999999999,0.67515,0.436025,0.8499,73.48,NA,0.920525,531.0699999999999,5.633075,1.68845,5.224425,1575.6425,17.111225,0.9513750000000001,18.721025,23.520599999999998,17.675425,7434.415,64.05
1996-06-10,67.136,0.67194,0.43735999999999997,0.84788,73.352,NA,0.91782,533.616,5.604,1.67676,5.2014000000000005,1566.3999999999999,17.0348,0.94672,18.60868,23.41712,17.59476,7399.472,63.9
1996-06-17,67.49,0.6764,0.43876,0.85572,73.354,NA,0.92462,543.396,5.64868,1.68778,5.23588,1573.546,17.12764,0.95264,18.69974,23.59622,17.71422,7449.194,64.22
1996-06-24,67.958,0.67974,0.44088,0.86084,74.196,NA,0.92526,550.65,5.66908,1.69684,5.261,1582.214,17.24482,0.9588800000000001,18.760180000000002,23.73862,17.80308,7486.184,64.68
1996-07-01,68.526,0.68402,0.43898,0.87176,75.324,NA,0.93202,553.68,5.70474,1.70506,5.29412,1593.238,17.37188,0.96612,18.81916,23.94274,17.91518,7534.344,65.3
1996-07-08,68.81,0.68826,0.44312,0.86518,76.096,NA,0.94204,559.182,5.73724,1.7152800000000001,5.32694,1606.7640000000001,17.49288,0.9736,18.98284,24.30934,18.02276,7582.218,65.46
1996-07-15,68.634,0.68794,0.4436,0.86936,75.274,NA,0.94186,559.73,5.74024,1.71156,5.32356,1601.954,17.43572,0.97598,18.9674,24.57324,18.01372,7578.97,65.34
1996-07-22,69.078,0.69434,0.44742,0.8789,74.936,NA,0.95296,564.958,5.79186,1.72832,5.3699,1617.81,17.55754,0.98416,19.12442,24.66298,18.184079999999998,7651.35,65.72
1996-07-29,68.876,0.6912,0.44432,0.8854,74.41,NA,0.9498800000000001,562.12,5.76464,1.7243,5.34556,1624.278,17.47358,0.97774,19.052880000000002,24.530739999999998,18.10948,7616.476,65.6
1996-08-05,68.478,0.68582,0.444,0.8839,73.598,NA,0.94138,558.386,5.71984,1.70822,5.30482,1606.27,17.33688,0.97146,18.85546,24.44958,17.96368,7555.68,65.28
1996-08-12,68.538,0.68684,0.44298,0.88022,74.092,NA,0.94344,562.136,5.72818,1.7126599999999998,5.31174,1607.856,17.36648,0.96974,18.8819,24.451520000000002,17.99178,7566.914,65.28
1996-08-19,68.788,0.6907,0.4461,0.8748,74.682,NA,0.94774,565.586,5.75864,1.72226,5.34176,1617.542,17.470760000000002,0.97446,18.99588,24.58202,18.09496,7610.134,65.44
1996-08-26,68.87,0.69276,0.44498,0.8757,74.862,NA,0.94786,567.2620000000001,5.77476,1.72744,5.3576,1622.57,17.5182,0.97494,19.03444,24.70382,18.14686,7634.146,65.48
1996-09-02,68.862,0.69146,0.44201999999999997,0.87346,75.408,NA,0.94802,566.02,5.76208,1.72682,5.34762,1621.3,17.50066,0.97316,19.00946,24.7017,18.13902,7619.544,65.52
1996-09-09,69.252,0.69504,0.4465,0.8695,76.26,NA,0.95278,571.384,5.79192,1.73844,5.37532,1623.024,17.6359,0.97798,19.1079,24.79906,18.22534,7658.922,65.82
1996-09-16,69.746,0.69772,0.44824,0.8823799999999999,76.676,NA,0.95648,576.698,5.81408,1.74238,5.3959,1619.294,17.70962,0.98298,19.18526,24.91562,18.3033,7690.202,66.36
1996-09-23,69.854,0.699,0.44817999999999997,0.8836200000000001,76.924,NA,0.9549,573.788,5.82492,1.7506000000000002,5.40594,1620.506,17.74538,0.98426,19.2083,24.91936,18.34528,7706.472,66.5
1996-09-30,70.078,0.69946,0.44695999999999997,0.88418,77.858,NA,0.95072,575.314,5.8288199999999994,1.7504,5.4096,1625.518,17.784380000000002,0.98602,19.22438,24.92174,18.3552,7716.934,66.74
1996-10-07,69.438,0.69236,0.44254,0.87702,77.162,NA,0.93648,573.8100000000001,5.7687,1.73366,5.35468,1606.704,17.61642,0.97622,19.03448,24.68954,18.18416,7651.48,66.14
1996-10-14,70.096,0.6986600000000001,0.4416,0.88296,78.252,NA,0.94496,578.5559999999999,5.81732,1.75068,5.4034,1622.378,17.80116,0.98708,19.20662,24.90864,18.3496,7730.044,66.72
1996-10-21,70.952,0.7082,0.44406,0.89146,79.744,NA,0.95264,586.47,5.89524,1.7746,5.47694,1646.438,18.04788,1.00264,19.51078,25.24736,18.60794,7838.0160000000005,67.52
1996-10-28,70.8925,0.70665,0.43605,0.8925000000000001,80.7,NA,0.946475,585.47,5.887525,1.784,5.465225,1645.2849999999999,18.030225,0.99635,19.457549999999998,25.2097,18.572525,7819.08,67.55
1996-11-04,71.066,0.70918,0.43148,0.89998,80.476,NA,0.94458,587.048,5.90466,1.78924,5.48454,1653.65,18.07856,0.99674,19.50358,25.31982,18.62662,7850.552000000001,67.74
1996-11-11,70.786,0.7096600000000001,0.42902,0.89992,79.082,NA,0.94742,587.7280000000001,5.90956,1.79034,5.48818,1657.2939999999999,18.050060000000002,0.99354,19.51004,25.36354,18.64492,7858.352,67.36
1996-11-18,70.684,0.71158,0.42448,0.89142,79.244,NA,0.95414,589.504,5.92304,1.79382,5.50276,1664.664,18.08506,0.9966200000000001,19.56586,25.41042,18.6854,7881.82,67.12
1996-11-25,70.55799999999999,0.71026,0.4236,0.8756,80.026,NA,0.95512,589.092,5.91844,1.79382,5.49272,1664.818,18.09542,0.99524,19.52306,25.36534,18.66198,7874.36,66.86
1996-12-02,70.938,0.7105400000000001,0.42872,0.881,80.578,NA,0.96218,590.106,5.9208,1.7922,5.4949,1667.968,18.15534,0.9958,19.53294,25.41948,18.68294,7898.492,67.32000000000001
1996-12-09,70.22,0.7012,0.42482,0.87934,79.346,NA,0.9529,588.628,5.8328,1.7690000000000001,5.42358,1649.734,17.92906,0.9816,19.27882,25.12048,18.43738,7810.378,66.68
1996-12-16,70.868,0.70606,0.42353999999999997,0.88992,80.41,NA,0.96486,595.604,5.87868,1.78272,5.46378,1663.37,18.07182,0.9884,19.41566,25.32858,18.56656,7867.842,67.3
1996-12-23,70.92,0.7066333333333333,0.4219333333333333,0.8872,80.84,NA,0.9655666666666667,596.6233333333333,5.8834333333333335,1.786,5.469,1669.79,18.090133333333334,0.9888666666666667,19.432566666666666,25.298633333333335,18.5833,7876.84,67.33333333333333
1996-12-30,71.03,0.7064,0.41750000000000004,0.8893,81.81333333333333,NA,0.9679666666666666,596.1066666666667,5.872466666666667,1.7839,5.463433333333334,1668.45,18.1244,0.9896333333333334,19.418466666666667,25.340933333333332,18.575966666666666,7878.836666666667,67.5
1997-01-06,71.476,0.70824,0.41842,0.9007999999999999,82.152,NA,0.95944,598.748,5.8967600000000004,1.7632,5.47972,1673.2060000000001,18.14596,0.9951,19.46888,25.4081,18.64052,7909.412,68
1997-01-13,71.512,0.7049000000000001,0.42022,0.9045,82.19,NA,0.94758,598.142,5.86888,1.74652,5.4555,1675.024,18.086080000000003,0.99,19.31636,25.26574,18.544999999999998,7879.938,68.1
1997-01-20,71.854,0.7033200000000001,0.42546,0.90532,83.188,NA,0.94312,599.88,5.8559600000000005,1.74854,5.4435,1668.48,18.12248,0.9899,19.31718,25.21126,18.51134,7862.3460000000005,68.48
1997-01-27,71.14,0.69032,0.42614,0.8964799999999999,83.306,NA,0.92832,593.95,5.74752,1.71926,5.34522,1638.454,17.86718,0.972,18.94396,24.74936,18.1851,7719.3679999999995,67.94
1997-02-03,71.4575,0.6896249999999999,0.425975,0.902325,84.32,NA,0.9283,598.7325,5.7382,1.719125,5.3446,1637.585,17.8812,0.973025,18.946075,24.723225,18.162975,7709.835,68.3
1997-02-10,71.57,0.68772,0.42096,0.9042,84.698,NA,0.93054,599.026,5.72104,1.71002,5.3283,1635.134,17.86818,0.9737,18.93678,24.66858,18.11866,7689.6720000000005,68.34
1997-02-17,72.11999999999999,0.69248,0.42886,0.90246,85.894,NA,0.9391,598.246,5.7637599999999996,1.7199,5.3654,1651.628,17.9991,0.98492,19.0971,24.83192,18.2419,7750.368,68.88
1997-02-24,71.86399999999999,0.69474,0.42622,0.89524,84.712,NA,0.94816,600.024,5.78346,1.72428,5.3811800000000005,1661.348,17.98834,0.99,19.12222,24.90782,18.29684,7782.196,68.4
1997-03-03,72.494,0.70158,0.43374,0.8931,85.046,NA,0.95944,608.258,5.84138,1.73832,5.43332,1679.474,18.19944,1.0024600000000001,19.3062,25.14182,18.46788,7918.078,68.8
1997-03-10,72.494,0.70142,0.43782,0.88638,85.734,NA,0.9591,615.678,5.83998,1.73642,5.43202,1682.286,18.20156,1.00528,19.30582,25.1361,18.4656,8130.782,68.78
1997-03-17,71.884,0.69448,0.43552,0.87934,85.63,NA,0.95374,613.586,5.78236,1.7190400000000001,5.37924,1670.174,18.0192,1.0011,19.11638,24.897100000000002,18.29248,8088.0599999999995,68.3
1997-03-24,72.005,0.694825,0.42957500000000004,0.884025,85.72999999999999,NA,0.957075,619.115,5.7851,1.723175,5.3849,1668.2575,18.0558,1.0036,19.159950000000002,24.90775,18.314375,8094.014999999999,68.375
1997-03-31,71.825,0.694475,0.4224,0.8866,85.36,NA,0.9631000000000001,621.4125,5.78205,1.7237749999999998,5.38,1669.6999999999998,18.014775,0.9979,19.12885,24.893475,18.311925000000002,8091.4175000000005,68.2
1997-04-07,72.122,0.6913,0.42506,0.88556,86.96,NA,0.9608599999999999,617.504,5.75568,1.7308999999999999,5.35696,1662.964,18.02976,0.9958400000000001,19.0608,24.77134,18.22834,8054.888,68.54
1997-04-14,72.114,0.6895399999999999,0.42396,0.8867,86.98,NA,0.9638,616.582,5.73726,1.7320200000000001,5.34804,1660.828,17.97472,0.99372,19.04492,24.68348,18.17586,8035.554,68.58
1997-04-21,72.3575,0.692375,0.4244,0.8923,87.15,NA,0.96695,618.1475,5.7646999999999995,1.731825,5.362825,1676.17,18.046075000000002,0.99875,19.1333,24.74205,18.258425000000003,8070.3225,68.8
1997-04-28,72.492,0.69278,0.42624,0.8876,87.87,NA,0.9674,618.312,5.7682,1.7386,5.36606,1683.418,18.09246,1.00176,19.16562,24.76414,18.27676,8074.42,68.9
1997-05-05,71.764,0.6876,0.4233,0.8816799999999999,86.262,NA,0.94868,614.562,5.7249799999999995,1.7241,5.32752,1669.1,17.91492,0.99356,19.05264,24.6387,18.13068,8014.318,68.2
1997-05-12,71.736,0.69544,0.42588,0.89516,81.876,NA,0.96382,620.426,5.78738,1.7417,5.38242,1692.582,17.92696,0.99724,19.416520000000002,24.91134,18.3384,8106.952,67.88
1997-05-19,71.196,0.6939,0.42306,0.8932599999999999,79.732,NA,0.95122,618.148,5.77358,1.73512,5.36968,1694.598,17.67896,0.99318,19.2849,24.82358,18.30198,8088.86,67.28
1997-05-26,71.384,0.6914,0.42218,0.9028,80.33200000000001,NA,0.95416,616.406,5.75178,1.7365599999999999,5.35274,1686.248,17.59812,0.9890599999999999,19.259,24.74174,18.23584,8061.308,67.62
1997-06-02,71.3475,0.68835,0.42125,0.9067000000000001,79.9425,NA,0.9473750000000001,613.415,5.7276750000000005,1.731325,5.3317250000000005,1672.4175,16.677775,0.9837750000000001,19.196125,24.6283,18.15385,8026.245,67.625
1997-06-09,71.254,0.69084,0.42244,0.9112,78.09,NA,0.95736,615.03,5.74902,1.73604,5.34924,1677.514,16.6967,0.9826199999999999,19.2563,24.727520000000002,18.22286,8057.474,67.42
1997-06-16,71.344,0.6888,0.42026,0.91816,78.428,NA,0.95504,611.806,5.73116,1.73214,5.33186,1672.988,16.73296,0.9822,19.22542,24.652839999999998,18.1716,8033.2,67.62
1997-06-23,70.87599999999999,0.6845600000000001,0.41116,0.91186,78.292,NA,0.95076,607.812,5.69578,1.72566,5.30388,1664.04,17.0412,0.97804,19.081780000000002,24.50724,18.05652,7985.46,67.14
1997-06-30,70.392,0.6784399999999999,0.40593999999999997,0.90338,77.686,NA,0.93494,602.158,5.64198,1.71084,5.25476,1650.024,18.53728,0.97052,18.88506,24.2763,17.89716,7917.19,66.6
1997-07-07,69.976,0.67404,0.39938,0.9045,76.18599999999999,NA,0.9267,598.89,5.60724,1.68882,5.21988,1639.792,19.61686,0.96846,18.80348,24.092940000000002,17.90226,7867.054,66.1
1997-07-14,69.366,0.6607999999999999,0.39306,0.8982,75.91,NA,0.9068200000000001,590.158,5.4971,1.7113399999999999,5.12132,1634.762,19.91988,0.95944,18.455659999999998,23.59386,18.90046,7713.972,65.46000000000001
1997-07-21,68.63,0.65092,0.38808,0.8815999999999999,75.374,NA,0.89747999999999994,581.03,5.4149,1.71872,5.04004,1680.894,20.262620000000002,0.95622,18.184800000000003,23.23588,18.80612,7602.03,64.58
1997-07-28,68.65,0.64746,0.39488,0.8727,76.35000000000001,NA,0.89512,576.656,5.3727,1.70444,5.01248,1678.724,20.52932,0.95044,18.39664,23.1208,19.08064,7563.1759999999995,64.62
1997-08-04,68.408,0.6413,0.39683999999999997,0.87054,76.052,NA,0.88698,572.034,5.33486,1.69936,4.96322,1665.942,19.95564,0.9471,18.37914,22.90084,18.476119999999998,7493.782,64.42
1997-08-11,68.282,0.64146,0.40434,0.86668,74.574,NA,0.8930400000000001,573.62,5.3345,1.78026,4.96764,1743.03,20.20978,0.96746,18.42526,22.90464,18.823240000000002,7498.666,64.08
1997-08-18,68.404,0.6418,0.40108,0.86352,75.562,NA,0.89334,576.698,5.33902,1.7831000000000001,4.9694,1789.22,21.0492,0.9656,18.4347,23.09912,19.31814,7503.928,64.14
1997-08-25,68.762,0.6453,0.40056,0.8669600000000001,76.522,NA,0.89746,582.252,5.36814,1.84128,4.99962,1841.936,21.87384,0.9733200000000001,18.52572,23.48956,19.55246,7547.946,64.48
1997-09-01,68.482,0.63492,0.3977,0.86938,76.76,NA,0.8798,574.542,5.28178,1.88646,4.91842,1899.474,22.28942,0.96194,18.177599999999998,23.192320000000002,20.13296,7427.484,64.26
1997-09-08,68.378,0.63548,0.39972,0.87316,76.234,NA,0.88036,577.454,5.28644,1.86898,4.922,1859.782,21.8526,0.9579799999999999,18.18112,23.25224,20.37328,7436.642,64.28
1997-09-15,68.5,0.63408,0.39546,0.8829400000000001,76.676,NA,0.8815000000000001,577.128,5.2748,1.90902,4.90966,1879.302,22.583299999999998,0.9601,18.14002,23.0933,21.04402,7423.428,64.48
1997-09-22,68.994,0.6379400000000001,0.39514,0.884,77.55799999999999,NA,0.88518,583.084,5.30248,1.98086,4.93724,1934.87,22.51558,0.96946,18.24524,23.13788,21.40312,7473.344,64.78
1997-09-29,69.392,0.64078,0.39692,0.88528,77.574,NA,0.88438,585.354,5.3261,2.11582,4.9592,2177.462,22.909580000000002,0.98282,18.32648,23.18342,22.12006,7510.008,64.9
1997-10-06,69.22800000000001,0.63998,0.39508,0.87998,77.87,NA,0.8783,585.374,5.31944,2.0375199999999998,4.9492,2299.406,23.05068,0.99026,18.24198,23.16988,22.3306,7505.178,64.74
1997-10-13,69.512,0.64628,0.3985,0.87598,78.012,NA,0.89352,590.92,5.37182,2.04012,5.00102,2298.734,23.70964,1.00002,18.54032,23.42832,21.78216,7648.142,64.88
1997-10-20,68.986,0.63276,0.38754,0.8813799999999999,76.616,NA,0.87862,583.802,5.2594199999999995,2.12732,4.90474,2292.844,24.13448,0.9971,19.22324,22.91914,22.01016,7664.992,64.24
1997-10-27,68.30250000000001,0.62275,0.373625,0.8906499999999999,75.255,NA,0.8745499999999999,603.5450000000001,5.17625,2.122875,4.811275,2259.505,24.664825,0.98195,19.2281,22.609775,21.982675,7621.79,63.6
1997-11-03,68.286,0.62494,0.37148,0.88894,76.262,NA,0.87636,606.702,5.19444,2.05418,4.83136,2047.396,24.33414,0.9779800000000001,19.25564,22.7478,21.90398,7621.1759999999995,63.76
1997-11-10,68.788,0.62498,0.36814,0.8988,78.176,NA,0.8802,618.7620000000001,5.19486,2.0694999999999997,4.8309999999999995,2113.186,23.71696,0.98604,19.41196,22.92618,21.23646,7618.854,64.34
1997-11-17,69.358,0.62472,0.36932,0.89928,78.778,NA,0.88444,654.878,5.1926,2.15244,4.82892,2194.396,24.52544,0.9952,20.118759999999998,23.37704,21.60264,7631.454,64.52
1997-11-24,69.444,0.61964,0.36862,0.9012600000000001,78.674,NA,0.88058,693.202,5.15038,2.16688,4.78818,2255.546,24.57882,0.9877,20.06862,23.846239999999998,21.48244,7606.252,64.42
1997-12-01,69.06400000000001,0.60858,0.36184,0.8983599999999999,78.27,NA,0.86492,732.312,5.05842,2.22318,4.7070799999999995,2367.54,25.29866,0.97976,19.49424,23.82372,21.42786,7480.238,63.879999999999995
1997-12-08,69.418,0.5995199999999999,0.36254000000000003,0.89554,77.84,NA,0.8535200000000001,934.746,4.98314,2.22498,4.64276,2783.208,25.70244,0.97616,19.21906,23.47098,21.677,7369.0599999999995,63.46
1997-12-15,68.346,0.58474,0.35502,0.89216,75.742,NA,0.8319,877.188,4.86026,2.23626,4.5325,3168.566,26.61038,0.98396,19.0131,23.04804,23.51986,7185.7,62.36
1997-12-22,68.39,0.5800333333333333,0.34803333333333336,0.8876,75.24333333333333,NA,0.8321333333333334,1065.3866666666665,4.821133333333333,2.2148,4.494833333333333,3198.8433333333332,26.30186666666667,0.9676,18.900266666666667,22.737266666666667,23.31716666666667,7129,61.9
1997-12-29,68.29,0.5832666666666667,0.34976666666666667,0.8898,75.80333333333334,NA,0.8374333333333334,915.28,4.848166666666667,2.2705666666666664,4.521199999999999,2828.74,27.4006,0.977,19.0392,22.8738,23.632033333333336,7169.513333333333,62.2
1998-01-05,68.94200000000001,0.5690999999999999,0.34986,0.88922,75.638,NA,0.81264,1008.556,4.7287,2.55402,4.4085399999999995,4610.8099999999995,30.09162,0.99992,19.32248,22.52732,25.55004,6995.32,61.8
1998-01-12,69.018,0.57376,0.35288,0.8862,75.366,NA,0.8226,962.4499999999999,4.76426,2.51638,4.44116,4644.08,30.19768,1.00854,19.5871,22.99698,24.52322,7052.024,61.88
1998-01-19,69.96000000000001,0.5844499999999999,0.35705,0.8807750000000001,74.8125,NA,0.84425,1002.9125,4.8428,2.589175,4.522325,7239.395,30.954250000000002,1.026825,19.671725,22.658825,24.98135,7183.62,62.025
1998-01-26,69.744,0.58836,0.35628,0.87324,73.918,NA,0.85736,974.476,4.8903799999999995,2.57132,4.5528,6949.328,31.50708,1.01482,19.99692,22.71116,25.2929,7231.238,61.72
1998-02-02,68.925,0.5892,0.35835,0.8632,74.01750000000001,NA,0.85465,935.0625,4.8923,2.34115,4.556475,5722.3325,28.864874999999998,0.989025,19.46875,22.8462,23.877200000000002,7241.7125,61.55
1998-02-09,68.17,0.5848800000000001,0.35804,0.86596,72.512,NA,0.83938,934.236,4.85902,2.1951,4.52654,4921.958,26.65112,0.96356,19.20492,22.63782,23.26552,7188.584,61.18
1998-02-16,68.216,0.58002,0.35418,0.86594,73.164,NA,0.83276,968.002,4.82104,2.20224,4.49034,5343.988,26.27454,0.956,19.04412,22.52856,23.508200000000002,7520.2480000000005,61.1
1998-02-23,67.748,0.57608,0.35042,0.8624999999999999,73.684,NA,0.81884,949.59,4.772419999999999,2.15528,4.4605,5331.928,25.09608,0.94008,18.71558,22.61928,23.1696,7475.268,60.92
1998-03-02,68.31,0.58382,0.35496,0.863,73.826,NA,0.82968,923.38,4.83262,2.23498,4.52052,5766.168,25.84212,0.9552,18.7252,23.052680000000002,23.3084,7575.472,61.28
1998-03-09,68.422,0.58068,0.35308,0.86856,74.44800000000001,NA,0.81958,914.792,4.80654,2.2557,4.49686,6095.498,24.997880000000002,0.94718,18.78576,22.92174,23.18636,7537.402,61.46
1998-03-16,67.148,0.57272,0.34274,0.85838,74.068,NA,0.81074,840.89,4.74066,2.12432,4.4352,5827.124,23.059839999999998,0.9205800000000001,18.70518,22.6281,22.18502,7433.556,60.68
1998-03-23,65.446,0.56248,0.33555999999999997,0.83932,72.934,NA,0.79604,776.544,4.65564,2.0147,4.35656,4829.126,21.58928,0.89844,18.36694,22.21798,21.0254,7301.496,59.52
1998-03-30,64.968,0.55232,0.33004,0.83448,73.182,NA,0.78368,774.88,4.57176,2.04604,4.27916,4787.726,21.97694,0.89486,18.152359999999998,21.8183,21.16088,7169.1140000000005,59.04
1998-04-06,64.74,0.5489999999999999,0.329525,0.83365,73.43,NA,0.780375,783.48,4.544275,2.02725,4.254575,4619.865,21.916425,0.880725,18.120175,21.757475,20.841725,7128.5599999999995,58.95
1998-04-13,64.78999999999999,0.552625,0.32847499999999996,0.84795,71.865,NA,0.792725,767.31,4.574325,2.069375,4.281025,4420.55,21.99955,0.8835,18.218899999999998,21.918475,21.04785,7177.9075,59.1
1998-04-20,65.484,0.55772,0.33304,0.8577199999999999,73.144,NA,0.79808,766.324,4.61646,2.10726,4.32168,4469.438,21.94152,0.88742,18.40372,22.1231,21.375239999999998,7240.932,59.82
1998-04-27,65.17,0.55444,0.33204,0.85602,73.248,NA,0.79614,744.1659999999999,4.58932,2.07594,4.29428,4500.104,21.4071,0.88124,18.29314,22.03178,22.13812,7199.126,59.68
1998-05-04,64.736,0.54776,0.3298,0.8547,72.78,NA,0.7868999999999999,750.0120000000001,4.53326,2.07306,4.24448,4861.492,21.21006,0.87998,18.11794,21.78162,21.60914,7110.864,59.24
1998-05-11,64.166,0.53738,0.32904,0.85004,71.724,NA,0.7735799999999999,756.796,4.44812,2.05874,4.16342,5559.594,20.8628,0.884,17.93004,21.5504,21.248,6976.426,58.6
1998-05-18,64.12,0.53414,0.32828,0.8522,72.39,NA,0.77366,749.612,4.42126,2.03938,4.13956,5763.582,20.92636,0.8721800000000001,17.92426,21.6667,20.83736,6934.1539999999995,58.64
1998-05-25,64.278,0.53264,0.32658,0.85452,73.262,NA,0.7736999999999999,745.154,4.40886,2.0455,4.1204,5828.738,21.15262,0.88526,18.01752,22.01672,20.70634,6915.424,58.76
1998-06-01,63.855,0.52475,0.320375,0.856275,72.825,NA,0.7631749999999999,731.7525,4.34365,2.075825,4.06755,6105.6775,22.287675,0.8848,18.1382,21.94165,20.484775,6813.8125,58.375
1998-06-08,62.11,0.5019,0.30756,0.8468,70.994,NA,0.7335200000000001,700.098,4.1544,2.01514,3.88848,6407.314,21.66876,0.8695,17.46984,21.15868,20.05588,6517.218,56.86
1998-06-15,62.508,0.50482,0.30548000000000003,0.84482,71.452,NA,0.74154,713.334,4.17856,2.00734,3.90808,7624.146,21.23648,0.85018,17.41616,21.32034,20.82722,6555.144,56.96
1998-06-22,63.048,0.5136999999999999,0.30778,0.84734,71.778,NA,0.7552,710.598,4.25212,2.04966,3.97938,7574.188,21.2276,0.85454,17.66618,21.94276,21.43658,6670.702,57.42
1998-06-29,63.112,0.51384,0.30916,0.8386,72.122,NA,0.75422,704.766,4.25324,2.1366,3.97978,7543.138,21.68756,0.87304,17.66788,21.80462,21.33608,6672.157999999999,57.3
1998-07-06,63.386,0.51678,0.31544,0.83882,72.316,NA,0.76068,686.5459999999999,4.27758,2.1790000000000003,4.00378,7773.5960000000005,21.47382,0.88774,17.76554,21.98138,21.49768,6710.284,57.58
1998-07-13,63.546,0.5196999999999999,0.31764,0.83946,73.338,NA,0.77078,670.3820000000001,4.30176,2.15188,4.02642,7340.74,21.4021,0.8829,17.865579999999998,22.130779999999998,21.7118,6749.604,57.86
1998-07-20,63.714,0.52432,0.31844,0.8381,73.494,NA,0.78218,669.966,4.34,2.1693,4.06158,7407.094,21.47244,0.89608,18.00498,22.25002,22.0185,6810.602,58
1998-07-27,62.874,0.51442,0.31204,0.84048,73.178,NA,0.77352,635.292,4.25802,2.1245,3.98428,6915.804,21.00874,0.8842599999999999,17.67472,21.87062,21.67768,6682.934,57.54
1998-08-03,63.254,0.51324,0.31416,0.8472,74.262,NA,0.77984,657.548,4.24826,2.19236,3.9769799999999997,6621.466,21.1965,0.8907200000000001,17.6915,21.830640000000002,21.8776,6762.374,57.88
1998-08-10,62.717999999999996,0.50436,0.30958,0.84566,73.722,NA,0.7666200000000001,672.0659999999999,4.17476,2.1242,3.90818,6620.274,21.17434,0.88468,17.5351,21.6393,22.03624,7010.932,57.379999999999995
1998-08-17,62.256,0.50058,0.30888,0.8472000000000001,72.53,NA,0.76442,656.542,4.14356,2.11056,3.8789599999999997,6068.466,20.783739999999998,0.88196,17.36192,21.55316,21.49006,6956.532,57.1
1998-08-24,61.346000000000004,0.49068,0.29897999999999997,0.8573,70.52,NA,0.7639,645.324,4.06152,2.06164,3.80158,5514.708,20.47372,0.86816,17.07848,20.86126,21.44238,6824.134,56.48
1998-08-31,61.658,0.50056,0.29858,0.86768,69.044,NA,0.7761,672.512,4.14328,1.96208,3.8781,5505.978,20.50832,0.87462,17.4028,21.28128,21.734080000000002,6961.54,56.7
1998-09-07,61.964,0.50976,0.30512,0.86354,67.97800000000001,NA,0.77478,692.842,4.21952,1.93692,3.9501,5965.252,20.8135,0.88332,17.61402,21.67288,22.262059999999998,7089.49,56.82
1998-09-14,61.95,0.51222,0.30538,0.86204,68.09,NA,0.7751399999999999,708.154,4.2398,1.94696,3.96722,5668.676,20.85574,0.88402,17.68786,21.76428,22.44276,7118.528,56.86
1998-09-21,60.504,0.49728,0.29508,0.85212,66.95,NA,0.75686,693.496,4.11614,1.88944,3.85152,5486.654,19.9672,0.85494,17.18966,21.13392,22.01506,6915.276,55.660000000000004
1998-09-28,60.446,0.49984,0.29344,0.84236,67.862,NA,0.76114,691.896,4.13742,1.8998,3.87202,5378.79,19.61308,0.84412,17.1634,21.20606,21.99002,6949.772,55.62
1998-10-05,60.116,0.50686,0.29882,0.84066,64.99000000000001,NA,0.78246,694.182,4.19554,1.92632,3.9258,4882.91,19.657,0.83888,16.85434,21.46278,22.0508,7047.3820000000005,55.28
1998-10-12,61.974,0.53744,0.31542000000000003,0.85564,63.238,NA,0.82884,717.5840000000001,4.44884,2.04188,4.1628,4706.132,20.4666,0.87054,17.76464,22.74124,23.14742,7472.566,56.64
1998-10-19,60.8,0.53018,0.31162,0.84178,61.548,NA,0.81806,701.672,4.3885,2.0144800000000003,4.10826,4050.0119999999997,20.02222,0.85948,17.43132,22.414920000000002,22.57374,7371.834,55.68
1998-10-26,60.595,0.523675,0.31305,0.846225,61.792500000000004,NA,0.807625,689.7525,4.334675,1.9883250000000001,4.05675,4005.8625,19.356325000000002,0.85055,17.038075,22.162025,21.31635,7282.225,55.675
1998-11-02,61.452,0.5334599999999999,0.32058,0.85032,61.916000000000004,NA,0.81544,701.134,4.41564,2.02664,4.13048,4518.714,19.5502,0.8672,17.32884,22.56858,21.2339,7414.546,56.26
1998-11-09,61.996,0.53476,0.32214,0.84418,64.898,NA,0.82364,703.692,4.42648,2.03176,4.13934,4280.914,19.71126,0.88586,17.4791,22.62356,21.65938,7431.764,56.82
1998-11-16,61.83,0.53602,0.32098,0.8395199999999999,64.898,NA,0.8308,692.844,4.44278,2.03634,4.15096,4057.208,19.45754,0.87436,17.4186,22.7363,21.35756,7447.884,56.74
1998-11-23,61.456,0.53258,0.32112,0.83324,64.606,NA,0.82252,664.252,4.40838,2.0232799999999997,4.12238,4012.652,19.24716,0.87176,17.28768,22.620720000000002,21.01998,7395.618,56.46
1998-11-30,60.794,0.52616,0.31706,0.8355,63.797999999999995,NA,0.80696,649.16,4.35522,1.9989000000000001,4.07522,3936.398,18.948059999999998,0.8664999999999999,17.04942,22.39284,20.57506,7308.2,56.06
1998-12-07,60.116,0.52064,0.31368,0.84218,61.736,NA,0.80142,630.428,4.30952,1.97806,4.03308,3882.364,18.65802,0.86266,16.82474,22.15898,20.25312,7231.692,55.56
1998-12-14,59.986,0.52212,0.3106,0.84046,60.756,NA,0.8044399999999999,630.7520000000001,4.32176,1.98356,4.04392,4010.194,18.950319999999998,0.86026,16.84316,22.2141,20.43606,7254.128,55.32
1998-12-21,60.11,0.52185,0.310325,0.848025,60.5675,NA,0.808825,621.9,4.31955,1.982725,4.041825,4044.5299999999997,18.957525,0.8628750000000001,16.828200000000002,22.195575,20.371724999999998,7249.0825,55.45
1998-12-28,60.556666666666665,0.5242333333333333,0.31333333333333335,0.8587666666666667,60.59,NA,0.8127666666666666,631.16,4.3392333333333335,1.9915666666666667,4.060266666666666,4157.966666666666,19.247666666666667,0.8673,16.8964,22.283333333333335,20.479833333333335,7282.826666666667,55.9
1999-01-04,61.39,0.5391250000000001,0.325775,0.8597,60.277499999999996,0.459375,0.817275,625.8375,4.46255,2.048925,4.17565,4273.5525,19.726824999999998,0.902475,17.335,22.91125,20.518875,7481.014999999999,56.725
1999-01-11,61.734,0.54194,0.33005999999999996,0.85468,60.6,0.46724,0.8226,638.208,4.48586,2.06152,4.19744,4571.162,19.90696,0.90994,17.44312,23.01896,20.75978,7525.12,57.1
1999-01-18,61.496,0.53938,0.32654,0.84556,61.342,0.46546,0.82164,633.72,4.46464,2.04912,4.1776,4622.836,19.77074,0.9059,17.40562,22.91774,20.6673,7487.898,56.92
1999-01-25,61.512,0.5363,0.32424000000000003,0.85072,61.53,0.4659,0.8142,630.51,4.43924,2.03746,4.15608,4877.5380000000005,19.7643,0.90504,17.32106,22.77816,20.705099999999998,7443.8240000000005,56.9
1999-02-01,62.464,0.54652,0.33288,0.8554,62.064,0.48192,0.82368,639.984,4.52374,2.07578,4.2348799999999995,4764.022,20.0806,0.9224,17.62802,23.20962,21.05552,7583.902,57.96
1999-02-08,63.046,0.5525599999999999,0.33876,0.8530800000000001,63.064,0.48942,0.82414,649.736,4.57376,2.0992,4.28236,4815.546,20.4514,0.9339,17.83558,23.45792,21.531779999999998,7669.726,58.58
1999-02-15,62.354,0.54212,0.33204,0.84714,63.628,0.4825,0.809,641.004,4.48742,2.05958,4.19958,4730.354,20.10716,0.92012,17.52264,23.01024,20.97282,7525.1539999999995,58
1999-02-22,62.408,0.53654,0.33261999999999997,0.84348,64.818,0.48646,0.80346,653.712,4.44124,2.03836,4.1557,4742.304,20.1261,0.92382,17.75436,22.8065,20.958840000000002,7448.096,58.12
1999-03-01,61.796,0.52678,0.32736,0.847,63.68,0.48326,0.8005,648.352,4.36034,2.00124,4.08128,4677.136,19.781560000000002,0.9124599999999999,17.44868,22.39078,20.60588,7320.860000000001,57.480000000000004
1999-03-08,62.286,0.53372,0.3298,0.84212,64.532,0.4891,0.81128,658.654,4.4177800000000005,2.0276,4.1344,4862.3679999999995,19.949,0.92388,17.6782,22.65372,20.79184,7417.69,57.980000000000004
1999-03-15,61.668,0.53008,0.3256,0.84216,62.578,0.48374,0.80766,650.018,4.387639999999999,2.0138,4.10874,4713.348,19.78916,0.91164,17.543680000000002,22.48546,20.60114,7367.574,57.28
1999-03-22,62.366,0.53744,0.32956,0.84434,63.408,0.49364,0.8105600000000001,657.422,4.44858,2.04174,4.16516,4770.008,20.19512,0.92966,17.795560000000002,22.78218,20.802400000000002,7471.01,58.04
1999-03-29,62.3425,0.533775,0.330325,0.844475,64.03,0.496825,0.8062,654.075,4.41915,2.0282,4.136075,4641.775,20.080125,0.9234,17.6878,22.6373,20.69855,7418.51,58.150000000000006
1999-04-05,62.325,0.531725,0.33265,0.846575,64.4825,0.493675,0.79755,650.525,4.4013,2.020025,4.1183,4656.675,20.124175,0.9218999999999999,17.60805,22.6833,20.483425,7392.145,58.125
1999-04-12,62.932,0.54058,0.33544,0.84944,64.736,0.50136,0.80722,658.556,4.4746,2.0537,4.18884,4699.44,20.36516,0.92232,17.8157,23.10172,20.67454,7513.860000000001,58.74
1999-04-19,63.28,0.54664,0.33927999999999997,0.84314,64.89,0.5137200000000001,0.81134,652.558,4.524719999999999,2.07702,4.23516,4720.982,20.49636,0.93346,17.90454,23.39676,20.797719999999998,7596.508,59.28
1999-04-26,63.70333333333333,0.5513333333333333,0.34193333333333337,0.8437,65.73333333333333,0.5195,0.8116666666666666,653.7033333333334,4.5635666666666665,2.0948333333333333,4.273533333333333,4644.86,20.685866666666666,0.9366,18.019733333333335,23.5986,20.953400000000002,7665.696666666667,59.8
1999-05-03,64.396,0.5599000000000001,0.3448,0.84402,67.346,0.5250400000000001,0.8132,670.248,4.634580000000001,2.12744,4.34,4453.354,20.66058,0.95262,18.32366,23.9301,21.15716,7786.478,60.58
1999-05-10,64.344,0.5603400000000001,0.34516,0.83842,67.824,0.52342,0.81664,674.23,4.63812,2.12914,4.3433,4350.514,20.67492,0.95358,18.34404,23.9418,21.07808,7792.626,60.54
1999-05-17,64.106,0.55462,0.34276,0.83638,68.62,0.5198200000000001,0.81252,665.292,4.5908,2.10724,4.29924,4427.49,20.58074,0.95236,18.18654,23.69402,20.99846,7715.508,60.36
1999-05-24,62.696,0.53978,0.3375,0.8265,66.138,0.51242,0.79104,641.378,4.46796,2.05108,4.18524,4359.662,20.01956,0.93178,17.68566,23.1617,20.48502,7509.526,59.02
1999-05-31,61.754,0.5304,0.33044,0.81906,64.408,0.50974,0.78344,628.708,4.39032,2.015,4.11378,4311.108,19.66738,0.91466,17.36122,22.7604,20.163800000000002,7378.494,58.14
1999-06-07,61.47,0.5326,0.332225,0.8074250000000001,63.7025,0.510825,0.782775,622.75,4.40855,2.0233499999999998,4.131475,4123.7675,19.6803,0.911725,17.315825,22.913,20.140575,7411.2275,57.95
1999-06-14,61.868,0.53624,0.33522,0.81254,64.228,0.51566,0.78392,625.244,4.43868,2.0371799999999998,4.1597,3927.166,19.8032,0.91588,17.36036,23.15548,20.27618,7463.064,58.4
1999-06-21,61.716,0.53264,0.33518000000000003,0.81296,64.848,0.5142599999999999,0.78272,617.798,4.40886,2.0235,4.1318,3655.066,19.60792,0.90714,17.230359999999997,23.04052,20.15224,7414.352,58.4
1999-06-28,61.56,0.53296,0.33758,0.80474,64.58,0.51568,0.7831400000000001,618.162,4.4115,2.02474,4.1343000000000005,3567.588,19.63994,0.90604,17.21956,23.12032,20.24516,7424.18,58.3
1999-07-05,61.044,0.52764,0.3369,0.79144,64.418,0.51586,0.77468,619.66,4.3674800000000005,2.0046600000000003,4.09302,3533.626,19.50428,0.89544,17.0333,22.85772,20.20376,7354.702,57.88
1999-07-12,60.796,0.52406,0.3361,0.79272,63.674,0.51452,0.77488,619.212,4.33782,1.99138,4.06524,3497.628,19.4583,0.8908200000000001,16.91886,22.66026,20.046319999999998,7308.104,57.62
1999-07-19,60.86,0.52542,0.3336,0.80664,62.442,0.50616,0.78492,630.196,4.34908,1.9965600000000001,4.0770599999999995,3552.244,19.55714,0.8924,16.961660000000002,22.7055,20.15842,7328.34,57.38
1999-07-26,60.756,0.5273,0.33054,0.81342,61.346000000000004,0.49591999999999997,0.79536,634.564,4.36454,2.00364,4.0933,3645.5139999999997,19.60176,0.88772,16.995720000000002,22.84254,20.22964,7354.774,57
1999-08-02,60.95,0.53248,0.32904,0.81374,61.054,0.49707999999999997,0.79786,639.054,4.40752,2.0232,4.13376,3695.328,19.91786,0.89258,17.10226,23.10268,20.65582,7428.306,57.14
1999-08-09,60.782000000000004,0.52914,0.32844,0.8118000000000001,60.958,0.49472,0.7907,635.7,4.37988,2.01054,4.10782,4059.178,20.08654,0.88414,16.99178,22.9789,20.73496,7384.9839999999995,56.9
1999-08-16,61.032,0.53062,0.33034,0.81972,60.3,0.50236,0.78686,637.7520000000001,4.3921399999999995,2.01584,4.11932,3980.5879999999997,20.324099999999998,0.889,16.947860000000002,23.06442,21.03436,7404.792,57.16
1999-08-23,60.25,0.52198,0.32682,0.82294,58.106,0.4965,0.78058,622.218,4.32062,1.98302,4.0522599999999995,3980.512,19.9942,0.88144,16.62326,22.7109,20.73596,7285.82,56.3
1999-08-30,59.19,0.5146999999999999,0.32178,0.80748,56.61,0.48738,0.76772,610.3620000000001,4.26036,1.95534,3.99572,3999.94,19.87632,0.8673799999999999,16.35676,22.38262,20.45826,7185.546,55.28
1999-09-06,60.19,0.52562,0.3257,0.8107800000000001,57.706,0.49714,0.78166,626.53,4.35078,1.99684,4.0805,4386.166,20.6713,0.8881,16.69112,22.86128,21.0159,7339.964,56.199999999999996
1999-09-13,60.334,0.5291,0.3277,0.81188,56.25,0.50958,0.77974,632.332,4.37956,2.01006,4.10752,4274.734,21.0026,0.89398,16.7857,23.02738,21.18264,7392.25,56.379999999999995
1999-09-20,59.592,0.5223,0.3203,0.80654,55.034,0.49994,0.76964,629.87,4.3227400000000005,1.9842199999999999,4.05664,4438.734,21.23444,0.8918,16.59414,22.7278,21.16344,7304.97,55.5
1999-09-27,58.716,0.51616,0.31364,0.79,54.794,0.48932,0.757,627.322,4.27244,1.9608999999999999,4.01018,4292.234,21.19846,0.8792,16.38234,22.4988,21.10368,7222.494,54.660000000000004
1999-10-04,58.84,0.52056,0.3146,0.78876,55.412,0.48578,0.76558,627.532,4.30888,1.97764,4.04438,4043.162,20.7169,0.87438,16.51472,22.67294,20.98434,7285.578,54.84
1999-10-11,58.256,0.51352,0.31006,0.7867999999999999,54.894,0.47896,0.75806,618.758,4.25058,1.95086,3.98966,4095.962,20.31018,0.8621800000000001,16.29134,22.304100000000002,20.69178,7189.144,54.24
1999-10-18,57.984,0.5122800000000001,0.30654,0.79176,54.128,0.4731,0.76166,617.186,4.24038,1.9462,3.98012,3723.508,20.13696,0.8560800000000001,16.2492,22.2328,20.67486,7173.976,53.92
1999-10-25,58.0125,0.512,0.310125,0.79005,53.7375,0.484025,0.754125,614.6625,4.2379999999999995,1.9451,3.97785,3506.7,19.83735,0.85385,16.23695,22.2276,20.53295,7172.1,54.15
1999-11-01,58.153999999999996,0.5114,0.31188,0.79916,53.402,0.48756,0.75048,608.558,4.233,1.94284,3.9732,3464.786,19.722,0.85204,16.20762,22.18336,20.51022,7165.346,54.26
1999-11-08,58.32,0.51152,0.31508,0.79922,53.782,0.49094,0.75156,602.588,4.23402,1.9433,3.97412,3562.05,19.87534,0.8550800000000001,16.2258,22.192159999999998,20.57646,7166.3099999999995,54.48
1999-11-15,58.902,0.51646,0.31908,0.8033,54.46,0.49982,0.7567,607.538,4.27492,1.96206,4.01252,3618.63,19.9882,0.86176,16.37422,22.40448,20.82658,7235.63,55.14
1999-11-22,58.446,0.51096,0.31592000000000003,0.80284,53.592,0.49842,0.7483,595.294,4.22938,1.94114,3.96978,3633.482,19.81042,0.85284,16.20702,22.16584,20.8294,7159.026,54.7
1999-11-29,58.339999999999996,0.51006,0.31829999999999997,0.80266,52.278,0.50534,0.75174,589.114,4.22194,1.9377199999999999,3.96276,3717.938,19.88196,0.85882,16.14268,22.12474,20.85948,7148.044,54.58
1999-12-06,57.768,0.50662,0.31274,0.79624,51.99,0.4966,0.748,575.002,4.19346,1.92466,3.9391,3652.326,19.585919999999998,0.85012,15.98312,22.00036,20.65584,7100.488,54.06
1999-12-13,56.764,0.49722,0.30786,0.78022,51.288000000000004,0.49142,0.73512,562.484,4.11564,1.88894,3.8648000000000002,3543.444,19.05904,0.8335,15.72522,21.62388,20.217859999999998,6970.182,53.18
1999-12-20,58.342,0.5132,0.31864,0.7968,52.48,0.50764,0.7574,581.0459999999999,4.2480400000000005,1.94968,3.98726,3626.042,19.3541,0.8568,16.21254,22.3127,20.71818,7195.6359999999995,54.72
1999-12-27,59.25,0.5225333333333333,0.3234,0.8034,53.5,0.5189333333333334,0.7589333333333333,593.9399999999999,4.3253,1.9851666666666667,4.061933333333333,3678.8633333333332,19.64046666666667,0.8703333333333334,16.401633333333333,22.724433333333334,21.056766666666668,7329.543333333333,55.666666666666664
2000-01-03,58.52333333333333,0.5181666666666667,0.3156333333333333,0.7906,54.00333333333333,0.5023,0.7533666666666667,590.35,4.289033333333333,1.9685333333333332,4.0289,3724.1466666666665,19.33353333333333,0.8609,15.9371,22.53206666666667,20.932033333333333,7271.16,54.9
2000-01-10,58.61,0.51844,0.31542,0.78644,54.756,0.5038,0.7542,589.212,4.2913,1.96956,4.03104,3735.37,19.41558,0.86496,15.9308,22.55358,21.0518,7277.574,55.06
2000-01-17,58.46,0.51716,0.31524,0.7778,54.542,0.5103,0.74994,582.624,4.28072,1.96468,4.0217,3776.198,19.30118,0.86646,16.1146,22.51804,20.996679999999998,7261.468,55.06
2000-01-24,57.662,0.50724,0.30844,0.77466,53.522,0.50722,0.72974000000000006,571.222,4.20158,1.92822,3.9495,3756.9339999999997,18.99236,0.85948,15.65554,22.10434,20.5412,7125.512,54.3
2000-01-31,57.068,0.49468,0.30691999999999997,0.77736,53.228,0.5062800000000001,0.7142999999999999,557.922,4.0946,1.87928,3.84926,3742.622,18.58252,0.83932,15.2799,21.5639,20.0894,6952.024,53.8
2000-02-07,56.974,0.49346,0.30738,0.7785,53.628,0.50054,0.71308,554.362,4.08468,1.87472,3.8399199999999998,3626.1839999999997,18.5155,0.83622,15.11926,21.51404,19.98196,6936.146,53.7
2000-02-14,56.844,0.49076000000000003,0.30691999999999997,0.77832,53.698,0.4986,0.7129,553.24,4.06216,1.86442,3.81874,3618.134,18.508680000000002,0.83442,15.06076,21.40278,19.89004,6899.0419999999995,53.56
2000-02-21,56.93,0.48924,0.30516,0.78548,54.35,0.49214,0.71258,555.616,4.04958,1.85862,3.80692,3642.77,18.62334,0.83688,15.03538,21.33376,19.95402,6877.034,53.52
2000-02-28,57.048,0.48774,0.3075,0.79676,53.148,0.50292,0.70786,549.452,4.03716,1.85292,3.79524,3630.364,18.54336,0.8394199999999999,14.97174,21.26508,19.98558,6855.068,53.7
2000-03-06,57.06,0.48760000000000003,0.30863999999999997,0.80226,52.214,0.50778,0.7093,545.97,4.0361,1.85246,3.79422,3614.734,18.51438,0.83532,14.97884,21.248839999999998,19.98966,6855.048,53.72
2000-03-13,57.076,0.49018,0.31092000000000003,0.79882,51.778,0.50724,0.71794,548.134,4.05736,1.8622,3.81422,3656.582,18.5979,0.83888,15.05314,21.36184,20.07812,6892.646,53.7
2000-03-20,56.942,0.48697999999999997,0.30892,0.80228,52.048,0.50318,0.71552,541.998,4.03088,1.85004,3.79112,3627.316,18.41646,0.83536,14.9521,21.218,19.93978,6847.258,53.54
2000-03-27,58.284,0.50038,0.31422,0.81598,53.118,0.51938,0.72902,554.972,4.14186,1.901,3.89588,3782.048,18.916719999999998,0.85826,15.27722,21.80786,20.5396,7036.04,54.839999999999996
2000-04-03,58.374,0.50008,0.3146,0.826,52.302,0.52186,0.7257,556.1320000000001,4.13932,1.8998,3.8943,3866.226,18.96952,0.85768,15.2179,21.807019999999998,20.58826,7030.122,54.88
2000-04-10,58.49,0.49828,0.31432,0.8347,52.836,0.52044,0.72914,552.596,4.12444,1.8929799999999999,3.8803,3796.918,18.91822,0.85498,15.09792,21.7383,20.51168,7005.264,54.98
2000-04-17,58.3625,0.497125,0.31425000000000003,0.8337,52.019999999999996,0.523575,0.7353000000000001,552.035,4.114975,1.88865,3.87135,3904.565,18.854025,0.84505,15.1693,21.695475000000002,20.4969,6990.4875,54.85
2000-04-24,57.983333333333334,0.4892,0.31016666666666665,0.8296,51.96333333333333,0.5320333333333334,0.7207333333333333,542.6733333333333,4.049266666666667,1.8584666666666667,3.8095666666666665,3885.2833333333333,18.64143333333333,0.8343666666666667,14.9618,21.34733333333333,20.215,6881.036666666667,54.666666666666664
2000-05-01,58.216,0.4874,0.31362,0.83048,52.832,0.53874,0.72448,541.142,4.0343599999999995,1.85162,3.79558,3894.462,18.71468,0.83738,14.92104,21.27868,20.129520000000003,6856.724,54.98
2000-05-08,57.75,0.48138,0.3165,0.8239000000000001,52.492,0.53376,0.71788,534.626,3.9845,1.82874,3.74866,3952.576,18.63696,0.8316600000000001,14.75558,21.12666,19.93112,6773.512,54.54
2000-05-15,56.455999999999996,0.46782,0.31188,0.8146,50.994,0.51762,0.6972999999999999,522.444,3.87236,1.77728,3.64426,3994.898,18.37722,0.81032,14.37546,20.54946,19.4887,6584.086,53.2
2000-05-22,55.044000000000004,0.45616,0.30816,0.79774,48.864000000000004,0.50414,0.68548,516.762,3.77574,1.73294,3.55502,3859.574,17.87694,0.7908200000000001,14.03244,20.12036,19.46422,6422.028,51.74
2000-05-29,55.002,0.45792,0.30636,0.79896,49.136,0.4916,0.68642,518.3620000000001,3.7903,1.73966,3.56876,3904.252,17.90956,0.79236,14.11266,20.40128,19.5287,6448.228,51.56
2000-06-05,55.78,0.470475,0.30965,0.799825,49.9675,0.49317500000000003,0.6953,524.515,3.89425,1.7873000000000001,3.6666,4048.475,18.326050000000002,0.8097749999999999,14.455675,21.037475,19.96305,6624.8775000000005,52.25
2000-06-12,55.598,0.4699,0.31154,0.78966,50.17,0.49169999999999997,0.6919,523.662,3.88948,1.78514,3.66212,4026.184,18.34494,0.80954,14.44982,21.01446,19.9601,6617.836,52.18
2000-06-19,55.962,0.47465999999999997,0.31406,0.78878,50.112,0.49874,0.69818,531.42,3.9289,1.80322,3.69866,4113.4800000000005,18.58314,0.8225,14.60708,21.20086,20.31318,6685.358,52.52
2000-06-26,55.522,0.47016,0.31196,0.78324,49.47,0.4988,0.69634,524.856,3.8916399999999998,1.78616,3.66414,4095.056,18.40966,0.81474,14.44982,20.99888,20.25692,6621.312,52.14
2000-07-03,55.03,0.4644,0.30712,0.78008,49.446,0.4881,0.6892199999999999,518.336,3.84396,1.76426,3.61926,4261.186,18.352140000000002,0.8058,14.29908,20.74986,20.3267,6540.598,51.56
2000-07-10,54.928,0.46096,0.30506,0.78242,49.626,0.48688,0.68224,513.758,3.81548,1.75118,3.59244,4329.724,18.42314,0.80304,14.20808,20.593899999999998,20.57042,6493.76,51.44
2000-07-17,55,0.45883999999999997,0.30591999999999997,0.78876,49.492,0.49276000000000003,0.67832,510.46000000000004,3.79794,1.74312,3.57592,4176.728,18.4671,0.8012400000000001,14.21368,20.541240000000002,20.42484,6465.36,51.56
2000-07-24,55.07,0.46036,0.30378,0.78414,50.174,0.49156,0.67564,513.338,3.81052,1.7489,3.58944,4140.5,18.8902,0.80106,14.28382,20.64716,20.64012,6487.012,51.64
2000-07-31,54.714,0.45522,0.30394,0.77998,49.647999999999996,0.49620000000000003,0.67504,507.90999999999997,3.76798,1.72936,3.55048,3998.0679999999998,18.6157,0.78604,14.13396,20.58818,20.36888,6415.394,51.42
2000-08-07,54.56,0.45386,0.30164,0.77696,49.275999999999996,0.50118,0.6742,506.282,3.7567,1.72422,3.53986,3858.382,18.57814,0.78046,14.0926,20.7417,20.3452,6398.04,51.36
2000-08-14,54.064,0.45032,0.29976,0.76864,49.034,0.49434,0.66664,502.264,3.72742,1.71076,3.51226,3744.888,18.3906,0.77316,13.98354,20.61434,20.23694,6350.518,50.88
2000-08-21,52.98,0.44012,0.29622,0.758,47.438,0.48794,0.65148,490.384,3.64302,1.67202,3.43276,3657.346,17.97982,0.7563,13.653599999999999,20.16808,19.797559999999997,6209.25,49.9
2000-08-28,52.072,0.4311,0.29546,0.75208,45.934,0.48114,0.63806,478.05,3.5683,1.63774,3.36232,3591.652,17.622600000000002,0.74176,13.37664,19.74466,19.4368,6085.478,49.019999999999996
2000-09-04,51.592,0.42586,0.29348,0.74936,45.012,0.48044,0.6286,471.492,3.5248999999999997,1.61782,3.32146,3558.462,17.598020000000002,0.73658,13.223939999999999,19.4477,19.381,6015.572,48.56
2000-09-11,51.976,0.42332,0.30054000000000003,0.76188,45.176,0.49074,0.62706,470.88599999999997,3.5039000000000002,1.60816,3.30112,3672.458,17.654059999999998,0.73706,13.15314,19.323,19.31428,5986.044,48.980000000000004
2000-09-18,50.866,0.41088,0.29086,0.7563599999999999,43.902,0.48126,0.6101,464.032,3.4009,1.56088,3.2041,3593.138,17.47042,0.71762,12.832040000000001,18.95912,18.8775,5821.54,47.86
2000-09-25,50.792,0.41344,0.28312,0.75364,44.484,0.46932,0.61632,462.092,3.42208,1.57064,3.22356,3641.086,17.50546,0.7205199999999999,12.9136,19.02466,19.1028,5872.444,47.66
2000-10-02,50.038,0.40462,0.27699999999999997,0.74934,44.036,0.46166,0.60754,452.138,3.3491,1.53712,3.1532999999999998,3557.582,17.19374,0.70666,12.643600000000001,18.64738,18.7623,5820.934,46.92
2000-10-09,50.128,0.40332,0.27694,0.75618,43.644,0.46514,0.60722,456.724,3.3383,1.53218,3.14368,3580.276,17.3785,0.70646,12.63288,18.65882,19.09546,5868.282,46.94
2000-10-16,49.64,0.39583999999999997,0.27338,0.75648,42.732,0.46662,0.59934,449.036,3.27642,1.50376,3.08684,3525.682,17.21884,0.6943,12.755939999999999,18.33496,19.2749,5729.314,46.48
2000-10-23,50.4,0.400475,0.27749999999999997,0.765875,43.31,0.481025,0.60785,454.3825,3.314775,1.52135,3.12345,3609.4125000000004,17.491625,0.70215,12.854875,18.66235,20.091275,5755.7575,47.275
2000-10-30,50.202,0.39938,0.27558,0.76474,43.388,0.47004,0.61118,453.868,3.3057,1.51722,3.11344,3696.3940000000002,17.47208,0.69718,12.87512,18.66228,20.44622,5754.412,46.94
2000-11-06,49.81,0.3988,0.2782,0.75568,42.778,0.46252,0.61316,452.378,3.30092,1.51498,3.11038,3681.2599999999998,17.393,0.6932200000000001,12.7821,18.61166,19.72194,5760.82,46.54
2000-11-13,49.942,0.39712000000000003,0.2778,0.76356,43.018,0.46304,0.61478,452.414,3.287,1.50862,3.09726,3725.09,17.4226,0.69396,12.7767,18.58452,19.82156,5748.718,46.64
2000-11-20,50.397999999999996,0.39794,0.28142,0.76806,43.71,0.47056,0.61716,466.83,3.2938,1.51172,3.10366,3755.886,17.47822,0.6984400000000001,13.00008,18.62002,19.63398,5767.084,47.04
2000-11-27,51.194,0.40528000000000003,0.28608,0.77304,44.87,0.47352,0.62348,486.496,3.3545599999999998,1.5396,3.16092,3844.768,17.70524,0.7105,13.34858,18.9919,20.08754,5883.468,47.78
2000-12-04,52.69,0.42312,0.29326,0.7787999999999999,46.906,0.47784,0.65082,508.44599999999997,3.5018000000000002,1.6078999999999999,3.29914,4049.292,18.4397,0.73594,13.9636,19.7788,21.10568,6148.4839999999995,49.12
2000-12-11,52.842,0.4239,0.29108,0.78212,47.308,0.48072,0.6452,504.19800000000004,3.5082400000000002,1.61084,3.30542,4059.866,18.44338,0.7361800000000001,14.00998,19.81456,21.19466,6161.588,49.28
2000-12-18,53.748,0.43324,0.2939,0.7906,48.7,0.48008,0.65942,528.184,3.58554,1.64636,3.37872,4149.33,18.538619999999998,0.75028,14.34048,20.23204,21.70496,6295.72,50
2000-12-25,54.54,0.4424,0.2966666666666667,0.7940333333333334,50.43333333333333,0.4754,0.6668000000000001,551.3933333333333,3.661633333333333,1.6811,3.4500333333333333,4250.663333333334,18.7989,0.7645333333333333,14.6668,20.653333333333332,22.0916,6431.176666666667,50.666666666666664
2001-01-01,54.516666666666666,0.4434,0.29606666666666664,0.7897,50.79333333333334,0.4701666666666667,0.6635333333333333,561.78,3.6699,1.6847333333333334,3.4579999999999997,4211.75,19.258933333333335,0.7679,14.601466666666667,20.709566666666667,22.6109,6449.116666666667,50.56666666666667
2001-01-08,55.352,0.44976,0.3009,0.798,52.502,0.47462,0.67304,570.414,3.72228,1.70874,3.50764,4291.9619999999995,19.44226,0.77898,14.67156,20.96412,23.02046,6543.366,51.38
2001-01-15,55.266,0.44566,0.30214,0.80228,52.748,0.47248,0.67114,571.092,3.6881,1.69314,3.4756,4203.174,19.2551,0.77382,14.53012,20.6976,23.50224,6488.002,51.32
2001-01-22,55.078,0.44334,0.30316,0.8047,51.83,0.47602,0.66864,566.29,3.67288,1.68582,3.46034,4181.554,19.079040000000003,0.77304,14.450380000000001,20.57148,21.78206,6457.848,51.16
2001-01-29,54.758,0.44072,0.30086,0.8045,51.34,0.47456,0.66134,554.676,3.64786,1.67442,3.4367199999999998,4181.2300000000005,18.72692,0.76748,14.2337,20.4501,21.69314,6420.466,50.88
2001-02-05,54.8875,0.441375,0.303075,0.808875,51.135,0.4756,0.665,558.25,3.652675,1.6769500000000002,3.442,4218.32,18.787075,0.770425,14.236275,20.482374999999998,21.429775,6432.6375,51.025
2001-02-12,54.23,0.43252,0.29806,0.81224,50.492,0.47008,0.65848,541.178,3.57952,1.64338,3.37298,4151.186,18.3627,0.75402,13.95064,20.12978,20.6336,6305.054,50.38
2001-02-19,54.134,0.43012,0.29748,0.81736,50.008,0.47166,0.66126,533.778,3.5597,1.6343400000000001,3.35432,4138.48,18.42886,0.74934,13.89118,20.03394,20.65608,6271.536,50.3
2001-02-26,54.442,0.43234,0.29838,0.8226,50.426,0.46976,0.66396,542.918,3.5785,1.6426,3.37166,4244.174,18.63352,0.75454,13.98996,20.13174,20.855700000000002,6306.594,50.5
2001-03-05,54.41,0.42986,0.29298,0.82844,51.304,0.46104,0.66388,545.896,3.55774,1.63318,3.35228,4269.164,18.7117,0.75512,13.9097,19.99088,20.60494,6267.326,50.32
2001-03-12,53.458,0.41662,0.28665999999999997,0.82956,50.26,0.45436,0.64654,534.22,3.44832,1.58292,3.24896,4249.2660000000005,18.24934,0.73636,13.5512,19.42126,20.11354,6072.432,49.4
2001-03-19,54.096,0.41712,0.29188000000000003,0.83958,51.316,0.46422,0.6543800000000001,544.424,3.45214,1.5848,3.25284,4348.148,18.4119,0.7427,13.68336,19.47136,20.30734,6077.546,50.04
2001-03-26,53.474,0.4114,0.2873,0.83036,50.542,0.46248,0.64418,541.146,3.40498,1.56304,3.20828,4283.12,18.3542,0.7391,13.44274,19.18406,20.27302,5993.454,49.46
2001-04-02,52.976,0.40368,0.28316,0.82834,50.708,0.45346000000000003,0.63616,545.2,3.34086,1.53374,3.1476800000000003,4282.664,18.28506,0.73172,13.286100000000001,18.808320000000002,20.1698,5880.892,48.88
2001-04-09,52.5275,0.403425,0.280525,0.81115,50.31,0.45125000000000004,0.62985,535.8924999999999,3.33875,1.532775,3.1461,4300.81,18.361150000000002,0.7302,13.279925,18.820025,20.1437,5928.76,48.55
2001-04-16,52.6625,0.40712499999999996,0.28342500000000004,0.802075,49.9875,0.45815,0.634775,534.1625,3.369575,1.546675,3.17495,4545.82,18.49485,0.7359,13.390625,19.066875,20.4228,5936.785,48.725
2001-04-23,53.125,0.411975,0.28595,0.806625,50.3,0.45742499999999997,0.636725,542.15,3.4095,1.5653,3.212575,4907.005,18.779675,0.74715,13.5502,19.288899999999998,20.882025,6009.6775,49.025
2001-04-30,53.806,0.41781999999999997,0.29116,0.8112,51.194,0.46844,0.64122,545.484,3.45802,1.58732,3.25822,4715.766,19.03302,0.75988,13.74244,19.5557,21.22694,6096.018,49.82
2001-05-07,54.222,0.42238,0.29552,0.81138,51.403999999999996,0.47608,0.65062,549.398,3.49596,1.605,3.29404,4679.96,19.24042,0.76846,13.89278,19.76896,21.31322,6168.792,50.26
2001-05-14,54.272,0.4219,0.29614,0.80688,51.89,0.48,0.65158,550.088,3.4916,1.6031,3.29022,4811.282,19.1706,0.76518,13.88574,19.82526,21.19598,6168.804,50.4
2001-05-21,54.67,0.42504000000000003,0.29788,0.81134,51.808,0.49028,0.65508,549.212,3.51778,1.61494,3.31478,4860.396,19.34658,0.76778,14.2137,19.96432,21.47094,6223.545999999999,50.8
2001-05-28,54.116,0.41903999999999997,0.2947,0.81204,50.428,0.48988,0.64574,539.714,3.46808,1.59218,3.2679199999999997,4754.766,19.0409,0.75872,14.19638,19.68368,21.21338,6146.776,50.3
2001-06-04,53.43,0.41275,0.294375,0.804975,49.51,0.485925,0.630725,530.785,3.4158749999999998,1.568375,3.2188,4624.095,18.634425,0.7471249999999999,14.037425,19.3876,20.939574999999998,6079.092500000001,49.675
2001-06-11,54.074,0.4193,0.3028,0.7978,50.966,0.49166,0.63718,540.236,3.4702,1.59312,3.26962,4717.0380000000005,18.9908,0.76128,14.34854,19.70726,21.50334,6194.336,50.38
2001-06-18,53.658,0.41434,0.2952,0.79544,51.184,0.48342,0.63448,538.8240000000001,3.42814,1.57384,3.23032,4694.782,18.74534,0.75332,14.28174,19.46212,21.622320000000002,6143.722,49.92
2001-06-25,53.678,0.4133,0.2925,0.80098,51.356,0.48232,0.62792,537.542,3.4204,1.57034,3.22318,4704.608,18.68592,0.75248,14.2402,19.4272,21.6302,6140.628,49.92
2001-07-02,52.944,0.40638,0.2882,0.79084,50.642,0.48048,0.61502,526.416,3.36492,1.5449000000000002,3.17104,4608.374,18.46234,0.74158,13.99,19.14708,21.4945,6045.732,49.3
2001-07-09,53.046,0.4059,0.28798,0.79896,50.726,0.4762,0.61888,527.624,3.36016,1.5426,3.16648,4605.972,18.490759999999998,0.74446,14.12614,19.13548,21.50488,6049.83,49.28
2001-07-16,53.403999999999996,0.40994,0.29058,0.80178,51.038,0.47534,0.6305,535.056,3.39258,1.5574,3.19698,4619.012,18.7553,0.75002,14.33182,19.31646,21.96288,6118.276,49.54
2001-07-23,53.368,0.4111,0.28862,0.80844,50.918,0.47014,0.63292,535.588,3.4023,1.56214,3.20606,4142.05,18.78908,0.74468,14.30236,19.36908,21.98954,6145.122,49.48
2001-07-30,53.734,0.41526,0.29076,0.8111,51.636,0.47286,0.6366,536.11,3.43662,1.57786,3.23834,3984.948,18.9478,0.74466,14.39688,19.56468,22.23234,6216.2080000000005,49.9
2001-08-06,54.234,0.42108,0.29632,0.81572,51.942,0.47698,0.64536,541.758,3.4849,1.59982,3.2837,3904.428,19.11804,0.74638,14.56852,19.840619999999998,22.27332,6312.18,50.4
2001-08-13,54.879999999999995,0.43035999999999996,0.30062,0.82504,52.192,0.4762,0.66088,550.598,3.5617,1.63526,3.35622,3773.77,19.3113,0.75406,14.88962,20.27362,22.02222,6458.626,50.94
2001-08-20,55.466,0.43926,0.30342,0.82138,52.822,0.47998,0.67794,563.222,3.63528,1.6691,3.42592,3791.274,19.6213,0.7700400000000001,15.19758,20.696,22.44796,6592.672,51.48
2001-08-27,55.69,0.44001999999999997,0.30360000000000004,0.82998,52.77,0.48234,0.67846,562.908,3.64158,1.67182,3.4316999999999998,3929.084,19.46636,0.76872,15.21332,20.7349,22.50658,6606.59,51.68
2001-09-03,55.282000000000004,0.4344,0.29906,0.83058,52.032,0.4841,0.67526,556.314,3.59504,1.65054,3.3878,3912.51,19.245099999999997,0.75868,15.01892,20.48738,22.24354,6525.06,51.3
2001-09-10,54.654,0.42852,0.2923,0.8299,51.368,0.47272,0.67026,552.332,3.5464599999999997,1.6282,3.34198,3892.428,19.06608,0.74708,14.81608,20.35396,21.96762,6432.382,50.58
2001-09-17,52.910000000000004,0.41328,0.28156,0.8278800000000001,48.518,0.44648,0.64844,535.32,3.4205,1.57026,3.2233,3913.792,18.2603,0.71822,14.29018,19.82116,21.21102,6203.378,48.66
2001-09-24,52.002,0.4032,0.27462,0.82364,47.544,0.43878,0.63394,525.37,3.3368599999999997,1.53186,3.1443,3869.48,17.892599999999998,0.71316,13.9306,19.29794,20.68168,6057.246,47.74
2001-10-01,52.542,0.40716,0.2761,0.82064,49.002,0.44466,0.63982000000000006,533.29,3.36958,1.547,3.17514,4039.306,18.17832,0.72368,14.08686,19.52994,20.9824,6120.656,48.3
2001-10-08,53.344,0.41448,0.28342,0.82298,49.902,0.45382,0.6483800000000001,540.234,3.4301,1.5748,3.23246,4147.888,18.558980000000002,0.74984,14.33022,19.92166,21.43848,6234.932,49.14
2001-10-15,53.828,0.41904,0.28938,0.8194,50.738,0.46202,0.65652,543.7760000000001,3.46788,1.59236,3.26792,4197.462,18.72286,0.7607,14.44794,20.1182,21.6911,6305.965999999999,49.7
2001-10-22,53.9925,0.41709999999999997,0.292475,0.822575,51.1925,0.467675,0.657175,541.06,3.45435,1.5860500000000002,3.25525,4270.675,18.705025,0.7621,14.391375,20.017400000000002,21.68125,6277.6425,49.9
2001-10-29,53.384,0.41312,0.28446,0.81828,50.484,0.45836,0.65386,534.164,3.41908,1.5696999999999999,3.22194,4314.8279999999995,18.46588,0.75418,14.24448,19.82158,21.45898,6220.174,49.24
2001-11-05,53.798,0.41828,0.2866,0.81636,50.652,0.46626,0.66688,538.7479999999999,3.46154,1.58938,3.26216,4470.144,18.64576,0.76038,14.42172,20.07254,21.70394,6301.898,49.699999999999996
2001-11-12,54.056,0.42086,0.29124,0.81014,51.054,0.47464,0.6717,540.076,3.48346,1.59922,3.2827,4462.378,18.69626,0.7694799999999999,14.51274,20.20482,21.89986,6345.39,50.06
2001-11-19,53.346,0.41386,0.29188,0.7963,50.954,0.46987999999999996,0.65994,528.81,3.4256,1.5725,3.2279,4344.8240000000005,18.35372,0.76074,14.24208,19.86156,21.534860000000002,6239.608,49.52
2001-11-26,53.274,0.41342,0.29152,0.79548,51.204,0.46798,0.65776,523.288,3.42158,1.5708,3.22384,4303.407999999999,18.21976,0.75742,14.20548,19.829819999999998,21.47922,6236.83,49.46
2001-12-03,53.478,0.4151,0.29166000000000003,0.8015,51.512,0.46532,0.65336,527.106,3.43548,1.57718,3.2372,4328.98,18.23564,0.76158,14.26324,19.87218,21.5748,6262.042,49.6
2001-12-10,53.82,0.41722,0.2899,0.80662,52.532,0.46712,0.65598,531.7,3.45284,1.58532,3.25382,4231.938,18.25612,0.76422,14.34566,19.94072,21.68832,6293.924,49.940000000000005
2001-12-17,53.772,0.41558,0.28584,0.80928,53.15,0.46072,0.65332,537.174,3.44056,1.5796999999999999,3.24182,4216.868,18.22366,0.76318,14.41356,19.8582,21.3594,6271.004,49.82
2001-12-24,54.26,0.41496666666666665,0.2866333333333333,0.8176666666666667,54.26,0.4695666666666667,0.6615333333333333,545.8933333333333,3.4316,1.5754,3.2329333333333334,4297.2,18.314333333333334,0.7661,14.531033333333333,19.9575,21.296300000000002,6266.3499999999995,50.266666666666666
2001-12-31,54.82666666666667,0.42083333333333334,0.29113333333333336,0.8193333333333334,55.416666666666664,0.4699333333333333,0.6711666666666667,552.0066666666667,3.482666666666667,1.5990666666666666,3.2813666666666665,4381.5999999999995,18.530833333333334,0.7767666666666667,14.7127,20.293,21.709033333333334,6351.336666666667,50.83333333333333
2002-01-07,55.638,0.42828,0.29724,0.82096,56.572,0.47958,0.68394,560.292,3.54434,1.62728,3.33968,4459.794,18.84168,0.7903,14.96262,20.6826,22.03894,6464.086,51.64
2002-01-14,54.978,0.42186,0.29248,0.81682,55.674,0.47562,0.67404,555.014,3.49122,1.60288,3.28962,4404.118,18.51452,0.77322,14.74862,20.35738,21.64304,6371.018,51.04
2002-01-21,55.858,0.42734,0.29874,0.82514,57.116,0.48456,0.6875,567.976,3.53958,1.62514,3.33552,4450.166,18.88244,0.78608,14.97414,20.65228,21.91838,6457.442,51.9
2002-01-28,55.208,0.42002,0.29760000000000003,0.8213,56.212,0.48685999999999996,0.67044,551.028,3.47588,1.59602,3.2755199999999998,4341.32,18.49802,0.77084,14.68428,20.34228,21.51498,6350.696,51.44
2002-02-04,54.79,0.4171,0.29457500000000003,0.8185749999999999,55.552499999999995,0.480825,0.66655,548.4675,3.4528,1.585025,3.2527749999999997,4288.4675,18.33355,0.7642,14.59495,20.284275,21.366,6308.7125,50.975
2002-02-11,54.95,0.4193,0.29412,0.81936,55.882,0.47992,0.66772,551.16,3.47038,1.59328,3.27024,4280.26,18.33134,0.76604,14.71194,20.40348,21.513740000000002,6342.598,51.12
2002-02-18,55.046,0.42102,0.29466,0.81316,56.18,0.48284,0.66958,554.968,3.4846,1.59992,3.2836,4296.92,18.4254,0.7702600000000001,14.77228,20.47702,21.60198,6370.51,51.24
2002-02-25,54.894,0.41858,0.29438000000000003,0.8134399999999999,56.108000000000004,0.48182,0.67128,553.81,3.4645799999999998,1.5906,3.26492,4253.194,18.32996,0.76734,14.6846,20.39272,21.461579999999998,6336.1900000000005,51.12
2002-03-04,55.55,0.42714,0.3001,0.81862,56.04,0.48946,0.6775,560.61,3.53262,1.62078,3.32652,4261.7300000000005,18.54496,0.77744,14.91672,20.79494,21.811799999999998,6470.274,51.74
2002-03-11,55.724000000000004,0.4295,0.30274,0.82358,55.382,0.48997999999999997,0.68232,565.662,3.55938,1.63216,3.35,4281.316,18.57376,0.78262,14.99862,20.914920000000002,21.87746,6508.858,51.839999999999996
2002-03-18,56.62,0.43678,0.30634,0.82934,57.3,0.49479999999999996,0.6909,578.192,3.61884,1.65976,3.40574,4325.48,18.9497,0.7991,15.2838,21.27906,22.31416,6624.736,52.7
2002-03-25,56.73,0.436825,0.306525,0.82555,58.1125,0.49875,0.693075,579.8125,3.62005,1.659825,3.40585,4234.15,18.9582,0.805325,15.280325,21.299575,22.314175,6632.965,52.9
2002-04-01,57.1,0.440825,0.306875,0.8271999999999999,58.59,0.5011749999999999,0.70245,585.3675000000001,3.653175,1.67505,3.438225,4277.2925,19.238225,0.811825,15.409425,21.527675,22.509625,6701.8625,53.25
2002-04-08,56.686,0.43817999999999996,0.3055,0.8250799999999999,57.502,0.49832,0.69764,581.732,3.63124,1.6649,3.4177,4197.124,19.06482,0.80408,15.303939999999999,21.41476,22.3415,6666.474,52.8
2002-04-15,57.06,0.44268,0.30716,0.82702,58.088,0.50046,0.69974,583.838,3.6677,1.68228,3.45274,4163.614,19.20324,0.81002,15.45124,21.645220000000002,22.550819999999998,6737.4980000000005,53.2
2002-04-22,57.292500000000004,0.44715,0.3084,0.827025,58.082499999999996,0.5016,0.70215,583.52,3.705675,1.69925,3.487425,4183.0175,19.35265,0.8109999999999999,15.54225,21.882424999999998,22.778925,6806.125,53.425
2002-04-29,57.164,0.44812,0.30691999999999997,0.83074,57.338,0.49628,0.70066,577.928,3.71278,1.70276,3.49496,4177.904,19.34142,0.81088,15.519919999999999,21.931,22.60026,6820.6539999999995,53.24
2002-05-06,57.174,0.44936,0.307,0.83114,57.498,0.49248,0.70404,574.764,3.72214,1.70762,3.50474,4171.558,19.2901,0.81162,15.51976,21.99082,22.35514,6845.734,53.24
2002-05-13,57.95,0.45684,0.3136,0.83494,58.448,0.50198,0.71118,580.766,3.78308,1.73606,3.56296,4204.398,19.55534,0.82382,15.75634,22.37878,22.63458,6965.082,54.06
2002-05-20,58.722,0.46752,0.32051999999999997,0.84206,58.452,0.50724,0.71934,582.772,3.87244,1.77656,3.64642,4209.6320000000005,19.98398,0.83882,16.04166,22.90102,23.25926,7129.264,54.76
2002-05-27,59.275999999999996,0.47426,0.32482,0.8462200000000001,58.986,0.51094,0.72716,583.004,3.92812,1.8021,3.69916,4200.694,20.17134,0.8497,16.190739999999998,23.22646,23.78564,7232.228,55.32
2002-06-03,60.769999999999996,0.49,0.335625,0.854175,60.7975,0.520525,0.7500249999999999,599.855,4.0606,1.861875,3.821975,4348.2375,20.828699999999998,0.87825,16.651175000000002,24.009975,24.853725,7477.032499999999,56.724999999999994
2002-06-10,60.738,0.48866,0.33318,0.85906,61.108,0.51742,0.75098,600.008,4.04756,1.85692,3.8115,4264.138,20.66874,0.87394,16.60188,23.92876,24.66312,7457.688,56.7
2002-06-17,60.44,0.4869,0.32734,0.8631,60.408,0.51114,0.75048,597.8000000000001,4.0351,1.85022,3.79788,4213.424,20.3799,0.86828,16.50048,23.81812,24.45858,7434.332,56.34
2002-06-24,60.514,0.49344,0.32628,0.86546,59.572,0.50394,0.7484000000000001,594.234,4.0882,1.87528,3.8485,4269.336,20.587,0.87206,16.53976,24.10258,24.83236,7535.37,56.26
2002-07-01,59.833999999999996,0.48678,0.31808000000000003,0.86882,58.37,0.49402,0.7421,586.172,4.0328800000000005,1.84984,3.79686,4312.992,20.22376,0.861,16.27702,23.75778,24.64274,7446.326,55.5
2002-07-08,59.698,0.4879,0.31638,0.8667400000000001,57.74,0.49436,0.74196,576.9159999999999,4.04308,1.854,3.80584,4383.255999999999,20.1058,0.85542,16.19748,23.79392,24.58262,7462.184,55.38
2002-07-15,59.064,0.48448,0.30902,0.8701,56.402,0.48198,0.74546,567.658,4.01384,1.841,3.7791799999999998,4336.496,19.62926,0.84202,15.936,23.62232,24.41542,7411.67,54.62
2002-07-22,58.339999999999996,0.4754,0.30184,0.87138,55.461999999999996,0.47494,0.74408,558.492,3.9396,1.8066,3.7079,4284.44,19.54734,0.82864,15.76926,23.13586,24.10812,7278.65,53.86
2002-07-29,57.738,0.46572,0.29756,0.8613999999999999,55.678,0.47392,0.73654,555.926,3.85926,1.7697,3.63262,4252.656,19.58436,0.81996,15.63468,22.66198,23.88354,7135.106,53.36
2002-08-05,56.972,0.45672,0.29525999999999997,0.85614,54.886,0.46878,0.72416,549.84,3.78474,1.7357,3.5623,4125.996,19.367179999999998,0.80606,15.40678,22.21484,23.6008,6999.548,52.62
2002-08-12,57.202,0.46124,0.301,0.85646,54.608000000000004,0.47144,0.72294,549.74,3.82116,1.7526599999999999,3.59782,4076.026,19.34972,0.8079,15.51306,22.40374,23.88398,7067.932,52.86
2002-08-19,57.924,0.4678,0.30588,0.85942,55.495999999999995,0.47837999999999997,0.73124,559.104,3.8765,1.77756,3.6488799999999997,4147.1759999999995,19.70836,0.82026,15.87064,22.6986,24.35594,7169.97,53.58
2002-08-26,58.064,0.46964,0.30682,0.85526,55.862,0.48032,0.7312,563.352,3.89168,1.78466,3.66314,4173.023999999999,19.83432,0.82242,16.04806,22.7667,24.408839999999998,7200.462,53.72
2002-09-02,57.586,0.46704,0.29966,0.8536,55.118,0.4724,0.72934,558.812,3.86944,1.77474,3.64302,4137.478,19.71942,0.8160999999999999,15.96088,22.63274,24.18044,7158.9800000000005,53.18
2002-09-09,58.258,0.47084,0.30248,0.85878,56.306000000000004,0.48128,0.74042,565.396,3.9018,1.7891,3.67264,4189.1900000000005,20.02796,0.8285,16.14914,22.809359999999998,24.4919,7219.108,53.86
2002-09-16,58.620000000000005,0.4717,0.30472,0.85888,57.47,0.48356,0.7447,572.708,3.9089,1.79258,3.67916,4261.104,20.3191,0.83784,16.35362,22.82654,24.71104,7235.12,54.2
2002-09-23,58.628,0.47028,0.3022,0.86266,57.902,0.48048,0.74268,576.526,3.89512,1.78706,3.66818,4244.41,20.41112,0.83772,16.37938,22.74932,24.64508,7214.94,54.160000000000004
2002-09-30,58.872,0.47274,0.30198,0.8685,57.914,0.48026,0.74968,580.856,3.91674,1.7963,3.68726,4259.7,20.5426,0.84312,16.50064,22.851300000000002,24.85652,7253.818,54.32
2002-10-07,59.928000000000004,0.48064,0.3076,0.87744,59.49,0.4887,0.76618,600.698,3.98142,1.82634,3.7489,4329.308,21.03948,0.86102,16.84922,23.22644,25.35316,7378.304,55.300000000000004
2002-10-14,59.914,0.4798,0.30858,0.8754,59.776,0.48886,0.75944,598.752,3.97458,1.82308,3.7423,4417.866,21.03236,0.86028,16.77052,23.1974,25.46164,7367.3279999999995,55.32
2002-10-21,60.312,0.48368,0.31268,0.87436,60.438,0.49606,0.7581600000000001,598.502,4.0062999999999995,1.83796,3.77234,4458.74,21.09992,0.8615,16.8237,23.3869,25.70712,7429.134,55.8
2002-10-28,60.27,0.48612500000000003,0.3116,0.874725,59.825,0.4934,0.759075,595.0625,4.028575,1.847425,3.791475,4480.41,21.064425,0.8594999999999999,16.883825,23.500525,25.825400000000002,7468.4,55.7
2002-11-04,61.154,0.49684,0.31744,0.88302,60.552,0.49613999999999997,0.77326,603.514,4.11636,1.88814,3.875,4572.416,21.44978,0.87512,17.15358,23.99232,26.28716,7635.542,56.5
2002-11-11,60.83,0.49616,0.31272,0.8827,59.514,0.49144,0.7804,597.668,4.11078,1.8856600000000001,3.8698799999999998,4499.128,21.45524,0.8745999999999999,17.12354,23.92972,26.42076,7626.034000000001,56.1
2002-11-18,61.38,0.49882,0.31582,0.88822,60.766,0.49622,0.79012,604.604,4.13376,1.89548,3.8904799999999997,4482.598,21.64422,0.88222,17.30566,24.032140000000002,26.71452,7670.758,56.64
2002-11-25,61.424,0.4976,0.31932,0.8882599999999999,60.842,0.50112,0.78336,602.6320000000001,4.1217,1.8909,3.88068,4466.01,21.598300000000002,0.87844,17.27774,24.0011,26.69056,7654.482,56.76
2002-12-02,61.824,0.5001,0.31954,0.89224,62.124,0.50106,0.7803800000000001,608.562,4.1444,1.90048,3.9001200000000003,4490.0419999999995,21.81284,0.88566,17.39846,24.11382,26.76078,7697.038,57.14
2002-12-09,61.992,0.50368,0.31926,0.89588,62.13,0.49816,0.78542,609.288,4.17406,1.91394,3.9282,4491.6359999999995,21.80426,0.88638,17.49498,24.26024,26.87914,7752.894,57.26
2002-12-16,62.978,0.51524,0.32262,0.9105,62.338,0.50226,0.8016599999999999,619.924,4.27558,1.96048,4.0233,4578.726,22.219459999999998,0.90068,17.92022,24.77066,27.6689,7932.016,58.06
2002-12-23,63.11,0.5166333333333333,0.32313333333333333,0.9177666666666667,62.13,0.5013666666666667,0.8028,621.1333333333333,4.279833333333333,1.9633,4.029066666666667,4599.123333333333,22.255866666666666,0.8982666666666667,17.953233333333333,24.786333333333335,27.566666666666666,7954.086666666667,58.13333333333333
2002-12-30,63.68666666666667,0.5226999999999999,0.3267333333333333,0.9276,62.47666666666667,0.5014333333333334,0.8209333333333333,623.3466666666667,4.329899999999999,1.9860333333333333,4.076433333333333,4675.316666666667,22.545466666666666,0.9082333333333333,18.1366,25.061766666666667,27.888966666666665,8050.453333333334,58.6
2003-01-06,64.298,0.5308999999999999,0.32998,0.92462,63.474,0.50764,0.8279799999999999,627.482,4.39938,2.01738,4.14068,4738.486,22.69328,0.92374,18.32072,25.45344,28.41646,8179.3640000000005,59.24
2003-01-13,64.994,0.5409,0.33678,0.9247,64.05199999999999,0.51166,0.83284,635.3100000000001,4.4823,2.05524,4.2185,4798.532,23.08466,0.93742,18.60644,25.91406,28.92956,8339.394,59.94
2003-01-20,65.528,0.54784,0.33902,0.92898,64.71000000000001,0.51172,0.8391,642.116,4.53398,2.0794799999999998,4.2682,4857.528,23.37846,0.9474,18.89164,26.23456,29.38944,8449.446,60.4
2003-01-27,65.392,0.54774,0.33340000000000003,0.92838,64.892,0.50556,0.8349,641.562,4.5379,2.08146,4.27226,4863.678,23.39182,0.94976,18.93728,26.22248,29.440459999999998,8450.532,60.22
2003-02-03,65.41,0.5464249999999999,0.33235,0.9286,65.515,0.504975,0.82905,643.5074999999999,4.527425,2.0766,4.262,4847.3975,23.37415,0.951875,18.963175,26.069775,29.487225,8432.09,60.225
2003-02-10,66.076,0.5504,0.33924,0.93154,66.59,0.5115,0.83956,661.426,4.5603,2.0916,4.29286,4917.89,23.69808,0.96628,19.10334,26.24974,29.67978,8495.482,60.84
2003-02-17,66.174,0.55236,0.34571999999999997,0.932,65.94,0.51398,0.8371,661.386,4.57488,2.09876,4.30806,4908.18,23.74904,0.9658,19.17126,26.321,29.952859999999998,8523.904,60.96
2003-02-24,67.024,0.56294,0.3563,0.9319799999999999,66.304,0.52296,0.8428599999999999,670.2239999999999,4.6766,2.1444,4.40086,5014.224,24.1368,0.97956,19.58556,26.8235,30.6154,8685.488,61.8
2003-03-03,66.584,0.5625600000000001,0.3543,0.91744,66.162,0.51584,0.83232,677.492,4.6678,2.14052,4.39262,4996.8240000000005,24.00392,0.9771000000000001,19.49728,26.7958,30.7763,8680.922,61.36
2003-03-10,65.808,0.5543399999999999,0.34548,0.9171400000000001,65.08200000000001,0.50508,0.8165,687.93,4.59386,2.10644,4.32322,4930.88,23.64346,0.968,19.18766,26.3933,30.441679999999998,8556.066,60.48
2003-03-17,66.084,0.54978,0.3502,0.92584,65.526,0.51646,0.81298,689.066,4.5561,2.08924,4.2877,4958.38,23.61142,0.97196,19.07902,26.19372,30.1259,8491.358,60.84
2003-03-24,66.084,0.55028,0.35028,0.92174,66.22,0.51636,0.81082,687.614,4.5563,2.08922,4.28806,4901.106,23.58538,0.97212,19.10088,26.1726,29.64652,8502.714,60.94
2003-03-31,65.874,0.55198,0.35024,0.91556,65.57,0.5093799999999999,0.81196,692.922,4.57374,2.0975,4.30516,4910.848,23.67336,0.97778,19.1819,26.17214,29.40788,8529.302,60.620000000000005
2003-04-07,65.072,0.54362,0.34844,0.90246,65.19999999999999,0.50678,0.79816,677.736,4.50392,2.06582,4.23992,4826.084,23.384,0.96746,18.90022,25.7529,28.67702,8403.668,60
2003-04-14,65.60499999999999,0.5504,0.34995,0.9063,66.1775,0.5093,0.799675,671.025,4.5613,2.091825,4.292925,4850.3325,23.608375,0.977425,19.2949,26.052325,28.8086,8510.0775,60.575
2003-04-21,65.92666666666666,0.5563,0.3534333333333333,0.9014,66.92999999999999,0.5091666666666667,0.8078,676.4866666666667,4.610133333333334,2.1138666666666666,4.338966666666667,4858.5199999999995,23.7708,0.9889,19.336133333333333,26.321433333333335,29.2657,8604.106666666667,60.9
2003-04-28,65.824,0.55872,0.3499,0.8971399999999999,66.834,0.50342,0.80296,681.0840000000001,4.63014,2.12334,4.3576,4855.88,23.9136,0.9910800000000001,19.46208,26.43192,29.40212,8640.66,60.72
2003-05-05,66.222,0.5693199999999999,0.35481999999999997,0.89344,67.03,0.5013799999999999,0.79904,685.496,4.71792,2.16338,4.44026,4872.626,24.20714,0.9933,19.72956,26.8809,29.6869,8805.9,61.1
2003-05-12,66.52199999999999,0.57616,0.35726,0.89188,67.24,0.50082,0.79776,691.138,4.77402,2.18952,4.4935600000000004,4867.84,24.29292,0.99574,19.94192,27.13488,30.02608,8910.539999999999,61.42
2003-05-19,66.95,0.58396,0.35736,0.8896000000000001,68.24,0.5001599999999999,0.79314,698.374,4.83782,2.21938,4.5544,4873.086,24.50588,1.00692,20.20342,27.37256,30.76218,9031.936,61.82
2003-05-26,66.572,0.5808,0.35408,0.8867,68.294,0.49106,0.79918,698.594,4.80698,2.20724,4.52942,4788.2880000000005,24.2365,1.00336,20.13866,27.2524,30.7986,8984.622,61.42
2003-06-02,66.455,0.5802,0.353975,0.876625,68.8325,0.494275,0.788575,696.9225,4.8081,2.204875,4.52485,4754.78,24.147175,1.0006,20.093525,27.170775,30.866525,8979.61,61.4
2003-06-09,65.864,0.57534,0.347,0.87166,67.886,0.49064,0.78024,688.4399999999999,4.76776,2.1864600000000003,4.48686,4732.918,23.98764,0.99606,19.92968,26.8656,30.73128,8908.008,60.86
2003-06-16,66.416,0.58332,0.34758,0.8708,68.794,0.49548,0.78138,694.04,4.8333,2.21676,4.54928,4795.51,24.25386,1.0093,20.13674,27.151799999999998,31.13766,9032.77,61.42
2003-06-23,66.892,0.5843,0.35096,0.87796,69.118,0.50714,0.79248,694.984,4.8304,2.22108,4.55672,4813.792,24.314059999999998,1.01856,20.19006,27.18694,31.22544,9052.268,61.98
2003-06-30,67.428,0.59052,0.35556,0.87442,70.282,0.51322,0.7937799999999999,701.49,4.88792,2.24484,4.60512,4848.24,24.70142,1.03458,20.34284,27.37988,31.519940000000002,9152.358,62.559999999999995
2003-07-07,67.902,0.59204,0.3601,0.88952,69.88,0.52112,0.80618,699.134,4.90206,2.24994,4.6171,4859.124,24.6572,1.03732,20.30612,27.35838,31.61794,9178.922,63.04
2003-07-14,67.294,0.58252,0.36286,0.89056,68.754,0.51816,0.80698,685.948,4.82366,2.21338,4.54302,4797.338,24.239,1.02508,20.01136,26.87764,31.19384,9034.526,62.44
2003-07-21,66.834,0.57816,0.36166,0.88322,68.72,0.5085000000000001,0.8121,683.662,4.79288,2.19834,4.51182,4906.922,24.2147,1.014,19.86702,26.66704,31.14834,8969.35,61.86
2003-07-28,67.584,0.58544,0.36158,0.8892599999999999,70.146,0.51336,0.81526,691.692,4.8468,2.22466,4.56594,5000.402,24.58944,1.02836,20.11472,27.00418,31.99882,9082.728,62.62
2003-08-04,67.404,0.58106,0.36034,0.89486,69.698,0.51206,0.81348,688.586,4.8144,2.2081399999999998,4.53204,4985.162,24.3788,1.02298,20.00654,26.75622,31.79852,9016.08,62.4
2003-08-11,67.792,0.58642,0.36578,0.8943,69.734,0.51894,0.81298,691.404,4.8585,2.22866,4.57378,5007.018,24.46708,1.0273,20.12288,26.92072,32.18988,9099.714,62.839999999999996
2003-08-18,67.94200000000001,0.5867800000000001,0.36926000000000003,0.89294,69.608,0.5279,0.82146,690.068,4.86306,2.23246,4.58248,4958.664,24.37652,1.02496,20.1227,26.898600000000002,32.3861,9103.83,63.12
2003-08-25,67.018,0.57486,0.36598,0.89226,67.49,0.52932,0.80476,676.236,4.76378,2.1842800000000002,4.48352,4871.516,23.69816,1.00714,19.61954,26.34822,31.74052,8920.034,62.26
2003-09-01,66.516,0.5713,0.36314,0.88998,66.544,0.52396,0.7895,671.4639999999999,4.7331199999999995,2.17066,4.45576,4838.998,23.3279,1.00288,19.4635,26.20894,31.32818,8866.302,61.76
2003-09-08,67.044,0.58034,0.36498,0.8876000000000001,67.932,0.52034,0.7947,679.776,4.80456,2.20548,4.52644,4904.84,23.53756,1.01736,19.763659999999998,26.55102,31.90168,9009.964,62.24
2003-09-15,67.18,0.58512,0.36486,0.88078,68.134,0.52004,0.7991199999999999,685.204,4.84254,2.2237,4.56358,4954.465999999999,23.721239999999998,1.0241,19.922340000000002,26.838900000000002,32.2179,9096.042,62.4
2003-09-22,67.274,0.59544,0.36052,0.87754,66.696,0.51918,0.80388,685.6,4.926,2.26118,4.6132,5022.838,23.86388,1.03106,20.07302,27.26226,32.79026,9255.172,62.42
2003-09-29,67.02,0.59576,0.35804,0.87444,66.29599999999999,0.51266,0.8035,685.302,4.92734,2.26408,4.6063600000000005,4991.3,23.7273,1.02882,20.09304,27.14356,32.68938,9266.41,62.08
2003-10-06,66.842,0.59708,0.35862,0.86956,65.746,0.50936,0.7988,686.684,4.94308,2.2689399999999997,4.61066,4998.934,23.45724,1.02872,20.13178,27.0562,32.78316,9294.58,61.92
2003-10-13,66.708,0.59638,0.35744,0.8653799999999999,65.108,0.51008,0.78862,698.1,4.9408199999999995,2.26632,4.61608,5026.778,23.6889,1.0348,20.1752,27.11272,32.58854,9280.404,61.72
2003-10-20,67.232,0.60282,0.35834,0.86366,66.042,0.5142,0.79116,712.852,4.9902,2.2906,4.67298,5093.192,24.06012,1.04892,20.3951,27.30984,33.187819999999995,9376.534,62.22
2003-10-27,68.0075,0.611675,0.360625,0.868325,66.3225,0.5238,0.8023,724.0749999999999,5.0686,2.32465,4.74685,5213.505,24.42365,1.0647250000000001,20.753675,27.711375,33.850899999999996,9556,62.95
2003-11-03,68.408,0.6121800000000001,0.3647,0.8687,67.406,0.53334,0.8155,725.066,5.07222,2.32666,4.7549600000000005,5205.478,24.453979999999998,1.0664799999999999,20.78642,27.72282,33.84484,9574.168,63.46
2003-11-10,69.294,0.62454,0.3732,0.87266,67.93599999999999,0.5396,0.8182,733.576,5.17558,2.3734800000000003,4.84464,5300.908,24.93478,1.0800399999999999,21.206879999999998,28.29816,34.52852,9767.274,64.34
2003-11-17,70.05199999999999,0.63462,0.37396,0.8815,68.998,0.53506,0.82762,752.546,5.2590200000000005,2.41192,4.92492,5397.46,25.31754,1.09064,21.555,28.954919999999998,35.15818,9928.246,64.84
2003-11-24,70.658,0.63964,0.3751,0.88652,69.808,0.53914,0.83676,771.058,5.30074,2.43098,4.9681,5447.454,25.53314,1.1021,21.8159,29.33326,35.57748,9996.748,65.36
2003-12-01,70.672,0.6442599999999999,0.37374,0.88098,70.13,0.53478,0.83936,769.656,5.32316,2.44814,5.00216,5470.036,25.713720000000002,1.10662,21.96142,29.411640000000002,35.6996,10062.564,65.38
2003-12-08,70.554,0.64746,0.37218,0.87526,69.74799999999999,0.52988,0.84606,769.676,5.36548,2.46052,5.02708,5500.858,25.75358,1.10894,22.00862,29.46998,35.8519,10115.632,65.2
2003-12-15,70.446,0.64768,0.369,0.8742,69.754,0.52558,0.85774,769.574,5.36078,2.4623399999999998,5.0286,5496.29,25.67276,1.10582,22.01344,29.47654,35.88536,10139.178,65.04
2003-12-22,69.93666666666667,0.6425666666666666,0.3641333333333333,0.8725666666666666,69.09666666666666,0.5182333333333333,0.8544333333333334,768.8066666666666,5.321666666666666,2.4427666666666665,4.9894,5460.903333333333,25.463866666666668,1.0974333333333333,21.848566666666667,29.231433333333335,35.68066666666667,10064.74,64.46666666666667
2003-12-29,70.50333333333333,0.6510666666666667,0.367,0.8742333333333333,69.73666666666666,0.5212666666666667,0.849,778.35,5.3919999999999995,2.4766666666666666,5.054766666666667,5503.516666666666,25.796333333333333,1.1077666666666666,22.125,29.671333333333333,36.153733333333335,10187.880000000001,65.03333333333333
2004-01-05,71.636,0.6701,0.36936,0.87268,71.268,0.52854,0.86076,794.51,5.54984,2.54766,5.20216,5597.148,26.20422,1.136,22.63226,30.51272,37.01168,10492.324,66.14
2004-01-12,72.384,0.67974,0.36958,0.87638,72.324,0.53442,0.87036,803.09,5.62946,2.58444,5.27768,5670.162,26.488599999999998,1.1526,22.86986,30.84926,37.6805,10646.892,66.84
2004-01-19,71.48,0.66702,0.36748000000000003,0.86884,71.214,0.5322,0.8658,791.956,5.52398,2.53614,5.18074,5602.104,26.049780000000002,1.13332,22.423180000000002,30.27206,37.096560000000004,10451.07,66.04
2004-01-26,71.97,0.67256,0.36958,0.87358,71.38,0.53766,0.88668,790.912,5.5701599999999996,2.55754,5.225779999999999,5677.526,26.378420000000002,1.14152,22.45166,30.48448,37.5614,10550.862,66.52
2004-02-02,72.5775,0.677275,0.3705,0.888275,71.4825,0.54205,0.90345,791.2075,5.608975,2.57485,5.2661,5725.95,26.472975,1.147075,22.508825,30.65335,37.97075,10646.2025,67
2004-02-09,73.86,0.6962,0.37208,0.89274,73.492,0.54714,0.92166,808.278,5.76598,2.64658,5.40932,5855.232,27.1039,1.1667,23.06024,31.4678,38.95752,10936.404,68.22
2004-02-16,74.382,0.70398,0.3719,0.8883,74.66799999999999,0.55186,0.92864,818.54,5.83038,2.6764200000000002,5.4710600000000005,5926.778,27.5052,1.18356,23.29208,31.85152,39.5368,11072.484,68.72
2004-02-23,73.478,0.68608,0.36678,0.88722,74.642,0.54712,0.91626,806.496,5.68196,2.60868,5.33836,5796.4839999999995,26.9317,1.1633,22.78992,31.02946,38.5929,10803.814,67.94
2004-03-01,73.34,0.67896,0.36786,0.89094,74.586,0.55144,0.90838,797.318,5.62266,2.5811,5.2882,5792.9259999999995,26.74392,1.16108,22.5986,30.7283,38.22786,10705.536,67.88
2004-03-08,72.414,0.66706,0.36478,0.8868400000000001,74.212,0.5405,0.88144,783.026,5.52446,2.53616,5.19822,5738.296,26.29214,1.1405800000000001,22.22916,30.15604,37.5359,10514.71,66.98
2004-03-15,70.686,0.6499,0.35844,0.87752,70.806,0.52964,0.86662,757.086,5.38152,2.47044,5.063,5579.286,25.63654,1.10342,21.57394,29.3767,36.59538,10230.412,65.36
2004-03-22,70.842,0.6552,0.35752,0.87596,69.83800000000001,0.53524,0.87414,758.582,5.4262,2.49038,5.10716,5629.4220000000005,25.88986,1.10712,21.7387,29.3171,36.95484,10316.008,65.46000000000001
2004-03-29,70.77799999999999,0.6583,0.35946,0.87112,69.088,0.5386,0.86268,755.356,5.4521,2.50406,5.1295,5652.524,25.90594,1.105,21.712600000000002,28.73622,37.03818,10356.638,65.52
2004-04-05,70.485,0.6554249999999999,0.357425,0.86365,68.8725,0.5415749999999999,0.86035,750.53,5.428025,2.49335,5.1080000000000005,5644.065,25.6425,1.100675,21.53615,28.558175,36.88675,10309.115,65.35
2004-04-12,70.2075,0.6471,0.35767499999999997,0.864125,69.4,0.540025,0.8672,746.52,5.359325,2.460275,5.045775,5572.3025,25.497475,1.0851250000000001,21.28335,28.358425,36.1139,10175.41,65.125
2004-04-19,69.17,0.63262,0.354,0.858,68.852,0.53076,0.85564,732.07,5.2392,2.40496,4.934,5459.942,25.00192,1.06878,20.83214,27.83224,35.26554,9942.816,64.14
2004-04-26,68.80799999999999,0.62598,0.35206,0.85958,68.52,0.5271399999999999,0.85276,726.984,5.18436,2.38034,4.88248,5425.384,24.93048,1.06364,20.69612,27.6936,34.93864,9839.4,63.76
2004-05-03,69.266,0.63048,0.3529,0.8687,69.18599999999999,0.5230400000000001,0.86554,738.2620000000001,5.22076,2.3957,4.91738,5492.684,25.16554,1.0683,20.90206,28.13686,35.08374,9913.512,64.06
2004-05-10,68.152,0.6085200000000001,0.34356,0.87322,68.94,0.51286,0.84516,721.6600000000001,5.03874,2.31236,4.74646,5467.316,24.7573,1.04878,20.38626,27.54364,34.0034,9576.521999999999,62.86
2004-05-17,67.56,0.60222,0.34018000000000004,0.87238,68.5,0.50346,0.83412,710.48,4.98714,2.28842,4.69358,5446.988,24.55908,1.0358,20.18452,27.27496,33.62746,9488.968,62.26
2004-05-24,68.622,0.61806,0.3417,0.8759399999999999,69.254,0.51112,0.84584,725.73,5.11816,2.34862,4.81726,5705.318,25.15618,1.0556400000000001,20.6361,28.01636,34.54444,9736.616,63.24
2004-05-31,69.362,0.6275200000000001,0.3416,0.89012,69.176,0.51316,0.8549599999999999,730.756,5.19662,2.38448,4.89194,5895.468,25.48322,1.07012,20.97264,28.41264,35.001,9877.43,63.8
2004-06-07,69.6575,0.62895,0.34225,0.90085,69.0275,0.51635,0.85145,729.6725,5.2086500000000004,2.390425,4.9039,5864.1175,25.55105,1.0773000000000001,20.99175,28.29855,35.06435,9894.18,64.05
2004-06-14,69.91,0.6270399999999999,0.34365999999999997,0.91124,69.028,0.52056,0.86056,725.976,5.1916400000000005,2.38264,4.88968,5889.73,25.67456,1.0765200000000001,21.04942,28.46776,35.2053,9855.372000000001,64.24
2004-06-21,69.912,0.6298,0.34474,0.9111,68.262,0.51936,0.85532,727.918,5.21438,2.39324,4.9116,5923.668000000001,25.7619,1.081,21.195520000000002,28.89204,35.34698,9908.022,64.16
2004-06-28,70.492,0.63732,0.35000000000000003,0.91216,68.968,0.52426,0.85496,735.272,5.27622,2.42168,4.97058,5948.862,26.02106,1.09252,21.407140000000002,29.240660000000002,35.75408,10024.648,64.8
2004-07-05,71.444,0.6519,0.35394,0.90888,70.956,0.52866,0.86236,751.726,5.39796,2.4772,5.08432,5871.072,26.58576,1.11446,21.89192,29.84946,36.4183,10254.234,65.76
2004-07-12,71.59,0.65574,0.35298,0.90468,71.252,0.52986,0.86554,757.876,5.42954,2.49166,5.1146,5847.42,26.72726,1.11558,22.10892,30.06476,36.65972,10311.222,65.92
2004-07-19,71.04599999999999,0.64976,0.3502,0.89642,70.874,0.52638,0.85366,755.2320000000001,5.37968,2.469,5.06806,5858.606,26.59252,1.11234,21.99214,29.98806,36.36664,10223.992,65.4
2004-07-26,70.158,0.63216,0.34603999999999996,0.89952,70.16,0.5235,0.83968,738.244,5.234,2.40214,4.9306600000000005,5771.928,26.11912,1.08984,21.522019999999998,29.26164,35.42918,9950.09,64.58
2004-08-02,71.206,0.64154,0.35174,0.91176,71.27,0.53252,0.8485,747.254,5.31186,2.4378,5.00334,5885.712,26.55244,1.10346,21.85524,29.71508,35.7813,10109.072,65.58
2004-08-09,72.122,0.65406,0.3569,0.9166,72.494,0.53406,0.8643000000000001,757.4440000000001,5.415039999999999,2.485,5.09994,6037.344,27.12746,1.12128,22.247980000000002,30.265880000000003,36.44616,10302.488,66.38
2004-08-16,73.134,0.66604,0.36328,0.92734,73.238,0.53904,0.86904,770.918,5.51462,2.5309,5.19492,6169.216,27.62886,1.13976,22.63402,30.82468,37.11792,10494.682,67.28
2004-08-23,72.488,0.6563,0.3642,0.92438,71.988,0.5404,0.8561,757.928,5.43342,2.4935,5.11854,6095.002,27.27126,1.12322,22.31518,30.3732,36.75076,10350.608,66.76
2004-08-30,72.268,0.65208,0.36344,0.93012,71.428,0.53814,0.85462,750.904,5.39862,2.47788,5.08592,6072.66,27.12094,1.1135599999999999,22.11004,30.1961,36.615159999999996,10280.99,66.52
2004-09-06,72.244,0.64996,0.3649,0.9382199999999999,71.338,0.53584,0.8405,747.028,5.38148,2.46984,5.06952,6032.68,27.04148,1.1046,22.00978,30.08012,36.46606,10246.538,66.46
2004-09-13,72.974,0.65916,0.36774,0.94422,72.328,0.53906,0.8531,755.64,5.4572400000000005,2.50446,5.1399799999999995,5997.402,27.23334,1.1149,22.30926,30.23854,37.02196,10380.922,67.16
2004-09-20,73.262,0.66298,0.36982,0.941,73.068,0.54164,0.85446,761.098,5.4891,2.5192200000000002,5.1705,6027.2,27.40088,1.12158,22.46032,30.38014,37.33942,10439.644,67.46000000000001
2004-09-27,73.716,0.67054,0.37074,0.93384,74.352,0.54364,0.85136,772.5,5.5518,2.54798,5.2281200000000005,6182.946,27.82612,1.13256,22.8249,30.80336,37.78162,10560.578,67.92
2004-10-04,73.9,0.67326,0.3772,0.93002,74.754,0.54684,0.85056,774.46,5.57398,2.55834,5.24796,6120.45,27.8624,1.13566,22.81742,30.84494,37.91542,10610.69,68.2
2004-10-11,74.25399999999999,0.67998,0.37898,0.93058,74.53999999999999,0.54990000000000006,0.85328,779.776,5.63,2.58374,5.29712,6192.494,28.13216,1.14404,23.04112,31.14602,38.3217,10715.652,68.52
2004-10-18,74.82,0.68786,0.38004,0.94164,74.68,0.54878,0.86124,785.766,5.6952,2.61388,5.35682,6248.742,28.4656,1.1506,23.2733,31.475679999999997,38.74496,10835.442,68.94
2004-10-25,74.345,0.691775,0.377325,0.927325,73.755,0.542475,0.84677500000000006,778.895,5.7277249999999995,2.62875,5.3825,6293.17,28.399024999999998,1.1508,23.234225,31.478375,38.995625,10898.0775,68.5
2004-11-01,73.60600000000001,0.68764,0.3734,0.91514,72.976,0.53728,0.8363,766.452,5.69296,2.61298,5.34846,6247.77,28.20634,1.14246,22.93174,31.118199999999998,38.73842,10830.039999999999,67.88
2004-11-08,73.404,0.68986,0.37252,0.90644,73.158,0.53404,0.82486,764.628,5.71288,2.62144,5.36394,6210.486,28.01878,1.14092,22.79528,31.11818,38.83554,10864.594,67.76
2004-11-15,74.04,0.7014,0.37864000000000003,0.90554,73.58,0.54064,0.8403200000000001,758.1320000000001,5.8077,2.6653000000000002,5.4527399999999995,6309.844,28.1936,1.15732,22.89304,31.57912,39.50148,11054.08,68.48
2004-11-22,74.414,0.7118800000000001,0.3803,0.90538,73.336,0.54244,0.8431000000000001,755.094,5.89422,2.70502,5.53374,6390.04,28.24314,1.16858,23.01724,32.0197,40.04578,11230.222,68.86
2004-11-29,74.74,0.71594,0.37476,0.91914,73.68599999999999,0.5388999999999999,0.84906,749.486,5.92772,2.7206,5.5651,6452.262000000001,28.14714,1.17112,23.02772,31.72252,40.17426,11296.964,69.03999999999999
2004-12-06,75.108,0.71694,0.37008,0.9336,74.128,0.53568,0.86576,756.7959999999999,5.93658,2.7243,5.5718,6558.082,28.26804,1.17862,23.15996,31.497,40.21096,11310.132,69.18
2004-12-13,74.946,0.7099,0.36838,0.93788,74.504,0.53428,0.8728,752.838,5.87782,2.69746,5.5203,6588.764,27.9068,1.16836,23.01398,31.16978,39.959360000000004,11196.506,69.02
2004-12-20,74.842,0.7125,0.36902,0.93276,74.17999999999999,0.53218,0.87804,750.786,5.89898,2.7074,5.54352,6623.952,27.82414,1.16842,22.98576,31.17134,39.995979999999996,11240.210000000001,68.9
2004-12-27,74.73666666666666,0.7176666666666667,0.37306666666666666,0.9231666666666667,74.16,0.5270333333333334,0.8690333333333333,747.7333333333333,5.942733333333333,2.727066666666667,5.5801,6675.846666666666,27.989566666666665,1.1745,22.934266666666666,31.251166666666666,40.32966666666667,11324.513333333332,68.83333333333333
2005-01-03,73.80333333333334,0.7003,0.3723666666666667,0.9169333333333333,73.21333333333332,0.5288,0.8602,737.23,5.7984333333333336,2.661166666666667,5.456333333333333,6520.486666666667,27.424833333333332,1.1539333333333333,22.4429,30.6157,39.34166666666667,11056.57,68.1
2005-01-10,73.63,0.69914,0.3719,0.91774,72.316,0.53174,0.84994,731.25,5.78954,2.6567,5.44898,6439.928,27.2123,1.14416,22.33942,30.52096,39.10158,11028.202,68.04
2005-01-17,73.75,0.6998,0.37464000000000003,0.92254,71.706,0.53694,0.85654,724.838,5.79462,2.6592000000000002,5.45688,6403.55,26.94096,1.14404,22.2774,30.55732,38.85296,11047.29,68.2
2005-01-24,74.944,0.71412,0.38002,0.92566,73.60199999999999,0.54772,0.8788,734.87,5.90472,2.71022,5.56222,6524.018,27.459,1.1658,22.71694,31.206599999999998,39.4659,11275.518,69.42
2005-01-31,74.666,0.71134,0.3775,0.9185,73.84,0.54618,0.88144,730.51,5.89,2.70312,5.54784,6540.494,27.38018,1.1637,22.561519999999998,30.91826,39.05112,11237.32,69.2
2005-02-07,74.444,0.70462,0.37826,0.91342,74.192,0.54994,0.87966,730.086,5.83364,2.6775599999999997,5.49558,6531.506,27.12198,1.1610200000000002,22.36902,30.7602,38.60078,11131.872000000001,69.1
2005-02-14,74.90599999999999,0.7152,0.37895999999999996,0.9087,75.204,0.55018,0.8814,734.504,5.92198,2.71778,5.5778,6630.838,27.51024,1.17262,22.57954,31.27288,39.1501,11296.442,69.56
2005-02-21,75.514,0.7237,0.38028,0.9173,76.086,0.55022,0.89402,730.662,5.99226,2.75004,5.64436,6690.932,27.80344,1.18004,22.597,31.60644,39.59948,11432.276,70.06
2005-02-28,75.696,0.72572,0.3788,0.92286,76.092,0.55058,0.89942,731.624,6.00944,2.75774,5.65986,6743.446,27.81764,1.17936,22.43602,31.68204,39.75654,11470.878,70.2
2005-03-07,76.502,0.73706,0.38326,0.92956,77.056,0.5533399999999999,0.89686,739.35,6.10296,2.8008,5.74854,6894.892,28.22568,1.19462,22.69422,32.10468,40.0743,11649.307999999999,70.96
2005-03-14,76.88799999999999,0.741,0.38573999999999997,0.93636,77.36200000000001,0.55352,0.893,744.292,6.136,2.81578,5.77918,6933.034,28.471600000000002,1.2031,22.97624,32.26472,40.06598,11711.07,71.24000000000001
2005-03-21,76.42,0.7302,0.385825,0.93335,76.97,0.5559499999999999,0.883375,738.6175000000001,6.04625,2.774725,5.695125,6869.08,28.257125000000002,1.197,22.91035,31.913675,39.58385,11552.445,70.875
2005-03-28,74.97,0.709175,0.3779,0.920075,76.1375,0.54875,0.86105,722.9925,5.872275,2.6949,5.53085,6733.21,27.82095,1.17245,22.42885,30.992675,38.80265,11219.6775,69.6
2005-04-04,75.22,0.7092,0.3779,0.92502,76.81,0.5514,0.86582,720.064,5.87184,2.69492,5.53086,6727.304,28.0613,1.17704,22.40444,31.00646,38.77628,11224.78,69.86
2005-04-11,76.114,0.7198,0.38144,0.93082,77.676,0.55804,0.88998,731.66,5.96006,2.73526,5.61348,6840.926,28.52056,1.1881,22.76236,31.46678,39.091319999999996,11387.746,70.67999999999999
2005-04-18,76.194,0.72232,0.37854,0.9364,77.382,0.55468,0.89712,729.1039999999999,5.9797199999999995,2.74464,5.63244,6943.968,28.53592,1.1906400000000001,22.75298,31.57472,39.29966,11433.754,70.62
2005-04-25,76.315,0.72565,0.3805,0.933225,76.925,0.56045,0.90465,726.05,6.008699999999999,2.757475,5.6582,6964.31,28.66305,1.1931,22.712699999999998,31.649975,39.396275,11489.9275,70.825
2005-05-02,76.766,0.73084,0.38478,0.93868,76.636,0.5666,0.9152,732.03,6.0507,2.7772,5.6943,6953.75,28.8557,1.19664,22.80554,31.79654,39.53542,11573.888,71.3
2005-05-09,76.774,0.72762,0.38724,0.94156,76.982,0.56812,0.90504,728.124,6.02404,2.76498,5.67354,6887.728,28.74208,1.2,22.74464,31.5728,39.43984,11523.774000000001,71.38
2005-05-16,75.706,0.70988,0.38608,0.9367599999999999,76.144,0.56226,0.8971,714.152,5.87754,2.69756,5.53082,6705.874,28.31928,1.17606,22.28912,30.85988,38.66514,11244.926,70.4
2005-05-23,75.916,0.71086,0.3892,0.93664,76.676,0.56602,0.89804,711.73,5.88528,2.70132,5.5313,6738.022,28.56038,1.1788,22.28652,30.92172,38.72406,11262.869999999999,70.66
2005-05-30,75.664,0.7054,0.38798,0.9325,76.374,0.5708599999999999,0.88366,712.11,5.84076,2.68048,5.48928,6733.292,28.64808,1.17766,22.09936,30.79168,38.42858,11184.934,70.52
2005-06-06,76.1075,0.712275,0.3903,0.929175,76.2775,0.581525,0.88995,716.3625,5.897,2.706625,5.541425,6834.1575,28.9238,1.185825,22.284525000000002,30.9928,38.989275,11293.8375,71.025
2005-06-13,76.214,0.70934,0.39096000000000003,0.9264,77.412,0.58648,0.88412,719.004,5.8727,2.69556,5.51488,6814.042,29.04834,1.1879,22.27356,30.92076,39.2168,11257.392,71.28
2005-06-20,76.306,0.71338,0.39154,0.91932,77.68,0.5879800000000001,0.88004,721.66,5.90628,2.7108,5.54398,6884.29,29.33804,1.19306,22.35778,31.03658,39.67484,11317.768,71.4
2005-06-27,75.554,0.70184,0.38716,0.91728,77.16199999999999,0.58004,0.86336,721.028,5.81052,2.66696,5.45416,6823.138,28.96488,1.1822,22.1388,30.53514,39.2009,11129.204,70.64
2005-07-04,73.958,0.67696,0.3858,0.90964,75.726,0.56766,0.83834,711.918,5.60646,2.57314,5.26328,6653.14,28.21544,1.1492,21.65656,29.49194,38.02368,10735.056,69.08
2005-07-11,73.596,0.67694,0.38496,0.90354,75.71,0.56004,0.82036,702.9780000000001,5.60446,2.57242,5.26478,6618.524,28.32114,1.14392,21.60344,29.47068,37.9354,10742.824,68.72
2005-07-18,73.526,0.67782,0.38826,0.8981,75.94,0.5608,0.82656,702.404,5.56742,2.57574,5.26922,6643.964,28.25544,1.13474,21.58976,29.45258,37.78872,10761.738,68.78
2005-07-25,73.84,0.68254,0.39144,0.89856,76.492,0.56574,0.83758,701.302,5.53766,2.58018,5.30604,6701.88,28.40968,1.1354,21.75508,29.640520000000002,38.258539999999996,10832.074,69.22
2005-08-01,73.816,0.68626,0.38768,0.8973,76.688,0.5605600000000001,0.83494,698.648,5.56344,2.5952,5.33408,6692.554,28.31516,1.13554,21.86042,29.81668,38.48272,10898.096,69.14
2005-08-08,74.524,0.69558,0.38834,0.90704,77.41799999999999,0.56172,0.8427,705.716,5.6395,2.60772,5.40492,6806.05,28.49352,1.14828,22.19874,30.2622,38.83594,11039.17,69.74
2005-08-15,75.312,0.7032200000000001,0.38914,0.91898,77.172,0.5704400000000001,0.84728,716.716,5.69866,2.64738,5.4644,6981.862,28.97434,1.16938,22.53892,30.595579999999998,39.293459999999996,11155.69,70.4
2005-08-22,74.986,0.69642,0.38694,0.92178,76.688,0.56906,0.83484,715.39,5.64318,2.62322,5.411919999999999,6995.284,28.57582,1.16282,22.43608,30.39554,38.97806,11054.196,70.06
2005-08-29,74.95,0.69564,0.3855,0.9221600000000001,76.858,0.56458,0.82846,718.588,5.63546,2.62048,5.4045000000000005,7123.422,28.63792,1.168,22.70774,30.56428,39.06484,11046.27,69.92
2005-09-05,75.518,0.7067,0.38436000000000003,0.9205,77.654,0.56696,0.83934,724.76,5.7137,2.66224,5.48844,7247.912,28.97708,1.18374,23.06632,30.96366,39.67784,11221.807999999999,70.44
2005-09-12,75.61,0.70614,0.38746,0.91706,77.88199999999999,0.5744,0.83514,725.4979999999999,5.71014,2.66154,5.47964,7119.95,28.90798,1.18594,23.17724,30.95502,39.55732,11217.322,70.7
2005-09-19,75.132,0.69816,0.3877,0.9105,77.892,0.57428,0.8176,718.716,5.6425,2.63132,5.4179,7119.724,28.67068,1.17464,23.12332,30.628239999999998,39.28758,11082.794,70.32
2005-09-26,74.432,0.68654,0.38816,0.90594,77.468,0.57028,0.80566,713.342,5.5495399999999995,2.5824,5.3342600000000004,7070.144,28.24102,1.16084,22.83354,30.18712,38.545,10910.506,69.7
2005-10-03,75.362,0.69478,0.3939,0.91352,79.10000000000001,0.57868,0.81484,723.762,5.6187,2.61204,5.38882,7032.78,28.50178,1.1735,23.10056,30.70318,38.82902,11044.22,70.64
2005-10-10,75.57,0.69502,0.39627999999999997,0.9208999999999999,79.406,0.5771,0.81752,725.628,5.6166,2.6147,5.39244,7018.554,28.424,1.17394,23.19734,31.14046,38.78764,11049.64,70.82
2005-10-17,76.088,0.6975,0.39598,0.9293399999999999,80.302,0.58072,0.82272,735.548,5.63838,2.62222,5.4105,7039.668,28.53226,1.18154,23.4416,31.424,38.83884,11097.686,71.24
2005-10-24,76.605,0.704325,0.396125,0.9333,81.3075,0.5835,0.8281000000000001,735.55,5.691575,2.647875,5.4613,7046.58,28.7284,1.19065,23.705424999999998,31.705875,38.78655,11205.675,71.75
2005-10-31,76.184,0.69654,0.39322,0.9352400000000001,81.214,0.57948,0.82118,727.286,5.62854,2.61862,5.3999,7008.874,28.46058,1.1819199999999999,23.423,31.49288,38.1641,11072.47,71.38
2005-11-07,75.508,0.68392,0.39208,0.93238,80.556,0.58114,0.81172,715.552,5.5304,2.5834,5.30352,6849.944,28.11366,1.16372,22.9967,31.25526,37.3356,10870.14,70.84
2005-11-14,75.752,0.6844,0.39556,0.9355,81.27,0.58444,0.81522,709.602,5.53204,2.58594,5.3074,6853.622,28.17498,1.16488,22.97568,31.27256,37.30614,10887.206,71.16
2005-11-21,76.35,0.69148,0.40196,0.93862,82.224,0.5867,0.81438,719.232,5.58948,2.6131200000000003,5.36132,6946.79,28.48138,1.1719,23.20146,31.62072,37.60826,10998.208,71.74
2005-11-28,77.45,0.70156,0.40692,0.9496,83.988,0.59588,0.8191,727.864,5.66964,2.6512,5.4401399999999995,7031.064,28.93872,1.1865,23.54146,32.22768,37.92622,11157.398,72.86
2005-12-05,78.146,0.71024,0.40818,0.94748,85.848,0.6039,0.8234,735.714,5.73832,2.68416,5.50738,6991.984,29.32678,1.19654,23.78296,32.79892,38.13758,11295.81,73.64
2005-12-12,76.892,0.70386,0.39833999999999997,0.93552,83.628,0.5899,0.8121,718.642,5.6846,2.66,5.45674,6905.666,28.88334,1.17632,23.47018,32.13442,37.61,11196.092,72.36
2005-12-19,74.754,0.68214,0.38896000000000003,0.9256800000000001,79.532,0.5724,0.79588,693.43,5.50964,2.57796,5.28828,6727.192,27.915779999999998,1.13674,22.67058,30.77156,36.4003,10851.136,70.24
2005-12-26,74.71,0.6780333333333333,0.3936,0.9308666666666666,79.82333333333334,0.5729,0.7921,685.36,5.474433333333334,2.5623666666666667,5.2571666666666665,6662.61,27.7905,1.1288,22.344633333333334,30.558866666666667,35.983133333333335,10782.91,70.3
2006-01-02,74.52,0.6858666666666666,0.39126666666666665,0.9208333333333333,79.63666666666667,0.5678,0.7924666666666667,679.3733333333333,5.533533333333334,2.5913333333333335,5.3177,6579.676666666666,27.524966666666668,1.1269,22.048266666666667,30.547233333333335,35.92993333333333,10913.853333333333,70.16666666666667
2006-01-09,74.928,0.69382,0.39324,0.92216,79.366,0.5738,0.80758,681.318,5.59826,2.62156,5.3782,6532.027999999999,27.5271,1.1311200000000001,22.184919999999998,30.59318,36.34014,11039.784,70.66
2006-01-16,74.572,0.6898,0.39038,0.91858,79.372,0.56924,0.80232,681.356,5.56646,2.59002,5.34876,6506.462,27.20856,1.12528,22.11486,30.49756,36.30018,10972,70.28
2006-01-23,73.718,0.68356,0.38394,0.90968,78.878,0.55898,0.7870199999999999,667.4,5.515,2.56298,5.30436,6433.94,26.7546,1.11164,21.87886,30.13794,35.92178,10882.092,69.48
2006-01-30,74.112,0.68496,0.386,0.9102,80.636,0.56592,0.78334,665.05,5.52522,2.56782,5.3132399999999995,6397.772,26.8485,1.1164800000000001,21.93018,30.19212,35.64778,10904.832,70.02
2006-02-06,73.9275,0.678225,0.38892499999999997,0.9162250000000001,80.4075,0.56645,0.779275,657.8575,5.46355,2.53865,5.26325,6259.375,26.802425,1.1051,21.918300000000002,29.9324,34.9639,10801.1825,69.925
2006-02-13,73.614,0.6749999999999999,0.38782,0.91334,79.426,0.5670999999999999,0.77954,658.04,5.43348,2.5245,5.23854,6225.804,26.52888,1.10066,21.86532,29.84364,34.81422,10752.882,69.64
2006-02-20,72.428,0.66396,0.3805,0.89882,78.43599999999999,0.5568799999999999,0.7631,643.954,5.3485,2.46878,5.15228,6162.568,26.17224,1.08092,21.59608,29.47674,34.44854,10568.436,68.5
2006-02-27,71.966,0.66266,0.3791,0.8931,76.966,0.55594,0.75448,643.426,5.32794,2.45854,5.14088,6091.756,25.810760000000002,1.07298,21.46912,29.34234,34.08972,10542.978000000001,68.12
2006-03-06,71.282,0.65384,0.3751,0.88688,76.858,0.54682,0.75058,640.97,5.26224,2.428,5.074520000000001,6051.762,25.55442,1.06552,21.267,28.98256,33.467040000000004,10401.098,67.42
2006-03-13,69.976,0.64228,0.36869999999999997,0.8724,75.706,0.534,0.74268,626.614,5.16592,2.38206,4.98316,5881.752,25.09286,1.04048,20.837880000000002,28.44936,32.827799999999996,10215.698,66.16
2006-03-20,68.29599999999999,0.6248,0.35736,0.86816,73.012,0.5162800000000001,0.72648,608.146,5.01712,2.30852,4.84792,5691.378,24.3295,1.01092,20.33454,27.73346,31.90878,9944.884,64.4
2006-03-27,66.784,0.6077,0.34876,0.85776,71.378,0.5044,0.70924,593.168,4.87622,2.22738,4.71552,5519.466,23.62142,0.984,19.79882,27.06712,31.1014,9679.406,62.98
2006-04-03,66.664,0.6111800000000001,0.3498,0.84786,71.906,0.50086,0.71126,586.898,4.89876,2.2452199999999998,4.74186,5500.238,23.49188,0.98354,19.8293,27.20598,31.20938,9734.2,62.94
2006-04-10,66.7525,0.613225,0.3512,0.839425,72.55250000000001,0.50615,0.70365,587.6,4.9136500000000005,2.250775,4.7573,5502.28,23.34875,0.9878,19.927799999999998,27.524025,31.4065,9767.6875,63.175
2006-04-17,67.8075,0.628325,0.352925,0.84835,73.77,0.5098750000000001,0.7167749999999999,596.67,5.0379,2.30305,4.8725249999999996,5597.5725,23.75695,1.003925,20.3419,28.29655,32.335125000000005,10010.555,64.075
2006-04-24,67.52,0.63115,0.35257499999999997,0.841925,72.55,0.50725,0.712975,595.4075,5.061525,2.294975,4.89405,5554.7025,23.73435,1.0005000000000002,20.190325,28.3463,32.656225,10060.285,63.825
2006-05-01,67.596,0.63842,0.34775999999999996,0.83638,72.53,0.50556,0.70974,599.774,5.11706,2.31588,4.94958,5603.056,24.021639999999998,1.00616,20.24224,28.61484,32.88868,10183.932,63.839999999999996
2006-05-08,66.342,0.6323,0.33894,0.81828,70.35600000000001,0.49562,0.6984,589.96,5.06368,2.26662,4.90168,5523.264,23.82398,0.9900800000000001,19.88294,28.36806,32.5456,10106.822,62.64
2006-05-15,65.602,0.62346,0.33038,0.81544,68.792,0.48568,0.69384,588.728,5.00122,2.24598,4.8342,5702.112,23.75338,0.98508,19.81668,28.15286,32.65336,9956.596,61.62
2006-05-22,66.624,0.62856,0.33496,0.83292,70.416,0.49136,0.7026,596.152,5.0443999999999996,2.28548,4.87474,5835.496,24.11148,0.99554,20.15138,28.6682,33.17024,10037.632,62.54
2006-05-29,67.276,0.63474,0.34002,0.83998,71.392,0.4962,0.69994,601.48,5.0937,2.30504,4.92422,5870.892,24.22362,1.0018,20.33728,29.25266,33.48318,10133.106,63.199999999999996
2006-06-05,67.085,0.6289750000000001,0.33855,0.846,71.21000000000001,0.491675,0.700225,597.405,5.043175,2.29945,4.881475,5897.5825,24.124275,0.999625,20.3432,28.8456,33.2997,10046.935,62.925
2006-06-12,67.052,0.62518,0.33946,0.84292,71.728,0.49634,0.69322,600.418,5.0067,2.2901000000000002,4.85288,5880.5599999999995,24.02514,0.9968199999999999,20.365,28.62808,33.25654,9991.75,62.98
2006-06-19,66.18,0.61564,0.33426,0.83572,70.994,0.48822,0.6879,589.548,4.92682,2.25808,4.78168,5771.954,23.64978,0.98234,20.09944,28.22922,32.78032,9844.504,62.14
2006-06-26,65.044,0.60302,0.33102,0.8235,70.028,0.4796,0.6755,577.77,4.82384,2.22132,4.68358,5664.79,23.14164,0.9607,19.68418,27.83622,32.18594,9645.862000000001,61.12
2006-07-03,64.806,0.6067,0.32944,0.8162200000000001,69.76,0.47486,0.67508,574.268,4.85198,2.21676,4.7136,5545.64,23.073059999999998,0.95968,19.63596,27.87012,31.9768,9704.192000000001,60.9
2006-07-10,65.542,0.61516,0.33377999999999997,0.8189,70.538,0.48272,0.69332,583.182,4.91782,2.2494,4.78252,5596.626,23.31384,0.97334,19.99996,28.35748,32.14184,9836.436,61.64
2006-07-17,66.806,0.6229,0.33952,0.83088,72.822,0.49534,0.7061000000000001,595.944,4.98198,2.29432,4.84346,5743.32,23.73058,0.98978,20.45726,29.10822,32.699,9966.708,62.9
2006-07-24,66.41799999999999,0.6223,0.33598,0.8228,72.49,0.49154000000000003,0.7088,593.448,4.96736,2.29036,4.83808,5687.378,23.5989,0.98474,20.43204,29.04668,32.205,9958.286,62.54
2006-07-31,65.69200000000001,0.61976,0.33066,0.81076,71.078,0.4846,0.69948,595.55,4.9432,2.27598,4.81726,5634.098,23.4582,0.97788,20.36468,28.83142,31.94202,9920.588,61.78
2006-08-07,66.504,0.628,0.33024,0.822,72.306,0.4896,0.70552,604.448,5.00842,2.30228,4.8836200000000005,5701.7699999999995,23.57696,0.98846,20.544520000000002,29.16754,32.21824,10055.988,62.54
2006-08-14,67.488,0.63606,0.3363,0.8323200000000001,73.852,0.49758,0.71448,613.362,5.08092,2.33682,4.94642,5779.11,23.822219999999998,1.0028,20.765439999999998,29.5456,32.59458,10180.352,63.5
2006-08-21,67.678,0.6375,0.3376,0.83736,74.07799999999999,0.4976,0.71166,610.938,5.08224,2.3431,4.95774,5802.76,23.96824,1.0044,20.89784,29.60378,32.70438,10207.807999999999,63.66
2006-08-28,68.524,0.64502,0.3399,0.8470599999999999,75.55,0.50378,0.71492,620.604,5.1356399999999995,2.37188,5.01692,5867.068,24.2377,1.0153999999999999,21.21324,29.95582,32.85162,10328.692000000001,64.52
2006-09-04,68.802,0.6499,0.34322,0.84736,75.688,0.5071,0.71994,622.212,5.16428,2.37312,5.05452,5916.758,24.2875,1.0201,21.32774,29.99594,32.7395,10410.922,64.82
2006-09-11,69.076,0.64712,0.3453,0.85962,76.018,0.50966,0.72462,620.218,5.14524,2.37686,5.03524,5911.860000000001,24.18522,1.02142,21.29876,29.81976,32.6105,10374.09,65.08
2006-09-18,70.52,0.6614,0.35064,0.87714,77.652,0.52084,0.74248,628.466,5.24682,2.42708,5.14886,6052.388,24.80708,1.04918,21.7726,30.36186,33.16866,10609.584,66.46
2006-09-25,70.39,0.6602399999999999,0.34888,0.8792,77.304,0.5188,0.73568,623.9739999999999,5.2216,2.43166,5.14168,6082.878,24.77434,1.0482,21.77936,30.25026,33.15978,10592.984,66.3
2006-10-02,70.514,0.65916,0.35012,0.8841,77.696,0.51858,0.73948,625.9019999999999,5.21346,2.43104,5.13426,6062.96,24.75798,1.04468,21.84346,30.07834,32.93294,10579.788,66.42
2006-10-09,70.83,0.65902,0.35416,0.8846,78.656,0.52466,0.7453,632.462,5.21294,2.43308,5.1337399999999995,6068.33,24.70464,1.0466199999999999,21.87904,30.01972,32.978,10578.59,66.82000000000001
2006-10-16,70.878,0.6623,0.35476,0.87798,78.724,0.52774,0.7522,633.718,5.23888,2.43468,5.15504,6060.264,24.74288,1.04422,21.99476,29.972179999999998,33.1116,10638.452,66.92
2006-10-23,70.345,0.6596,0.351125,0.86755,78.5025,0.52345,0.742275,628.7725,5.21065,2.4193,5.1317,6027.7925,24.429775,1.034275,21.96735,29.797775,32.926,10601.22,66.475
2006-10-30,70.678,0.66914,0.35138,0.8665,78.432,0.52478,0.7537,629.572,5.27048,2.43988,5.2038,6089.768,24.56202,1.0444200000000001,22.16392,30.008680000000002,33.3083,10757.38,66.78
2006-11-06,70.634,0.6680200000000001,0.35104,0.86704,78.816,0.5236,0.75454,626.762,5.258859999999999,2.43528,5.19948,6091.738,24.49302,1.04232,21.9553,29.80856,33.32146,10745.496,66.78
2006-11-13,70.126,0.6624,0.3492,0.86556,78.096,0.51682,0.75356,621.66,5.21286,2.41492,5.15744,6062.656,24.18236,1.0321,21.76294,29.77138,33.09266,10660.27,66.22
2006-11-20,70.554,0.669,0.35132,0.86648,78.526,0.51964,0.7657,624.922,5.26312,2.43812,5.20744,6117.4,24.46996,1.03932,21.9823,29.9182,33.28666,10762.732,66.64
2006-11-27,70.626,0.67706,0.34736,0.8642,78.524,0.5138199999999999,0.76852,630.288,5.308479999999999,2.45424,5.26496,6201.342,24.4306,1.04624,22.03342,30.1669,33.63804,10885.888,66.58
2006-12-04,71.322,0.68754,0.34872,0.87282,79.222,0.51652,0.78742,633.382,5.38128,2.44588,5.34278,6268.616,24.49224,1.05962,22.22582,30.606460000000002,34.08346,11051.652,67.24
2006-12-11,71.822,0.68944,0.35144000000000003,0.87822,80.734,0.52178,0.79464,636.802,5.39754,2.44626,5.35838,6255.028,24.33046,1.06254,22.42196,30.76926,34.08078,11082.596,67.84
2006-12-18,72.462,0.69332,0.35388,0.88506,81.92999999999999,0.52742,0.80028,643.716,5.4216,2.46136,5.3906600000000005,6306.388,25.098020000000002,1.06914,22.63716,30.87746,34.25338,11136.102,68.44
2006-12-25,73.41333333333333,0.7026333333333333,0.35886666666666667,0.8944666666666666,83.54666666666667,0.5353666666666667,0.8161,653.7933333333333,5.490866666666666,2.483,5.463633333333333,6347.183333333333,25.0566,1.0789333333333333,22.948833333333333,30.997833333333332,34.51793333333333,11279.253333333334,69.43333333333334
2007-01-01,73.41333333333333,0.7041666666666667,0.35996666666666666,0.8908666666666667,83.85,0.5345666666666666,0.8251999999999999,655.6866666666666,5.5,2.4767,5.484666666666667,6332.406666666667,25.1492,1.0816333333333334,22.914166666666667,31.1254,34.397333333333336,11303.763333333332,69.43333333333334
2007-01-08,72.364,0.68938,0.35588000000000003,0.88424,82.296,0.5313599999999999,0.81028,647.29,5.38112,2.4228199999999998,5.37536,6258.96,24.73746,1.06164,22.56352,30.5899,33.69128,11068.896,68.5
2007-01-15,72.714,0.69362,0.35288,0.88332,83.706,0.53626,0.81314,650.37,5.3988,2.43002,5.41332,6307.9220000000005,24.6423,1.0673,22.74694,30.62334,33.83196,11136.006,68.96
2007-01-22,73.246,0.6988,0.35422,0.89036,84.828,0.5389,0.82416,656.3,5.43402,2.4475000000000002,5.45416,6343.398,24.17514,1.0744,23.0247,30.86,34.21186,11225.794,69.48
2007-01-29,72.648,0.6906599999999999,0.35186,0.89292,83.798,0.53218,0.81492,649.334,5.37092,2.41824,5.39212,6279.832,23.88108,1.06112,22.75526,30.428819999999998,33.73952,11084.934,68.86
2007-02-05,71.7425,0.6842,0.34795,0.8794,82.59,0.526375,0.809725,639.575,5.3119499999999995,2.391725,5.3453,6193.2775,23.420775,1.048825,22.543775,30.09535,33.13755,10943.8725,68.025
2007-02-12,72.134,0.68846,0.35284,0.88384,83.30799999999999,0.52746,0.80474,645.118,5.34456,2.4074,5.3781,6233.68,23.05376,1.0586,22.6985,30.2626,33.17156,11002.874,68.46
2007-02-19,73.29,0.7028,0.35952,0.89164,84.53399999999999,0.53474,0.8181,659.052,5.44656,2.45526,5.49064,6371.738,23.64698,1.07738,23.1947,30.9598,33.72818,11231.874,69.5
2007-02-26,73.108,0.70238,0.3579,0.89012,83.69200000000001,0.53206,0.81874,660.116,5.4385200000000005,2.45694,5.48682,6393.802,23.8064,1.07376,23.15026,30.96106,33.92442,11234.021999999999,69.24
2007-03-05,71.162,0.68182,0.35302,0.87848,79.394,0.51862,0.80324,646.17,5.2791999999999994,2.39392,5.3288,6275.326,22.5783,1.04182,22.45786,30.17552,33.13272,10912.184,67.32000000000001
2007-03-12,72.15,0.69288,0.3585,0.8831,81.324,0.52532,0.81386,654.7719999999999,5.36576,2.43014,5.41356,6374.83,22.86196,1.06012,22.86734,30.5517,33.57958,11097.242,68.3
2007-03-19,72.79599999999999,0.70514,0.36054,0.87834,82.732,0.52884,0.82168,663.642,5.45302,2.46044,5.50804,6465.57,22.92594,1.0742,23.33346,30.72258,34.02536,11291.964,68.94
2007-03-26,73.528,0.71352,0.36325999999999997,0.88406,84.036,0.53562,0.82722,670.41,5.51628,2.46536,5.57438,6509.618,23.05416,1.0824799999999999,23.60312,30.75076,34.31604,11430.028,69.74
2007-04-02,74.0325,0.71995,0.364825,0.884125,85.1425,0.539025,0.83285,675.1475,5.567,2.4897,5.6251750000000005,6565.9125,23.366975,1.092675,23.8394,30.87105,34.632975,11536.567500000001,70.225
2007-04-09,74.6025,0.72795,0.36915,0.8827,86.7825,0.54225,0.8326,678.8475000000001,5.6264,2.509775,5.6882,6623.782499999999,23.668875,1.10395,24.09435,31.026675,34.835375,11674.79,70.85
2007-04-16,75.742,0.74364,0.37198,0.88988,88.506,0.54752,0.84126,691.106,5.74392,2.55416,5.80924,6762.8240000000005,24.21878,1.12554,24.64028,31.062,35.40152,11926.95,71.86
2007-04-23,75.805,0.7443,0.37229999999999996,0.894025,88.5025,0.5472250000000001,0.8341,690.28,5.746675,2.54635,5.8188,6763.325,24.185175,1.1262,24.69675,30.466725,35.334900000000005,11942.282500000001,71.975
2007-04-30,75.452,0.7386,0.37034,0.89382,88.516,0.5428999999999999,0.8204,686.572,5.69314,2.527,5.77648,6698.602,24.23288,1.1236599999999999,24.60296,30.22292,35.09296,11854.206,71.62
2007-05-07,74.932,0.73358,0.36866,0.889,88.04,0.5415,0.8117,678.062,5.64732,2.50118,5.73692,6496.958,23.96392,1.11282,24.41194,29.9042,34.59854,11771.774,71.26
2007-05-14,75.044,0.73496,0.37128,0.88596,88.618,0.543,0.8114,680.1800000000001,5.64344,2.50104,5.74492,6478.858,24.42962,1.11618,24.49382,29.78784,34.42278,11792.106,71.38
2007-05-21,74.59,0.72824,0.36814,0.8868,88.438,0.54088,0.79092,678.332,5.57706,2.4699999999999998,5.69642,6365.35,23.87576,1.1134,24.30364,29.3725,33.551179999999995,11698.286,71.08
2007-05-28,74.732,0.7295,0.36838,0.88828,88.79599999999999,0.5426,0.78466,677.456,5.57928,2.47626,5.701160000000001,6415.592,24.19432,1.11504,24.1323,29.44856,33.68358,11731.612000000001,71.24
2007-06-04,76.42,0.750675,0.377525,0.8950750000000001,91,0.5567,0.796325,695.9925000000001,5.737725,2.56095,5.8629,6634.4825,24.64955,1.150325,24.793375,30.414775,34.611125,12082.557499999999,72.9
2007-06-11,76.83200000000001,0.75212,0.3817,0.89492,91.85,0.56434,0.8007,700.134,5.74932,2.60504,5.87826,6815.952,24.435,1.15936,24.83966,30.52502,34.8932,12119.624,73.36
2007-06-18,77.25,0.75752,0.38136000000000003,0.89712,93.602,0.56526,0.80952,702.838,5.77358,2.60614,5.92118,6791.638,24.50826,1.1648399999999999,25.06798,30.76334,34.78516,12210.684,73.82000000000001
2007-06-25,77.998,0.76584,0.38304,0.90608,94.44800000000001,0.56918,0.81754,709.994,5.83472,2.65664,5.98456,6944.032,24.53278,1.17718,25.11194,31.20474,35.48588,12349.556,74.48
2007-07-02,78.914,0.78018,0.38748,0.9115599999999999,95.746,0.57386,0.82602,718.596,5.9302,2.688,6.0972,7034.964,24.630580000000002,1.18916,25.57548,31.49338,35.8752,12583.6,75.4
2007-07-09,78.726,0.78126,0.38623999999999997,0.9072399999999999,95.78,0.56996,0.82106,718.402,5.92372,2.69238,6.10654,7056.134,24.34336,1.18578,25.60402,31.46596,35.87724,12601.252,75.2
2007-07-16,79.232,0.7916,0.38732,0.9054,96.582,0.5741,0.82696,725.95,5.98894,2.7263,6.19052,7172.92,23.86818,1.19996,25.98366,31.867,35.57572,12768.434,75.78
2007-07-23,79.554,0.7981,0.38822,0.9064,96.054,0.57888,0.8344400000000001,730.454,6.03616,2.72654,6.24252,7248.554,23.87798,1.20486,26.1867,32.10048,36.0171,12877.8,76.1
2007-07-30,76.97200000000001,0.76566,0.37714000000000003,0.89536,90.956,0.55968,0.81264,706.298,5.79462,2.6519,5.99208,7080.308,22.88182,1.16066,25.15438,30.79698,34.86918,12364.778,73.44
2007-08-06,76.452,0.76122,0.37484,0.8891,90.312,0.55286,0.80254,702.8000000000001,5.7607,2.63706,5.9584399999999995,7083.748,23.0678,1.15326,25.03746,30.6854,34.51288,12310.592,72.86
2007-08-13,73.3,0.7207,0.36044,0.87218,84.27,0.53264,0.7687,673.364,5.46566,2.51118,5.63654,6765.592,23.04504,1.10072,23.78998,29.37052,33.27162,11693.134,69.7
2007-08-20,71.696,0.70088,0.3524,0.87048,80.576,0.5191,0.74258,661.984,5.32086,2.4483200000000003,5.4737800000000005,6594.534,22.899820000000002,1.0706,23.10966,28.65756,32.70404,11384.988,67.96000000000001
2007-08-27,72.07,0.70896,0.35248,0.86386,82.022,0.51964,0.74994,666.758,5.35656,2.47728,5.53036,6665.016,23.28406,1.07968,23.41186,29.00154,33.0957,11512.018,68.3
2007-09-03,70.73,0.69658,0.34508,0.84592,80.596,0.5106,0.7332,653.66,5.25632,2.4415,5.4288,6545.456,22.92964,1.06212,23.0046,28.33614,32.47996,11310.956,67.06
2007-09-10,70.644,0.70104,0.34578,0.84282,79.814,0.50644,0.7323000000000001,655.8100000000001,5.2736,2.45386,5.4578,6597.91,22.62764,1.06458,23.202460000000002,28.31276,32.67024,11381.226,66.9
2007-09-17,72.534,0.72402,0.3611,0.85266,83.5,0.51888,0.73648,671.428,5.44284,2.5139,5.63798,6736.322,23.15634,1.09358,23.96142,28.97394,33.07984,11733.966,68.9
2007-09-24,74.042,0.74692,0.36968,0.85558,86.026,0.52898,0.74862,687.806,5.60998,2.56248,5.8037,6835.446,23.82996,1.1191,24.5775,29.56656,33.725319999999996,12025.214,70.46000000000001
2007-10-01,74.772,0.75856,0.37172,0.85492,87.88600000000001,0.53506,0.75512,693.752,5.69352,2.58344,5.8904,6913.958,24.09182,1.12404,24.72366,29.9496,33.988240000000005,12195.65,71.24
2007-10-08,75.252,0.7650399999999999,0.37534,0.85172,89.668,0.54142,0.75094,701.306,5.744479999999999,2.5903,5.93468,6941.562,24.08842,1.12474,24.9328,30.00444,33.66076,12296.154,71.92
2007-10-15,74.51,0.75804,0.37198,0.8457,88.566,0.53358,0.73942,695.772,5.69788,2.55644,5.8778,6878.63,23.89818,1.11018,24.72494,29.85252,33.37666,12182.216,71.14
2007-10-22,73.9175,0.75525,0.369275,0.83965,86.4025,0.529725,0.732375,692.905,5.662100000000001,2.54415,5.853675,6912.99,23.827625,1.1035,24.59075,29.787975,33.239824999999996,12142.3575,70.375
2007-10-29,74.384,0.76722,0.37096,0.8324,87.99,0.53162,0.73128,694.722,5.7337,2.5617,5.9472000000000005,6984.814,24.30956,1.11314,24.86316,30.12078,33.40058,12330.308,71.02
2007-11-05,74.744,0.77314,0.36934,0.83592,88.004,0.53062,0.7196,701.476,5.75626,2.58026,6.0029,7061.268,26.2767,1.11748,25.02494,30.28534,33.4418,12425.286,71.2
2007-11-12,73.486,0.75556,0.36672,0.8474,83.438,0.51716,0.72968,690.04,5.60674,2.5269,5.8836,6954.212,25.57956,1.0945799999999999,24.39616,29.59666,32.49008,12134.724,69.76
2007-11-19,73.642,0.75614,0.36716,0.85672,82.79,0.51178,0.74274,698.8480000000001,5.61042,2.55266,5.88452,7074.668,25.59006,1.09636,24.46484,29.77932,32.55434,12139.302,69.62
2007-11-26,74.284,0.76312,0.369,0.86764,83.138,0.51496,0.75664,706.43,5.65442,2.56924,5.93938,7123.813999999999,25.87158,1.10368,24.68584,30.21518,32.53316,12239.87,70.2
2007-12-03,75.008,0.7675799999999999,0.37498,0.87484,84.932,0.52334,0.7727,708.396,5.68086,2.57198,5.97994,7142.036,25.96914,1.11098,24.78784,30.20804,32.22092,12309.352,71.03999999999999
2007-12-10,76.158,0.7792,0.38201999999999997,0.88708,87.034,0.53114,0.78872,719.682,5.7535,2.5854,6.07542,7234.038,26.22986,1.12314,25.195999999999998,30.64568,32.079480000000004,12492.424,72.26
2007-12-17,75.01,0.75866,0.37814000000000003,0.88292,85.924,0.52754,0.76348,711.06,5.5961,2.53628,5.917,7130.2480000000005,25.52614,1.1064399999999999,24.630679999999998,29.96018,31.52856,12167.768,71.24
2007-12-24,75.53,0.7673333333333333,0.3861,0.8786999999999999,87.48,0.5293666666666667,0.7553,721.2766666666666,5.6339,2.5636666666666668,5.9879,7225.05,25.899066666666666,1.1145,24.950866666666666,30.2406,31.726433333333333,12299.786666666667,71.83333333333333
2007-12-31,75.39333333333333,0.7730666666666667,0.38993333333333335,0.878,85.46,0.5249333333333334,0.7632,723.9733333333334,5.6357333333333335,2.5556,6.035566666666667,7264.366666666667,25.956599999999998,1.1132,25.085233333333335,30.3937,31.70296666666667,12369.586666666666,71.56666666666666
2008-01-07,75.216,0.77247999999999994,0.39266,0.8774,84.36,0.52466,0.77766,725.174,5.61456,2.52882,6.02766,7283.156,25.7104,1.10658,25.06672,30.26802,31.35982,12344.833999999999,71.46
2008-01-14,75.36,0.77656,0.3958,0.87744,83.52,0.5266000000000001,0.79362,729.434,5.6281,2.53362,6.05926,7324.656,25.74146,1.1124399999999999,25.08344,30.46316,31.51146,12409.576,71.58
2008-01-21,74.246,0.76194,0.38902,0.8725,81.226,0.5212,0.77982,723.5,5.51276,2.50102,5.9496400000000005,7180.91,25.23866,1.09372,24.65248,30.00306,31.21372,12175.59,70.5
2008-01-28,75.256,0.77918,0.39224,0.87644,83.14,0.52658,0.7803,736.9879999999999,5.60612,2.523,6.08066,7252.736,25.745260000000002,1.10694,25.13648,30.59646,31.51622,12446.67,71.53999999999999
2008-02-04,76.1225,0.789975,0.402925,0.877725,84.3475,0.537925,0.79055,744.6925,5.678775,2.5532,6.161375,7290.9525,26.003050000000002,1.118125,25.303075,31.16135,31.95545,12608.002499999999,72.575
2008-02-11,76.054,0.78766,0.40232,0.87506,84.676,0.54054,0.78748,744.144,5.66454,2.54988,6.1429,7288.198,25.89494,1.11668,25.07872,31.2296,32.14546,12568.218,72.58
2008-02-18,76.39,0.79596,0.40772,0.86938,85.836,0.54088,0.80536,752.854,5.69594,2.56468,6.20872,7297.71,25.86236,1.1237,25.19274,31.7441,32.29518,12693.004,72.98
2008-02-25,77.26,0.8139,0.41126,0.87066,86.978,0.54296,0.80508,768.526,5.8122,2.61284,6.3408999999999995,7407.784,26.19972,1.14046,25.33746,32.43906,32.8645,12970.878,73.82000000000001
2008-03-03,75.562,0.80142,0.40232,0.8600399999999999,82.86,0.52552,0.7915800000000001,758.312,5.69622,2.55296,6.2392,7282.438,25.30252,1.11442,24.75852,32.26082,32.58126,12758.78,71.98
2008-03-10,75.452,0.8023399999999999,0.39766,0.86202,81.724,0.5195,0.79422,777.826,5.69862,2.55306,6.24776,7350.026,25.28718,1.11136,24.59546,32.39712,33.04998,12728.96,71.62
2008-03-17,75.6125,0.805625,0.40235,0.871225,79.5075,0.5138750000000001,0.803775,813.845,5.703875,2.557925,6.261775,7426.7425,25.209125,1.1125,24.773175000000002,32.529525,33.520575,12770.192500000001,71.4
2008-03-24,75.62,0.804175,0.4017,0.8775,80.19999999999999,0.513125,0.8186,793.615,5.658725,2.575675,6.255975,7384.295,25.29755,1.11125,24.21115,32.20715,33.46915,12873.252499999999,71.525
2008-03-31,74.236,0.7879,0.3964,0.86274,79.586,0.50164,0.80214,774.886,5.52676,2.5164,6.13456,7259.08,24.8258,1.08728,23.9493,31.4634,32.74854,12697.24,70.26
2008-04-07,74.716,0.7956799999999999,0.40216,0.85744,81.282,0.50566,0.8072,776.158,5.57202,2.53048,6.19804,7319.97,25.19996,1.09442,24.21294,31.74766,33.06074,12822.344,70.84
2008-04-14,73.98,0.78982,0.40032,0.8486199999999999,80.306,0.49864000000000003,0.80118,777.794,5.52474,2.49304,6.15418,7258.044,24.90212,1.0707200000000001,23.93424,31.45214,33.0984,12727.472,70.12
2008-04-21,74.255,0.7942750000000001,0.399475,0.842625,82.155,0.49982499999999996,0.8014,789.835,5.5529,2.49275,6.190475,7301.78,24.993575,1.0744,24.0632,31.74425,33.314875,12800.1325,70.42500000000001
2008-04-28,73.378,0.77996,0.39368000000000003,0.83312,81.278,0.50056,0.79,779.774,5.45574,2.46224,6.07758,7193.21,24.70446,1.06152,23.70878,31.4835,32.92828,12575.604,69.7
2008-05-05,73.556,0.78066,0.39726,0.82804,81.78399999999999,0.50538,0.7902,792.988,5.45792,2.47628,6.0844000000000005,7203.4,24.7794,1.06512,23.83086,32.18164,33.0837,12601.174,69.94
2008-05-12,72.19800000000001,0.7638,0.39194,0.81264,79.638,0.49369999999999997,0.76688,798.388,5.34074,2.47044,5.95552,7076.036,24.64696,1.048,23.55566,32.32184,32.6148,12340.626,68.42
2008-05-19,72.848,0.7767000000000001,0.39526,0.81152,80.648,0.49614,0.7693,809.5600000000001,5.41224,2.50746,6.05854,7214.438,24.92264,1.06118,23.70956,33.09218,33.56202,12570.854,69.03999999999999
2008-05-26,73.568,0.78516,0.3968,0.8183,81.828,0.5007,0.77768,816.486,5.45058,2.54076,6.12732,7316.708,25.315,1.07046,23.939420000000002,33.421260000000004,34.23744,12740.212,69.74
2008-06-02,72.9225,0.775275,0.395525,0.8115,81.53999999999999,0.5000249999999999,0.783825,792.925,5.3775,2.509125,6.0516000000000005,7216.7725,25.357675,1.0581,23.516575,33.06815,34.10395,12613.8275,69.25
2008-06-09,71.468,0.75692,0.3859,0.79784,80.726,0.48584,0.7729,780.046,5.2366399999999995,2.473,5.91178,7049.616,25.06482,1.0375,22.97702,32.40002,33.64998,12478.346,67.78
2008-06-16,71.58,0.75574,0.38554,0.80062,81.64,0.48808,0.7712,779.674,5.20756,2.46512,5.9014,7028.156,25.1415,1.03626,22.96458,32.39254,33.43896,12557.444,67.98
2008-06-23,71.382,0.7575000000000001,0.38366,0.79306,81.478,0.48488,0.7676999999999999,784.46,5.20488,2.46786,5.9134400000000005,7006.87,25.377580000000002,1.0352000000000001,23.01764,32.38402,33.78576,12618.646,67.76
2008-06-30,71.284,0.75946,0.38134,0.79154,80.68,0.48124,0.77184,792.3820000000001,5.20638,2.48114,5.92314,6998.992,25.387,1.0339800000000001,23.06396,32.74258,34.2764,12792.874,67.54
2008-07-07,71.056,0.75586,0.38228,0.78932,80.926,0.48082,0.76744,774.8439999999999,5.18328,2.46266,5.89666,6947.893999999999,25.421,1.02936,22.97466,32.51238,34.45746,12733.814,67.4
2008-07-14,71.324,0.7658,0.38367999999999997,0.78698,80.986,0.48238000000000003,0.76958,769.472,5.22764,2.4741,5.97326,7004.462,25.68674,1.03532,23.263840000000002,32.84628,34.483,12880.608,67.74
2008-07-21,70.46000000000001,0.75366,0.3779,0.77866,80.78999999999999,0.47758,0.76016,763.934,5.14398,2.44364,5.87752,6891.592,25.1713,1.02324,22.89738,31.88626,33.23836,12618.03,66.98
2008-07-28,69.552,0.7385,0.372,0.77782,79.67,0.4723,0.75506,745.914,5.04252,2.40768,5.76118,6731.426,24.72098,1.00848,22.51182,31.33328,32.64582,12388.394,66.12
2008-08-04,68.95,0.72316,0.36958,0.78732,78.532,0.46742,0.7529199999999999,734.702,4.95534,2.3668,5.6436,6570.596,24.28506,0.99718,22.2408,30.45064,31.81908,12035.194,65.48
2008-08-11,68.144,0.6989,0.36968,0.79816,76.626,0.46936,0.74458,723.2860000000001,4.7944,2.31938,5.45808,6411.842000000001,23.54764,0.98444,21.81776,29.72372,31.3004,11576.292,64.74
2008-08-18,69.692,0.71188,0.38142000000000004,0.8168,78.088,0.48252,0.75308,742.534,4.88338,2.37592,5.56032,6531.478,24.17176,1.00512,22.31244,30.94902,32.41116,11838.256000000001,66.22
2008-08-25,69.132,0.70258,0.38162,0.81524,76.964,0.47718,0.73684,758.532,4.8052,2.3706,5.48508,6433.17,23.95028,0.996,22.12304,30.72978,32.166560000000004,11653.616,65.61999999999999
2008-09-01,68.282,0.6859000000000001,0.38456,0.818,74.15,0.47274,0.73118,769.934,4.68952,2.34466,5.3543,6302.034,23.571,0.98068,21.74742,30.38384,31.925259999999998,11369.544,64.64
2008-09-08,67.02,0.66484,0.37706,0.82106,71.624,0.47076,0.71046,731.182,4.5472399999999995,2.29856,5.1863,6216.254,22.99606,0.95338,21.19736,29.99238,31.13272,11028.236,63.519999999999996
2008-09-15,66.776,0.66258,0.36794,0.82784,69.794,0.46462,0.7072,748.49,4.53304,2.29096,5.15902,6246.56,22.77958,0.94794,21.26576,30.60708,31.13006,11028.210000000001,63
2008-09-22,67.982,0.6853,0.37116,0.81914,72.742,0.46804,0.71168,785.22,4.67694,2.34906,5.32518,6399.908,23.25002,0.97292,21.94024,31.45692,31.8145,11411.072,64.1
2008-09-29,67.86,0.6704,0.37454,0.84156,70.744,0.47318,0.70886,799.552,4.58888,2.3081,5.20874,6315.39,22.7758,0.96272,21.54192,31.2142,31.58782,11123.132,63.96
2008-10-06,65.608,0.62454,0.35916,0.87998,63.372,0.45946,0.69476,822.968,4.26418,2.17978,4.85118,5966.93,21.45956,0.91518,20.20208,29.96256,29.66696,10376.242,61.3
2008-10-13,64.95,0.6118,0.35396,0.8949,62.036,0.45188,0.71582,778.948,4.18062,2.14676,4.74694,6004.678,20.9349,0.90156,19.8342,29.59004,29.06938,10151.92,60.56
2008-10-20,64.91799999999999,0.60636,0.36266,0.8865799999999999,60.644,0.46224,0.73816,816.7,4.1436399999999995,2.14624,4.70224,5977.266,20.85576,0.90224,19.911179999999998,29.87122,29.40358,10185.634,60.56
2008-10-27,62.445,0.572175,0.3558,0.881925,55.5725,0.448225,0.712925,793.4625,3.914925,2.041875,4.435425,6160.3925,19.949524999999998,0.852075,19.025325,28.2468,27.99525,9651.7325,58.05
2008-11-03,63.804,0.59276,0.37344,0.87452,58.446,0.463,0.69994,760.358,4.0502400000000005,2.09448,4.594,6466.966,20.73386,0.87926,19.46292,28.245,28.65018,9992.494,59.78
2008-11-10,62.732,0.57622,0.37645999999999996,0.86956,56.18,0.45528,0.69504,776.004,3.9335999999999998,2.0599,4.46598,6467,20.13878,0.86502,18.96492,27.91386,28.197300000000002,9773.38,58.56
2008-11-17,60.096000000000004,0.54342,0.3656,0.85176,52.058,0.4329,0.67852,782.346,3.71032,1.9596,4.21158,6423.992,19.03648,0.82872,18.05108,26.97676,27.10568,9223.846,55.74
2008-11-24,60.204,0.54808,0.35908,0.84426,52.538000000000004,0.4257,0.67926,818.0360000000001,3.74184,1.9854,4.2488399999999995,6620.106,19.3432,0.8288,18.27254,27.12324,26.991300000000003,9300.423999999999,55.56
2008-12-01,58.81,0.53452,0.35804,0.82764,49.954,0.42068,0.66892,783.374,3.67158,1.94252,4.14304,6402.428,19.03384,0.81438,17.86744,26.64318,26.272740000000002,9082.69,54.32
2008-12-08,59.112,0.54422,0.36654000000000003,0.82474,50.278,0.4187,0.68272,774.006,3.73792,1.9671399999999999,4.21776,6108.24,19.26688,0.81872,18.20254,26.57258,26.25682,9249.276,54.4
2008-12-15,60.224,0.57102,0.37364000000000003,0.83556,51.084,0.40896,0.69386,764.134,3.9063,2.02036,4.42534,6294.414,19.82794,0.83332,18.78712,27.00964,26.90046,9713.08,55.52
2008-12-22,60.35333333333333,0.5714,0.3851333333333333,0.8377333333333333,51.49,0.41026666666666667,0.6963333333333334,749.0266666666666,3.9129666666666667,1.9852666666666667,4.428533333333333,6258.426666666667,19.744833333333332,0.8297,18.757066666666667,27.4619,27.06523333333333,9706.67,55.8
2008-12-29,60.873333333333335,0.5774333333333334,0.3988,0.8401,52.31,0.41136666666666666,0.7040666666666666,735.6666666666666,3.949133333333333,2.0091666666666668,4.475433333333333,6381.053333333333,20.174533333333333,0.8334333333333334,19.003633333333333,27.9114,27.411733333333334,10094.12,56.33333333333333
2009-01-05,62.22,0.5928599999999999,0.398,0.8299,54.87,0.43338,0.706,779.068,4.05,2.07682,4.59628,6459.126,20.69408,0.87114,19.57716,28.71388,27.80538,10359.83,57.86
2009-01-12,59.924,0.55934,0.37922,0.83002,50.068,0.4215,0.68536,760.922,3.82322,1.99722,4.33846,6191.72,19.51578,0.83346,18.60638,27.26338,26.4704,9775.89,55.46
2009-01-19,57.768,0.5334,0.37607999999999997,0.80568,47.99,0.40824,0.66914,728.304,3.64742,1.91934,4.1386,5952.94,18.6296,0.79874,17.8949,26.103279999999998,25.23774,9325.076,53.480000000000004
2009-01-26,56.924,0.52494,0.37292000000000003,0.79624,46.924,0.40114,0.64262,726.572,3.59036,1.8963,4.07216,5906.058,18.32206,0.78904,17.6828,25.56562,24.54404,9175.145999999999,52.62
2009-02-02,55.655,0.50815,0.35255000000000003,0.79345,45.504999999999995,0.394725,0.626975,704.87,3.475275,1.838025,3.940125,5907.73,17.763375,0.766825,17.139200000000002,24.715475,23.966549999999998,8884.5275,51.425
2009-02-09,57.254,0.52774,0.36194,0.796,48.026,0.4082,0.65062,731.638,3.60608,1.90086,4.09104,6185.682,18.50294,0.79258,17.86898,25.69912,24.79834,9224.836,53.04
2009-02-16,56.644,0.51314,0.3601,0.7971,47.604,0.40476,0.64282,742.5219999999999,3.5072,1.86568,3.979,6094.048,18.1158,0.78152,17.66508,25.3865,24.48994,8971.57,52.4
2009-02-23,56.508,0.50996,0.3547,0.7888,49.016,0.39955999999999997,0.638,771.398,3.48626,1.87004,3.95376,6090.798,18.2372,0.78052,17.71664,25.52006,24.60848,8914.016,52.199999999999996
2009-03-02,55.808,0.498,0.3522,0.77958,48.842,0.39549999999999996,0.6401,774.352,3.4071,1.85088,3.86312,5977.482,18.0156,0.7726999999999999,17.45926,25.75818,24.22852,8704.342,51.5
2009-03-09,56.53,0.50702,0.365,0.7857999999999999,49.752,0.39796,0.6519,766.2959999999999,3.46798,1.87748,3.93192,6081.242,18.25174,0.7793599999999999,17.54076,26.08224,24.5174,8863.942000000001,52.22
2009-03-16,58.694,0.53698,0.3787,0.80276,52.12,0.40648,0.67652,768.1080000000001,3.6699,1.9736200000000002,4.16264,6418.988,19.19518,0.81932,18.37656,27.30732,25.9139,9393.686,54.18
2009-03-23,60.838,0.5678,0.39064,0.81302,55.316,0.41852,0.69884,779.338,3.87848,2.0626,4.4004,6566.534000000001,20.08978,0.85762,19.1888,28.64074,27.27778,10055.268,56.32
2009-03-30,61.104,0.56708,0.39374,0.81588,55.896,0.42712,0.7102,773.332,3.87538,2.05924,4.39492,6537.488,20.10198,0.86014,19.15228,28.60818,27.29142,10079.642,56.78
2009-04-06,62.205,0.58275,0.394825,0.8184,58.537499999999994,0.436025,0.719875,773.7825,3.983175,2.09185,4.516275,6612.145,20.614649999999997,0.8801,19.529700000000002,29.128975,27.89085,10353.955,58
2009-04-13,61.675,0.5819,0.390025,0.8021499999999999,57.862500000000004,0.4389,0.705175,772.7975,3.9760999999999997,2.098125,4.509775,6350.92,20.632725,0.874725,19.621275,28.883725,27.719050000000003,10349.994999999999,57.675
2009-04-20,59.942,0.56048,0.38278,0.78872,55.17,0.43086,0.68938,751.1,3.8278600000000003,2.03564,4.34384,6051.476,19.92164,0.84348,18.961660000000002,28.06618,27.14818,9977.405999999999,56.1
2009-04-27,59.876,0.56366,0.38368,0.7869,54.794,0.4278,0.68184,749.148,3.8466,2.0242,4.36824,6070.682,19.94204,0.84104,18.93126,28.15562,27.24284,10020.942,55.98
2009-05-04,60.897999999999996,0.58274,0.38732,0.7831400000000001,57.672,0.43668,0.68394,739.59,3.97414,2.05804,4.5161999999999995,6093.992,20.47578,0.859,19.28504,28.743100000000002,27.732960000000002,10360.266,57.300000000000004
2009-05-11,61.842,0.59964,0.3946,0.7875,58.058,0.44042,0.69806,745.716,4.0909,2.11284,4.64712,6207.81,20.75168,0.8777400000000001,19.733259999999998,29.6532,28.37584,10659.516,58.12
2009-05-18,61.558,0.6006600000000001,0.387,0.7813,57.26,0.43928,0.69334,751.09,4.09956,2.1264,4.65636,6224.876,20.70084,0.87846,19.71362,28.42234,28.30166,10680.758,57.8
2009-05-25,62.86,0.61946,0.3888,0.79174,59.094,0.4439,0.69358,778.4019999999999,4.22908,2.17016,4.80224,6382.814,21.31006,0.89784,20.20864,29.35948,29.2277,11013.072,58.98
2009-06-01,64.3775,0.643125,0.393075,0.795675,61.870000000000005,0.452925,0.7046250000000001,797.8299999999999,4.3926,2.2407,4.9851,6539.9725,21.933825,0.928175,20.851174999999998,30.185624999999998,30.291874999999997,11433.54,60.5
2009-06-08,63.594,0.6305999999999999,0.38802,0.78642,61.852,0.45034,0.7001200000000001,791.304,4.31006,2.21232,4.88804,6322.564,21.55142,0.91732,20.661,29.88366,29.923379999999998,11217.976,59.84
2009-06-15,64.088,0.63418,0.38732,0.7948000000000001,61.522,0.45654,0.71662,798.61,4.33472,2.23656,4.91492,6450.216,21.6486,0.9241,20.84254,30.35534,30.57854,11282.512,60.24
2009-06-22,64.48,0.63808,0.38882,0.80108,61.11,0.45712,0.73362,817.052,4.361,2.2589,4.9453,6588.93,21.78106,0.92968,20.9793,30.87526,30.738780000000002,11347.722,60.42
2009-06-29,64.644,0.6424,0.39006,0.79854,61.734,0.4571,0.74332,818.748,4.389,2.26448,4.9784,6558.89,21.88436,0.93166,21.119040000000002,30.74198,30.88888,11430.182,60.62
2009-07-06,63.821999999999996,0.6302,0.3886,0.79954,59.446,0.45178,0.73324,802.676,4.3057799999999995,2.23662,4.88396,6421.06,21.48528,0.91912,20.77842,30.6414,30.38126,11218.868,59.74
2009-07-13,64.55,0.63964,0.3918,0.8069,59.72,0.45586,0.7265199999999999,821.592,4.36998,2.28994,4.95738,6492.3240000000005,21.81244,0.93214,21.11736,31.15918,30.74754,11384.534,60.339999999999996
2009-07-20,65.384,0.65474,0.39772,0.8054,61.636,0.46152,0.72224,818.87,4.47236,2.32316,5.07416,6608.732,22.27032,0.94508,21.4767,31.56754,31.40912,11659.458,61.32
2009-07-27,65.11,0.65362,0.39774,0.7963,62.089999999999996,0.46216,0.709,811.366,4.46514,2.30366,5.06566,6507.6,22.2224,0.94288,21.46022,31.47322,31.40844,11644.434,61.199999999999996
2009-08-03,65.898,0.66908,0.39642,0.79586,63.67,0.4655,0.71766,817.3439999999999,4.57064,2.34332,5.1853,6617.736,22.74398,0.96006,21.89076,31.784100000000002,32.04314,11916.624,61.98
2009-08-10,66.746,0.6730200000000001,0.40684,0.80564,64.872,0.47426,0.73366,831.106,4.5994,2.36282,5.21614,6675.946,22.908920000000002,0.97196,22.10162,32.30416,32.25092,11987.478,62.84
2009-08-17,66.976,0.67396,0.40878,0.81394,63.641999999999996,0.47536,0.74042,841.626,4.6059,2.3818,5.224,6729.148,22.94952,0.97526,22.212400000000002,32.75558,32.60944,12005.518,62.9
2009-08-24,67.752,0.6842,0.4184,0.8195600000000001,64.444,0.47834,0.74298,851.882,4.67396,2.4094,5.30302,6854.304,23.27414,0.9872799999999999,22.51426,33.31378,33.24138,12190.688,63.6
2009-08-31,67.208,0.67944,0.4179,0.81164,63.062,0.47596,0.74724,847.712,4.64074,2.39662,5.26632,6861.56,23.12232,0.98014,22.33908,33.21346,33.115719999999996,12107.644,63.04
2009-09-07,68.03,0.69598,0.42206,0.80972,64.35,0.48138,0.75126,855.084,4.75264,2.4404,5.39402,6960.36,23.68482,0.995,22.78978,33.6967,33.69194,12406.332,63.9
2009-09-14,68.566,0.70656,0.42732,0.81574,64.194,0.48181999999999997,0.75836,858.8340000000001,4.82404,2.46642,5.475820000000001,6941.656,23.914279999999998,1.0021,22.986439999999998,34.112179999999995,34.00806,12599.476,64.34
2009-09-21,69.41,0.71566,0.44072,0.82484,65.444,0.48648,0.77032,858.34,4.88608,2.486,5.5465,6934.5419999999995,24.07242,1.01384,23.17294,34.31284,33.88988,12763.5,65.24
2009-09-28,69.418,0.7173,0.44988,0.82204,64.378,0.49086,0.77666,849.116,4.8971,2.49102,5.5590399999999995,6932.976,24.05732,1.01542,23.15772,34.28222,34.02694,12796.27,65.34
2009-10-05,70.26,0.732,0.4586,0.82626,65.122,0.49842,0.77952,854.662,4.99694,2.51538,5.67306,6953.952,24.44516,1.0269,23.51964,34.19104,34.05522,13061.776,66.32000000000001
2009-10-12,70.306,0.73976,0.46328,0.8116599999999999,66.446,0.4983,0.7645,860.496,5.04792,2.50304,5.73316,6965.688,24.6753,1.03108,23.86724,34.16928,34.42756,13225.624,66.5
2009-10-19,71.152,0.75234,0.45688,0.81396,68.394,0.50266,0.7835,882.804,5.13352,2.54096,5.83068,7087.78,25.131999999999998,1.0477,24.3324,34.8639,35.25054,13475.954,67.26
2009-10-26,70.185,0.7363500000000001,0.4487,0.807425,67.4,0.49715,0.78795,873.0625,5.024325,2.508725,5.7067499999999995,7035.0625,24.633125,1.030275,23.918675,34.576750000000004,35.067175,13208.9575,66.275
2009-11-02,68.676,0.71974,0.4371,0.79592,65.01599999999999,0.48686,0.7711,851.226,4.91102,2.46284,5.5780400000000006,6867.012,24.06922,1.00624,23.4234,33.78058,34.19438,12870.332,64.8
2009-11-09,69.65,0.7384,0.44314,0.79638,66.434,0.4943,0.7794,856.248,5.03812,2.4994,5.72234,6952.546,24.6051,1.02536,23.91314,34.2393,34.558460000000004,13203.534,65.83999999999999
2009-11-16,69.886,0.7426,0.44334,0.7987,66.286,0.49742000000000003,0.78296,858.6080000000001,5.06692,2.5050600000000003,5.75512,6990.918,24.658079999999998,1.02878,23.89334,34.42108,34.75994,13285.704,66.06
2009-11-23,68.46600000000001,0.72612,0.43794,0.78884,63.93,0.4845,0.76812,839.136,4.95454,2.45436,5.62746,6855.342,24.102,1.00586,23.4161,33.699799999999996,34.12912,13142.436,64.60000000000001
2009-11-30,67.808,0.72014,0.43522,0.78208,62.738,0.4789,0.75904,835.03,4.9138,2.43606,5.5812,6794.454,23.89998,0.99546,23.18466,33.30084,33.51282,13354.836000000001,63.94
2009-12-07,68.036,0.71702,0.4388,0.7864,63.7,0.48552,0.7568,830.496,4.89246,2.43334,5.55706,6763.626,23.77164,0.9972799999999999,23.12992,33.35944,33.1023,13295.842,64.32
2009-12-14,68.778,0.72066,0.44306,0.79716,64.43,0.49578,0.76574,838.96,4.91728,2.46234,5.58714,6813.972,23.905920000000002,1.00582,23.277459999999998,33.63656,33.416199999999996,13267.458,65.14
2009-12-21,68.1325,0.704775,0.439875,0.799325,64.335,0.4931,0.7463,831.225,4.8088750000000005,2.421475,5.465675,6688.1175,23.447499999999998,0.991,22.814525,32.9567,32.755925,13020.400000000001,64.575
2009-12-28,68.96333333333334,0.7158666666666667,0.4476333333333333,0.8027,65.88,0.4987333333333333,0.7495333333333334,836.0666666666667,4.888133333333333,2.4551,5.551433333333334,6755.583333333333,23.877666666666666,1.0059,23.10856666666667,33.291000000000004,33.18986666666667,13224.92,65.46666666666667
2010-01-04,70.095,0.73475,0.45894999999999997,0.80255,67.995,0.511175,0.761875,836.9449999999999,5.0166,2.4865500000000003,5.698275,6823.14,24.364275,1.026775,23.398075,33.61855,33.685675,13574.234999999999,66.85
2010-01-11,70.134,0.74054,0.45746,0.79908,67.866,0.51112,0.76368,831.602,5.0554,2.47878,5.74366,6794.494,24.45664,1.02886,23.55074,33.73952,33.7491,13679.884,66.88
2010-01-18,69.28999999999999,0.72808,0.44692,0.79462,66.174,0.51114,0.75512,824.41,4.97038,2.44052,5.65358,6730.398,23.957359999999998,1.01586,23.19916,33.44728,33.48758,13450.364,66.14
2010-01-25,68.034,0.70886,0.43872,0.78856,63.808,0.50378,0.7527,818.724,4.83936,2.41816,5.50936,6626.0380000000005,23.41742,0.99464,22.69444,32.676899999999996,32.98898,13094.66,64.82
2010-02-01,67.968,0.70224,0.44152,0.79676,63.362,0.5061,0.74786,812.422,4.79438,2.39974,5.45442,6560.16,23.27722,0.99164,22.508,32.451299999999996,32.604639999999996,12973.252,64.82
2010-02-08,67.222,0.69154,0.44222,0.79032,61.96,0.50458,0.73622,804.332,4.72222,2.37434,5.37312,6483.876,22.944100000000002,0.98064,22.18836,32.1404,32.08414,12887.232,64.16
2010-02-15,67.68,0.70002,0.44692,0.7829,63.472,0.51396,0.73334,803.66,4.7833,2.38782,5.4383,6520.118,23.225920000000002,0.98688,22.45382,32.32746,32.32862,13180.728,64.88
2010-02-22,67.34,0.69588,0.45146000000000003,0.77742,62.924,0.51292,0.73084,804.0500000000001,4.75096,2.36778,5.40282,6480.298,23.038439999999998,0.9812,22.31586,32.17394,32.14814,13174.364,64.60000000000001
2010-03-01,67.012,0.69508,0.4618,0.77132,61.796,0.5105,0.72212,799.32,4.74472,2.34818,5.39586,6453.284,22.78698,0.97524,22.26332,31.78746,32.05172,13119.378,64.3
2010-03-08,67.294,0.70078,0.46568,0.76766,63.31,0.5137,0.719,794.116,4.78386,2.33724,5.43776,6442.098,22.8964,0.98024,22.301940000000002,31.88848,32.04262,13237.546,64.76
2010-03-15,67.866,0.70932,0.4664,0.77206,64.128,0.51732,0.71984,803.17,4.841740000000001,2.34644,5.5042599999999995,6485.376,23.00578,0.98954,22.53124,32.260580000000004,32.3718,13397.798,65.32
2010-03-22,67.86800000000001,0.7052,0.47114,0.77178,64.3,0.52482,0.71922,801.9680000000001,4.81402,2.3388,5.47292,6440.63,22.80976,0.98934,22.4328,32.00502,32.19506,13375.014,65.53999999999999
2010-03-29,68.1925,0.708425,0.470875,0.775075,65.7375,0.5260750000000001,0.7229,803.835,4.835675,2.3209,5.499625,6442.795,22.922525,0.99185,22.529474999999998,31.799475,31.996850000000002,13525.79,65.975
2010-04-05,67.67,0.706125,0.46242500000000003,0.76255,66.17999999999999,0.5271,0.7079,793.2475,4.819375,2.26965,5.48155,6392.33,22.85415,0.9857,22.341124999999998,31.314675,31.6762,13452.3275,65.7
2010-04-12,68.01,0.7138,0.46278,0.7656,66.51,0.5242,0.71488,796.376,4.8721,2.28502,5.5387,6437.604,23.04978,0.9874999999999999,22.47192,31.67372,31.78448,13566.176,65.9
2010-04-19,67.812,0.7094,0.46216,0.76598,65.87,0.52928,0.71364,789.258,4.84252,2.27224,5.50666,6396.586,22.86186,0.97544,22.27772,31.58938,31.522660000000002,13464.024,65.88
2010-04-26,68.89,0.71922,0.46912,0.77734,67.478,0.5414,0.72344,799.432,4.90932,2.29646,5.58454,6485.048,23.20606,0.98596,22.545460000000002,31.973300000000002,31.99408,13646.288,67.06
2010-05-03,69.922,0.72328,0.47816000000000003,0.7945,67.704,0.55708,0.74278,809.87,4.93686,2.32964,5.61718,6559.564,23.4003,1.00116,22.80018,32.546,32.582119999999996,13730.332,68.14
2010-05-10,69.786,0.71622,0.48398,0.79922,66.416,0.5645,0.7341,814.748,4.8899799999999995,2.30102,5.5729999999999995,6521.91,23.13102,0.99046,22.68334,32.26838,32.31734,13618.206,68.16
2010-05-17,68.304,0.68882,0.47808,0.804,63.088,0.5574,0.71956,797.366,4.70278,2.22734,5.37066,6299.866,22.31164,0.96168,21.98412,31.84542,31.44254,13087.5,66.66
2010-05-24,67.492,0.67286,0.46584,0.81008,60.776,0.54478,0.7149599999999999,825.886,4.59494,2.23552,5.2446,6253.906,21.86254,0.94718,21.66726,31.58068,31.3978,12779.62,65.4
2010-05-31,67.97,0.67982,0.46612,0.80772,62.284,0.5553600000000001,0.71142,819.792,4.64232,2.23438,5.29562,6262.662,22.14158,0.9556,21.85586,31.82218,31.53132,12878.002,66.16
2010-06-07,67.5975,0.670525,0.461175,0.809225,61.285,0.558975,0.701225,832.9075,4.58005,2.2264,5.230125,6199.1725,21.848399999999998,0.947325,21.727025,31.416975,31.234675,12728.2075,65.85
2010-06-14,69.176,0.69724,0.47322000000000003,0.80966,63.732,0.5677,0.71756,853.5500000000001,4.76372,2.2760599999999998,5.43182,6391.795999999999,22.6024,0.9726600000000001,22.49632,32.28278,32.24884,13238.144,67.4
2010-06-21,69.792,0.70982,0.47762,0.81146,64.112,0.5756800000000001,0.73144,843.938,4.83372,2.2854200000000002,5.5183,6417.906,22.95606,0.98172,22.72536,32.71728,32.53684,13471.494,68.16
2010-06-28,68.904,0.69724,0.46272,0.81422,61.816,0.5659,0.73162,848.992,4.73412,2.25904,5.42758,6311.422,22.58666,0.97194,22.4323,32.39284,32.3573,13286.56,67.02
2010-07-05,68.542,0.6958,0.45908,0.81508,61.096,0.552,0.7338399999999999,849.636,4.7149,2.23396,5.42004,6305.352,22.56862,0.96492,22.41262,32.57476,32.299,13271.936,66.38000000000001
2010-07-12,69.904,0.71688,0.47184,0.81472,63.348,0.5635600000000001,0.74146,863.1659999999999,4.85528,2.29446,5.56956,6486.264,23.1753,0.98746,23.0271,33.47728,33.19608,13693.008,67.86
2010-07-19,69.442,0.71336,0.4676,0.8133199999999999,62.008,0.55374,0.7475,860.898,4.83496,2.2925,5.5463,6458.66,23.02648,0.98164,22.92634,33.61208,33.12682,13635.58,67.14
2010-07-26,70.158,0.72768,0.46822,0.81008,63.522,0.56022,0.75368,865.246,4.9325,2.32296,5.65168,6558.624,23.456979999999998,0.99322,23.33204,33.96966,33.33394,13903.124,67.94
2010-08-02,69.746,0.73062,0.46062,0.8007799999999999,62.974,0.55524,0.74706,856.14,4.94842,2.31316,5.67242,6532.548,23.50556,0.98858,23.25812,33.66152,32.971199999999996,13987.39,67.5
2010-08-09,69.04,0.72176,0.45718000000000003,0.7951199999999999,61.786,0.5521,0.74722,845.756,4.8882,2.28244,5.60414,6468.222,23.07054,0.97806,22.94698,33.57726,32.6409,13829.754,66.84
2010-08-16,68.226,0.70852,0.45426,0.7898999999999999,60.63,0.55246,0.73456,835.27,4.81428,2.23644,5.50634,6357.8640000000005,22.484659999999998,0.9616399999999999,22.612379999999998,33.03558,31.985100000000003,13692.452,66.2
2010-08-23,68.07600000000001,0.7036,0.45434,0.79392,59.67,0.5554,0.7430800000000001,836.876,4.78268,2.20994,5.47126,6315.408,22.14944,0.9555,22.51134,32.94392,31.79292,13699.092,66.08
2010-08-30,68.184,0.70856,0.45894,0.7862,59.926,0.55598,0.748,843.4399999999999,4.82196,2.22308,5.51022,6389.05,22.14192,0.95728,22.69122,33.140679999999996,31.88732,13814.606,66.16
2010-09-06,68.922,0.72138,0.4679,0.7869,60.623999999999995,0.56492,0.74936,846.014,4.89904,2.24736,5.6047400000000005,6496.39,22.41744,0.9708,23.02994,33.54496,31.90976,14054.264000000001,67.04
2010-09-13,69.028,0.72868,0.46984,0.7792,61.582,0.56364,0.74914,846.446,4.91676,2.26688,5.6594,6549.852,22.43064,0.97418,23.151339999999998,33.632780000000004,32.17726,14202.504,67.22
2010-09-20,68.624,0.72984,0.46704,0.76956,62.118,0.55232,0.7522800000000001,844.464,4.8977200000000005,2.26134,5.66496,6546.636,22.422240000000002,0.97124,23.0783,33.21264,32.0629,14222.722,66.76
2010-09-27,68.44,0.73582,0.46602,0.7630199999999999,61.77,0.54306,0.75752,842.874,4.92526,2.2736,5.70884,6579.834,22.458859999999998,0.97074,23.0449,32.9148,32.28592,14337.452,66.39999999999999
2010-10-04,68.882,0.74664,0.47092,0.7666,62.012,0.54,0.75976,837.986,4.99596,2.30814,5.79124,6665.148,22.4424,0.97844,23.18186,33.13274,32.48398,14555.926,66.74
2010-10-11,69.188,0.75574,0.47518,0.76456,61.802,0.5412600000000001,0.76224,846.772,5.03772,2.34286,5.86344,6747.684,22.616780000000002,0.9849600000000001,23.31484,33.47362,32.80278,14730.146,66.98
2010-10-18,68.898,0.7513,0.47474,0.7645,61.126,0.5403399999999999,0.7679,842.63,4.99352,2.3308,5.83038,6708.552,22.45146,0.97904,23.13644,33.3121,32.54024,14642.302,66.72
2010-10-25,68.8275,0.7499750000000001,0.47415,0.7641,60.9275,0.5405500000000001,0.76735,843.26,5.004025,2.32625,5.818099999999999,6693.225,22.443925,0.973475,22.96545,33.29975,32.289075,14619.8225,66.675
2010-11-01,70.694,0.777,0.48260000000000003,0.77842,62.706,0.55318,0.7854,865.628,5.18718,2.40252,6.022959999999999,6933.08,23.16222,1.00094,23.65234,34.35948,33.11236,15145.672,68.42
2010-11-08,71.344,0.78422,0.4868,0.77912,64.132,0.5667,0.78688,872.536,5.2135,2.4238399999999998,6.07846,6978.844,23.2394,1.01024,23.66368,34.867219999999996,34.07728,15286.984,69.36
2010-11-15,71.192,0.77308,0.48296,0.78596,64.264,0.56902,0.7867,876.1999999999999,5.1323,2.41696,5.99488,6914.046,23.12124,1.0055,23.42174,34.970259999999996,33.8013,15069.64,69.26
2010-11-22,70.774,0.76618,0.4834,0.78008,63.926,0.56842,0.7784,875.466,5.09204,2.39288,5.94356,6859.76,23.00108,0.9997199999999999,23.30508,34.957679999999996,33.80634,14937.818,68.89999999999999
2010-11-29,69.88,0.74886,0.48044,0.77498,62.894,0.56972,0.76118,865.574,4.99046,2.36322,5.81546,6751.848,22.57218,0.9847400000000001,22.7978,33.9951,32.8718,14601.154,68.2
2010-12-06,69.876,0.75576,0.47952,0.76726,62.98,0.5685600000000001,0.7624000000000001,860.102,5.02946,2.3768599999999998,5.86846,6813.8,22.71516,0.9891,22.81072,33.97724,33.01542,14734.352,68.2
2010-12-13,68.926,0.74586,0.47432,0.75248,62.546,0.56142,0.7509,856.088,4.96694,2.33836,5.79976,6727.918,22.43372,0.9766,22.3555,33.7289,32.79992,14542.48,67.28
2010-12-20,68.628,0.74194,0.47982,0.74444,62.018,0.56534,0.7522,856.75,4.9388,2.3241199999999997,5.76922,6707.546,22.38142,0.9729800000000001,22.18188,33.48986,32.83098,14465.44,67.14
2010-12-27,70.02000000000001,0.7648666666666667,0.49563333333333337,0.7535333333333334,62.60333333333333,0.579,0.7652,872.4,5.060666666666667,2.3627333333333334,5.952133333333333,6887.39,23.068966666666668,0.9893666666666666,22.443366666666666,34.288266666666665,33.4908,14906.27,68.6
2011-01-03,69.93,0.7604666666666666,0.4900333333333333,0.7605666666666666,63.03,0.5780666666666666,0.7583,854.7833333333333,5.032133333333333,2.3330333333333333,5.909033333333333,6836.376666666667,22.951933333333333,0.9821666666666667,22.205833333333334,34.481766666666665,33.415333333333336,14827.31,68.60000000000001
2011-01-10,70.38,0.7637,0.48766,0.76824,63.398,0.58478,0.75636,855.268,5.05488,2.34286,5.93768,6905.008,23.27806,0.98648,22.304940000000002,34.52288,33.70802,14885.462,69.12
2011-01-17,70.38,0.7672,0.4818,0.77184,63.394,0.57258,0.7609,856.262,5.05326,2.34454,5.9678,6947.9220000000005,23.41142,0.98646,22.32206,34.91514,34.10462,14957.75,68.82
2011-01-24,70.194,0.76692,0.48142,0.77104,63.263999999999996,0.56066,0.76268,857.248,5.04802,2.34262,5.9745800000000004,6936.63,23.65516,0.98208,22.28338,34.98494,33.98906,14953.48,68.36
2011-01-31,70.502,0.77376,0.48168,0.77044,63.272,0.56444,0.76964,863.144,5.09132,2.36234,6.027480000000001,6987.738,23.91884,0.98766,22.47092,35.28054,34.01996,15084.642,68.66
2011-02-07,70.038,0.77012,0.4784,0.76108,63.525999999999996,0.56524,0.7643599999999999,854.52,5.06044,2.34092,5.99618,6890.266,23.68274,0.9817,22.2976,35.0173,33.57766,15212.967999999999,68.42
2011-02-14,69.128,0.75576,0.46992,0.7537,63.132,0.55846,0.74632,846.376,4.98096,2.30514,5.88904,6733.354,23.20148,0.9675199999999999,22.2039,34.26862,32.88116,15787.268,67.54
2011-02-21,68.624,0.7532,0.46514,0.74842,62.348,0.5492199999999999,0.7428400000000001,846.968,4.95134,2.29306,5.86764,6675.3240000000005,23.04848,0.9618,22.2417,34.0286,32.86042,15729.368,66.9
2011-02-28,67.724,0.7471,0.45984,0.73578,61.22,0.54008,0.72768,839.5120000000001,4.91026,2.2718599999999998,5.82018,6589.318,22.8322,0.9496,22.14054,33.57902,32.43302,15579.166,65.96
2011-03-07,66.9,0.7371,0.45558,0.73018,60.885999999999996,0.52972,0.71658,824.734,4.83926,2.23524,5.74042,6475.928,22.39874,0.9347799999999999,21.66876,33.18884,31.99104,15378.278,65.14
2011-03-14,66.43599999999999,0.7296400000000001,0.45336,0.73436,58.525999999999996,0.52224,0.7161,825.508,4.79562,2.22522,5.68804,6401.266,22.16094,0.93108,21.55326,32.91108,31.879080000000002,15217.284,64.38
2011-03-21,66.87,0.73964,0.45512,0.7326400000000001,59.878,0.52176,0.72488,829.802,4.85268,2.24398,5.76636,6457.24,22.37996,0.93636,21.857860000000002,33.1402,32.105940000000004,15441.448,64.8
2011-03-28,68.152,0.75664,0.47215999999999997,0.73548,62.32,0.53634,0.73782,837.794,4.96154,2.2905,5.89354,6593.644,22.92256,0.9546,22.28622,33.75224,32.8523,15810.744,66.36
2011-04-04,69.232,0.7717999999999999,0.47532,0.74256,65.428,0.5412,0.74298,839.17,5.05006,2.33594,6.00054,6692.11,23.29174,0.97268,22.505959999999998,34.125659999999996,33.30982,16112.062,67.52
2011-04-11,70.092,0.78608,0.48176,0.74802,66.12,0.54366,0.75442,854.542,5.1375,2.37648,6.10988,6805.144,23.66512,0.9862799999999999,22.80442,34.88376,33.930859999999996,16406.739999999998,68.28
2011-04-18,70.41,0.792,0.4851,0.749475,65.4875,0.5509999999999999,0.7589,859.425,5.1708,2.3930749999999996,6.158125,6862.952499999999,23.809925,0.98485,22.992874999999998,35.157475000000005,34.25335,16562.92,68.675
2011-04-25,70.5175,0.803475,0.4849,0.741975,65.695,0.545825,0.76445,866.98,5.236375,2.393975,6.243475,6927.235,24.048750000000002,0.98905,23.2021,35.6314,34.649175,16574.42,68.675
2011-05-02,69.932,0.79812,0.48244,0.73798,64.556,0.54076,0.7622599999999999,856.542,5.18216,2.37416,6.19986,6826.518,23.94574,0.9810599999999999,22.85306,35.53228,34.21186,16465.452,68.06
2011-05-09,69.87,0.79232,0.48438,0.73732,64.03999999999999,0.55332,0.7619,857.694,5.14514,2.37296,6.15798,6778.95,23.93356,0.97836,22.6469,35.47806,34.04756,16328.928,68.28
2011-05-16,69.828,0.78642,0.48528,0.7411,63.96,0.5532,0.76336,855.97,5.11534,2.38338,6.113700000000001,6731.22,23.81388,0.97824,22.64516,35.4299,33.97506,16304.692,68.16
2011-05-23,71.024,0.79754,0.49136,0.75456,65.228,0.5659799999999999,0.77932,871.7280000000001,5.18084,2.42928,6.20432,6833.59,24.23984,0.99338,23.04886,36.08938,34.61306,16453.088,69.42
2011-05-30,72.304,0.81858,0.49822,0.76636,66.33,0.56946,0.79788,884.16,5.30674,2.46944,6.36788,6993.336,24.8149,1.0107,23.51266,36.77754,35.36608,16829.022,70.58
2011-06-06,72.33,0.820925,0.5009,0.76885,65.78999999999999,0.56255,0.801875,887.07,5.318275,2.472625,6.38755,6989.485000000001,24.906725,1.009725,23.548025,36.7041,35.46245,16898.4825,70.375
2011-06-13,72.116,0.81352,0.50016,0.76814,65.502,0.56836,0.7948,883.814,5.27154,2.4687200000000002,6.33672,6951.218,24.81812,1.00546,23.4671,36.45912,35.35788,16775.814000000002,70.34
2011-06-20,72.036,0.81246,0.50352,0.76814,65.22800000000001,0.56754,0.7938000000000001,877.368,5.25492,2.46442,6.3295,6985.22,24.80736,1.0030999999999999,23.48378,36.50994,35.3105,16739.69,70.24
2011-06-27,72.31,0.81484,0.509,0.77068,65.802,0.56743999999999994,0.79656,877.212,5.2726,2.47712,6.34358,7012.776,25.11398,1.00712,23.52334,36.54618,35.36516,16782.73,70.48
2011-07-04,73.078,0.82916,0.51694,0.7725,67.142,0.57414,0.79682,883.124,5.36128,2.4943999999999997,6.45224,7076.464,25.25082,1.0167000000000002,23.864720000000002,36.814280000000004,35.57632,17076.345999999998,71.42
2011-07-11,73.634,0.83404,0.5202,0.78024,66.47,0.59066,0.80302,883.182,5.39266,2.5123,6.49608,7120.01,25.18682,1.0194,24.0474,37.15362,35.84204,17163.698,72.18
2011-07-18,75.11,0.85388,0.5284800000000001,0.79634,67.392,0.60056,0.81192,901.912,5.51682,2.56482,6.65458,7294.184,25.57592,1.03742,24.6632,37.95706,36.48256,17581.67,73.56
2011-07-25,75.616,0.86838,0.53144,0.79408,67.782,0.60336,0.82314,913.98,5.5955,2.56834,6.76596,7388.474,25.82272,1.0466199999999999,25.02122,38.37382,36.65098,17877.126,74.1
2011-08-01,75.524,0.86294,0.5283800000000001,0.8001199999999999,67.036,0.6058,0.8306,910.712,5.55414,2.55604,6.72728,7318.55,25.7208,1.04334,24.91202,38.29176,36.45032,17763.736,74
2011-08-08,73.5,0.82666,0.50764,0.80392,63.884,0.5801,0.81582,892.906,5.3102,2.48928,6.45108,7047.302000000001,24.69962,1.0051,23.97428,37.40444,35.17618,17176.898,71.56
2011-08-15,73.398,0.8321000000000001,0.50646,0.79618,63.862,0.57906,0.8195,893.798,5.31518,2.4842,6.48448,7101.56,24.86766,1.00372,24.07608,37.869,35.33858,17310.486,71.5
2011-08-22,73.016,0.8267,0.50364,0.79198,63.653999999999996,0.5746,0.8179,896.436,5.28492,2.45982,6.44574,7069.372,24.709220000000002,0.99886,23.97482,37.92872,35.05414,17215.006,71.04
2011-08-29,74.466,0.84916,0.5210400000000001,0.7959999999999999,65.23,0.58912,0.83068,909.39,5.41922,2.5336,6.6158,7245.314,25.46096,1.02304,24.64144,38.9584,36.02408,17689.492,72.58
2011-09-05,73.568,0.83318,0.5196,0.78778,64.362,0.5933,0.82328,892.396,5.3216399999999995,2.48238,6.493,7123.546,24.96186,1.00752,24.2104,38.48434,35.31744,17349.108,72.02
2011-09-12,73.516,0.82192,0.51984,0.79468,63.3,0.59924,0.8138,896.378,5.2534,2.50866,6.40918,7117.146,24.82448,1.01748,24.19912,39.01816,35.462939999999996,17130.076,71.9
2011-09-19,73.344,0.8097799999999999,0.51918,0.8013,62.01,0.5949,0.81014,927.146,5.17038,2.52794,6.31184,7139.264,24.75716,1.03054,24.222179999999998,39.36416,35.26918,16886.096,71.32
2011-09-26,71.31,0.7771,0.49926,0.79288,59.54,0.57388,0.79994,911.818,4.9695599999999995,2.46056,6.05848,6915.124,24.10836,1.00534,23.65128,38.147400000000005,33.81536,16185.403999999999,69.04
2011-10-03,70.55,0.7624,0.49258,0.7920200000000001,58.568,0.57186,0.79804,904.428,4.86202,2.4346200000000002,5.93526,6771.072,23.74698,0.99654,23.31652,37.52388,33.36888,15883.09,68.32
2011-10-10,71.38199999999999,0.78454,0.50102,0.78366,60.294000000000004,0.575,0.8052400000000001,915.362,4.99584,2.4621,6.10358,6982.146,24.23076,1.0057,23.8469,38.506479999999996,34.02708,16376.44,69.26
2011-10-17,71.744,0.79586,0.50476,0.7768,61.21,0.57758,0.80918,912.9979999999999,5.07628,2.48182,6.18984,7020.012,24.51378,1.01068,24.012999999999998,39.32462,34.42104,16657.888,69.7
2011-10-24,71.805,0.805975,0.50335,0.7676000000000001,61.345,0.5768,0.809225,907.3375,5.1278,2.51715,6.264875,7137.8825,24.7646,1.0151000000000001,24.26265,39.6166,34.62775,16878.3275,69.77499999999999
2011-10-31,71.588,0.8012,0.49982,0.76562,62.238,0.57822,0.80634,895.218,5.09176,2.48756,6.22392,7120.036,24.6275,1.011,24.06574,39.30444,34.298339999999996,16829.98,69.76
2011-11-07,71.094,0.79001999999999994,0.49344,0.76766,61.538000000000004,0.57612,0.8027,883.626,5.01242,2.4696599999999997,6.13958,7061.128,24.25308,1.00786,23.7956,39.230199999999996,34.07644,16596.58,69.28
2011-11-14,70.048,0.7736,0.48776,0.76148,59.63,0.5698799999999999,0.78876,874.628,4.91106,2.4351599999999998,6.02078,6950.456,23.85128,0.99764,23.33802,39.29184,33.55354,16251.098,68.14
2011-11-21,68.59,0.7467199999999999,0.47816,0.7605,57.528,0.55558,0.77648,857.78,4.74908,2.37324,5.8186,6739.306,23.31008,0.97422,22.65798,38.979,32.498000000000005,15686.662,66.5
2011-11-28,69.852,0.7647,0.49034,0.7612,59.47,0.57212,0.78644,875.15,4.87732,2.43016,5.95186,6948.022,23.8004,0.99072,23.17746,39.52726,33.27754,16064.53,67.98
2011-12-05,70.518,0.77832,0.49770000000000003,0.75986,60.532,0.581,0.79028,878.876,4.95262,2.43724,6.04852,7023.8060000000005,23.9708,1.00058,23.48008,40.11546,33.7685,16351.31,68.88
2011-12-12,69.65,0.75976,0.48892,0.7579,59.17,0.5791,0.78302,876.824,4.83746,2.41074,5.91202,6890.432,23.71712,0.9898,22.99504,40.3158,33.36806,15964.598,67.96
2011-12-19,70.226,0.7664,0.4909,0.76334,59.77,0.5876,0.78976,888.74,4.86056,2.4321,5.96466,6944.944,23.966639999999998,0.99642,23.24832,40.34536,33.51246,16103.364,68.64
2011-12-26,70.48333333333333,0.7710666666666667,0.4970333333333333,0.7610333333333333,60.00666666666667,0.5936,0.7874666666666666,891.9933333333333,4.873433333333334,2.4458,5.994633333333333,6996.68,24.35813333333333,1.0007333333333333,23.3988,40.841566666666665,33.8356,16207.626666666667,69.03333333333333
2012-01-02,71.30333333333333,0.7862666666666667,0.5044,0.7607666666666667,60.42666666666667,0.6082666666666667,0.7975,904.2166666666667,4.950866666666666,2.472566666666667,6.106733333333334,7181.676666666666,24.756233333333334,1.0126666666666666,23.819566666666667,41.517833333333336,34.55576666666666,16536.623333333333,70
2012-01-09,71.96600000000001,0.79054,0.51312,0.7689,60.752,0.61982,0.80708,914.648,4.99176,2.4854,6.13924,7227.564,25.067619999999998,1.02126,23.750700000000002,40.90734,34.752359999999996,16625.094,70.78
2012-01-16,72.41199999999999,0.79854,0.51952,0.7705,61.397999999999996,0.62522,0.81146,913.586,5.04128,2.49472,6.19974,7233.16,25.35526,1.02518,23.931820000000002,40.3806,34.76798,16726.704,71.32
2012-01-23,73.092,0.81338,0.5206999999999999,0.7712,62.952,0.62428,0.81984,917.758,5.15194,2.51174,6.31152,7279.974,25.550259999999998,1.02938,24.35974,40.47408,34.9923,16989.94,71.96
2012-01-30,73.76,0.82686,0.52436,0.776,63.132,0.6288,0.82738,928.886,5.22344,2.51386,6.4126,7421.098,25.64538,1.03606,24.49272,40.66324,35.4062,17356.394,72.61999999999999
2012-02-06,74.1,0.83465,0.52695,0.7744,64.2775,0.6307,0.831,933.585,5.2603,2.510725,6.471575,7472.235,25.714675,1.0410249999999999,24.668,41.10755,35.344175,17462.9675,73.1
2012-02-13,74.268,0.83248,0.52882,0.77722,65.09,0.63334,0.83204,936.088,5.24432,2.5298,6.45532,7484.266,25.65522,1.0493999999999999,24.5943,41.06428,35.519239999999996,17351.996,73.3
2012-02-20,74.57000000000001,0.83566,0.52958,0.78044,66.73,0.63044,0.83244,941.026,5.26332,2.52784,6.4798599999999995,7543.122,25.61232,1.04864,24.68864,41.05712,35.67868,17408.7,73.67999999999999
2012-02-27,74.594,0.83764,0.52686,0.7789,67.82,0.62536,0.83232,939.94,5.27594,2.52024,6.49612,7588.8099999999995,25.47568,1.0492,24.70434,41.21224,35.87824,17456.206000000002,73.68
2012-03-05,73.55799999999999,0.8209,0.5196000000000001,0.7717,66.812,0.62244,0.8166,918.886,5.17834,2.47538,6.3709,7485.138,25.17886,1.03134,24.221059999999998,41.09566,35.12542,17105.494,72.78
2012-03-12,73.78,0.8181,0.5218,0.7775,67.89,0.6248400000000001,0.81088,919.746,5.17448,2.48326,6.3482,7491.666,25.08654,1.03128,24.1317,40.93588,35.09838,17043.276,73.08
2012-03-19,73.788,0.81816,0.51604,0.77872,68.172,0.61938,0.81188,922.452,5.16952,2.51154,6.352,7481.296,25.15662,1.03238,24.17206,41.52976,35.19146,17063.422000000002,72.96000000000001
2012-03-26,73.912,0.81948,0.5144799999999999,0.78426,67.828,0.61548,0.81614,931.192,5.1690000000000005,2.51376,6.3638200000000005,7506.3,25.2163,1.03106,24.23184,41.74292,35.22284,17091.49,72.88
2012-04-02,74.0875,0.820225,0.513875,0.7914749999999999,67.70750000000001,0.61835,0.814675,925.7825,5.165825,2.50725,6.368875,7495.675,25.315525,1.0293,24.180925000000002,41.717325,35.038375,17091.205,73.125
2012-04-09,74.315,0.8209500000000001,0.516025,0.7953,66.53,0.6256,0.8209500000000001,935.0425,5.1791,2.5215,6.37445,7518.285,25.343475,1.0330249999999999,24.242,42.22475,35.057425,17097.7125,73.3
2012-04-16,74.034,0.8192200000000001,0.5135,0.79048,66.404,0.62448,0.81506,931.67,5.16548,2.5113,6.35746,7512.232,25.24788,1.02358,24.16428,42.418,34.93618,17064.122,73.06
2012-04-23,73.575,0.8146,0.50445,0.786825,66.22500000000001,0.6175999999999999,0.805125,927.06,5.13755,2.49165,6.3216,7484.55,25.183325,1.0145499999999998,23.9864,42.7521,34.65945,16984.405,72.525
2012-04-30,73.242,0.81288,0.50108,0.78474,65.15,0.6156,0.80138,918.644,5.1281,2.4653199999999997,6.30678,7471.226,25.03498,1.00704,23.7241,43.07364,34.30122,16955.29,72.2
2012-05-07,71.758,0.78852,0.48832,0.78012,62.942,0.60744,0.78766,898.902,4.97494,2.41162,6.12106,7252.102,24.47786,0.9858,23.12278,42.04596,33.455099999999995,16456.36,70.68
2012-05-14,70.792,0.7708,0.48256,0.775,61.644,0.60334,0.7772600000000001,892.722,4.8711,2.38306,5.98722,7114.576,24.15568,0.97302,22.75126,41.75266,33.0759,16072.753999999999,69.7
2012-05-21,69.97,0.75636,0.48022,0.7711399999999999,60.132,0.59684,0.77338,886.604,4.78902,2.3717800000000002,5.873,6994.842,23.77992,0.9638,22.34452,41.93478,32.8611,15772.526,68.76
2012-05-28,70.37,0.7573,0.48628,0.77388,60.01,0.6076,0.77792,893.538,4.81092,2.39156,5.8794,7094.148,24.0443,0.97066,22.49224,42.18616,32.92776,15800.09,69.22
2012-06-04,70.83,0.7632,0.494225,0.776725,60.33,0.6094,0.7885,896.205,4.85755,2.429675,5.92115,7149.955,24.062675,0.977625,22.8234,42.204750000000004,33.0118,16016.81,69.575
2012-06-11,71.76599999999999,0.77634,0.49976000000000004,0.77988,61.68,0.61786,0.79652,907.624,4.94506,2.46882,6.02332,7303.83,24.50412,0.9941,23.24596,43.19072,33.09864,16268.654,70.56
2012-06-18,72.872,0.79384,0.5061,0.7837000000000001,63.012,0.62778,0.81124,918.1179999999999,5.0491,2.50958,6.15948,7467.156,25.029980000000002,1.00784,23.716739999999998,44.65204,33.61718,16620.428,71.7
2012-06-25,72.822,0.78904,0.5065999999999999,0.78552,62.922,0.63176,0.81066,914.188,5.0190399999999995,2.51974,6.12248,7449.914,25.10968,1.00918,23.62954,44.6836,33.42936,16487.36,71.7
2012-07-02,73.418,0.80298,0.51366,0.7824,64.084,0.63988,0.81498,913.784,5.10028,2.53788,6.22768,7536.248,25.323339999999998,1.01644,23.96828,44.08814,33.52994,16772.642,72.54
2012-07-09,73.07000000000001,0.79462,0.5129,0.77928,63.188,0.64818,0.8105600000000001,908.946,5.06064,2.52878,6.16222,7491.374,25.21762,1.00804,23.80742,44.14266,33.34418,16585.114,72.3
2012-07-16,73.112,0.79894,0.51064,0.7747200000000001,63.056,0.65108,0.80856,914.066,5.09286,2.53128,6.1968,7547.05,25.25716,1.0066599999999999,23.93444,44.087559999999996,33.37706,16657.68,72.34
2012-07-23,72.56,0.79172,0.5088,0.76822,61.962,0.65178,0.8043,908.604,5.054,2.50794,6.14176,7495.142,25.07928,0.99578,23.814,44.15858,33.29344,16526.906,71.82
2012-07-30,73.61,0.80916,0.51766,0.77228,63.36,0.66028,0.81262,916.968,5.15566,2.5371799999999998,6.27518,7650.1,25.53494,1.00904,24.2682,45.00086,33.82654,16883.724,72.96000000000001
2012-08-06,73.912,0.81552,0.5218200000000001,0.77206,64.028,0.6594,0.81306,921.5260000000001,5.19224,2.5357,6.32454,7721.9039999999995,25.67134,1.01374,24.41752,45.07242,34.1039,17009.908,73.26
2012-08-13,73.47,0.8089999999999999,0.51566,0.76944,63.704,0.65688,0.80126,915.01,5.14662,2.5244,6.2754,7674.698,25.46126,1.00932,24.25214,44.95472,34.09068,16886.07,72.84
2012-08-20,73.646,0.81062,0.5135799999999999,0.77522,64.09,0.651,0.80272,919.274,5.15198,2.5307399999999998,6.28758,7694.26,25.44174,1.01342,24.29268,44.92034,34.2643,16907.324,72.86
2012-08-27,73.23400000000001,0.80472,0.50904,0.7770400000000001,63.314,0.64246,0.79694,913.4399999999999,5.11252,2.5072200000000002,6.24146,7668.332,25.1842,1.00804,24.10324,44.77888,34.01616,16787.308,72.34
2012-09-03,72.712,0.7979,0.50212,0.77892,62.612,0.63386,0.78716,904.798,5.06308,2.48548,6.18876,7624.268,24.9011,0.99452,23.8124,44.37604,33.365919999999996,16638.176,71.78
2012-09-10,73.806,0.81794,0.50914,0.7843,63.742,0.63604,0.79718,923.21,5.18108,2.52832,6.34298,7831.594,25.39982,1.0070000000000001,24.23828,45.07582,33.99126,17060.414,72.76
2012-09-17,74.378,0.82846,0.51034,0.7909,65.022,0.6343,0.80716,925.742,5.22984,2.5293200000000002,6.4223,7876.504,25.53254,1.01382,24.30812,44.6438,34.52602,17284.58,73.36
2012-09-24,74.274,0.82524,0.50904,0.7927,64.218,0.63878,0.80908,923.388,5.2031,2.53298,6.39854,7896.186,25.510379999999998,1.01318,24.22176,43.93046,34.47374,17225.048,73.3
2012-10-01,74.422,0.82476,0.51108,0.8016,64.52,0.6386,0.81132,918.034,5.18314,2.52032,6.39534,7903.68,25.3349,1.01432,24.17304,43.0051,34.2819,17226.136,73.52
2012-10-08,73.974,0.81768,0.50966,0.8008799999999999,64.07,0.63244,0.80042,909.46,5.13818,2.5075000000000003,6.33872,7841.666,25.070059999999998,1.0057,23.9511,43.12942,33.9411,17059.044,73.06
2012-10-15,73.706,0.81816,0.50846,0.79372,64.54,0.6277,0.8035,906.176,5.12272,2.49382,6.3417,7840.534,25.08474,0.9979399999999999,23.89388,43.54572,33.80552,17056.998,72.82000000000001
2012-10-22,73.72,0.81725,0.50985,0.791675,65.38,0.62915,0.8118,901.065,5.106225,2.494125,6.333975,7850.62,25.118000000000002,0.998775,23.921950000000002,43.84015,33.781774999999996,17038.635000000002,72.95
2012-10-29,74.066,0.82238,0.51112,0.7933,65.628,0.6356,0.82174,899.326,5.13344,2.50732,6.37352,7900.586,25.26164,1.00378,24.045939999999998,44.2977,33.84592,17145.597999999998,73.36
2012-11-05,74.156,0.82226,0.5141600000000001,0.79152,65.87400000000001,0.6429,0.81914,896.1419999999999,5.13404,2.5145,6.3731,7908.094,25.29452,1.0062600000000002,24.00008,44.761,33.78922,17140.858,73.62
2012-11-12,73.408,0.81362,0.51266,0.7829,65.05,0.63928,0.8147800000000001,885.694,5.07014,2.49186,6.30608,7829.472,24.9555,0.99524,23.6155,44.70658,33.50226,16961.93,72.94
2012-11-19,73.738,0.81608,0.51254,0.78632,66.82600000000001,0.63694,0.81412,886.28,5.0861,2.49978,6.32548,7859.304,25.06242,0.9997,23.77588,45.00958,33.55354,17021.582,73.34
2012-11-26,74.052,0.8228,0.51336,0.78668,67.586,0.63454,0.81694,893.0360000000001,5.12298,2.51102,6.37666,7900.946,25.254479999999997,1.00544,23.94868,45.38318,33.63196,17159.904,73.56
2012-12-03,74.22,0.82534,0.51358,0.78962,67.912,0.6332,0.8196,893.984,5.139,2.51112,6.3962200000000005,7923.058,25.318,1.00638,23.984659999999998,44.98428,33.77062,17205.224,73.72
2012-12-10,75.336,0.83846,0.5209,0.79734,69.474,0.64514,0.82652,902.662,5.23032,2.5619,6.49812,8074.794,25.68458,1.0238,24.381619999999998,45.56636,34.38136,17476.178,74.92
2012-12-17,75.416,0.84018,0.51764,0.7987000000000001,70.74,0.63592,0.82858,901.972,5.23784,2.5674,6.5114,8103.47,25.71178,1.02392,24.406119999999998,46.11082,34.49638,17518.346,74.9
2012-12-24,74.11666666666666,0.8214,0.5091333333333333,0.7909666666666666,70.11,0.6217333333333334,0.8167,882.1433333333333,5.119933333333333,2.5157,6.366433333333333,7934.283333333334,25.167233333333336,1.0042666666666666,23.860533333333333,45.080333333333336,33.76573333333333,17119.42,73.6
2012-12-31,74.57666666666667,0.8272333333333334,0.5113666666666666,0.7919666666666667,71.81333333333333,0.6292,0.8186333333333333,880.7933333333333,5.154233333333333,2.5171666666666668,6.411733333333333,7980.780000000001,25.189633333333333,1.0120333333333333,23.997466666666668,45.341433333333335,33.820033333333335,17239.886666666665,74.33333333333333
2013-01-07,75.478,0.8378,0.52084,0.79632,73.672,0.63852,0.8261000000000001,889.552,5.21678,2.5469,6.49412,8096.472,25.4795,1.0279,24.30406,45.960499999999996,34.14786,17461.234,75.34
2013-01-14,75.43,0.83968,0.523,0.79516,74.874,0.62938,0.82692,887.882,5.2194,2.53266,6.50896,8098.524,25.22438,1.02838,24.31812,45.6588,34.10158,17501.078,75.28
2013-01-21,75.536,0.83882,0.52988,0.79744,75.08,0.62934,0.83524,892.966,5.21608,2.5453200000000002,6.50334,8072.612,24.95102,1.0299,24.33192,45.07454,34.09384,17483.95,75.42
2013-01-28,75.67,0.8367,0.53044,0.8024,76.2,0.61942,0.83882,907.982,5.20522,2.56988,6.48964,8098.124,24.99456,1.03436,24.64516,44.74468,34.085,17435.354,75.3
2013-02-04,76.3575,0.8409,0.535375,0.8114,78.2825,0.621775,0.8384,918.065,5.2395,2.6046750000000003,6.52055,8153.7625,25.039925,1.042025,24.888025,44.805675,34.196575,17518.3,76
2013-02-11,76.656,0.84196,0.5387,0.8157800000000001,78.55799999999999,0.62796,0.84378,918.934,5.2472,2.60588,6.52916,8122.924,25.09306,1.0421799999999999,25.00834,45.44814,34.23776,17549.612,76.42
2013-02-18,76.816,0.84126,0.5471,0.81764,78.76,0.63194,0.8521000000000001,910.428,5.24908,2.6085,6.52378,8150.084,25.11692,1.04226,24.91034,45.63358,34.23816,17554.476,76.66
2013-02-25,75.92399999999999,0.82914,0.54772,0.8094,76.804,0.63268,0.85036,900.71,5.16498,2.56962,6.43122,8037.996,24.72932,1.02692,24.58184,44.97742,33.74766,17344.26,75.9
2013-03-04,75.986,0.82786,0.5496,0.80916,77.70400000000001,0.63506,0.85148,899.808,5.1502,2.5689,6.42016,8023.086,24.665680000000002,1.03094,24.55192,45.2873,33.72036,17347.446,76.1
2013-03-11,75.566,0.82276,0.55038,0.79884,79.08200000000001,0.63252,0.8442,902.484,5.11396,2.55818,6.38254,7975.298,24.41514,1.02712,24.42992,44.60546,33.40944,17230.86,75.86
2013-03-18,75.762,0.8266600000000001,0.5469,0.7958000000000001,78.726,0.64012,0.84686,920.994,5.13686,2.58222,6.41632,8032.664,24.24314,1.0333,24.60402,44.92088,33.67712,17313.102,76.06
2013-03-25,76.455,0.8365,0.55135,0.799975,78.9875,0.650225,0.85275,930.6775,5.1960999999999995,2.5946,6.4925999999999995,8141.8375,24.501975,1.040375,24.9715,45.481625,34.202875,17517.0875,76.825
2013-04-01,76.8425,0.840775,0.554075,0.80525,79.03999999999999,0.653675,0.85305,940.6800000000001,5.214575,2.59475,6.5263,8190.7,24.678775,1.042075,25.12915,45.95915,34.511425,17596.63,77.2
2013-04-08,77.988,0.85226,0.55602,0.81374,84.712,0.65286,0.86498,969.014,5.28354,2.5940600000000003,6.61622,8285.488,24.81244,1.05654,25.5504,46.41908,35.0699,17793.906,78.46
2013-04-15,77.578,0.84776,0.5538,0.8176,83.012,0.64786,0.86646,949.444,5.2409,2.57466,6.58082,8234.888,24.51712,1.04814,25.33652,45.89286,34.9532,17718.676,78.04
2013-04-22,77.5825,0.844425,0.55205,0.8216,84.0275,0.647925,0.865175,943.7950000000001,5.216525,2.57085,6.556375,8206.372500000001,24.341324999999998,1.046425,25.14415,45.844025,34.878875,17651.5175,78.125
2013-04-29,77.98,0.8527399999999999,0.5493399999999999,0.8271999999999999,83.32,0.65044,0.86184,941.406,5.2554,2.59294,6.61782,8292.668,24.99888,1.0521399999999999,25.1721,45.9078,35.00566,17803.662,78.44
2013-05-06,77.736,0.84746,0.54622,0.83056,84.212,0.64732,0.85248,925.63,5.21154,2.53086,6.57606,8248.162,25.037959999999998,1.0435,24.96818,46.0082,34.65502,17743.69,78.38
2013-05-13,76.55,0.8232,0.53894,0.83028,84.04,0.63668,0.83556,915.7239999999999,5.0587,2.46718,6.38942,8019.39,24.46646,1.02442,24.59918,45.12858,33.92974,17244.998,77.24
2013-05-20,76.008,0.81164,0.53586,0.8325,83.238,0.63006,0.83564,907.476,4.98024,2.45278,6.30006,7923.808,24.22584,1.0231000000000001,24.27958,45.07252,33.61096,17027.39,76.62
2013-05-27,75.968,0.80858,0.53462,0.83966,81.974,0.62492,0.8363999999999999,912.148,4.95356,2.46718,6.27742,7918.146,24.28172,1.02212,24.2131,45.43416,34.06692,16984.126,76.34
2013-06-03,75.0575,0.80185,0.520425,0.8333,79.42750000000001,0.611125,0.8267,898.3825,4.91615,2.4777,6.22355,7856.365,24.445625,1.0025,23.924575,45.572525,33.7325,16850.002500000002,75.075
2013-06-10,74.41,0.79352,0.50778,0.83676,76.9,0.5968,0.80888,894.668,4.86712,2.48116,6.1610000000000005,7806.376,24.45362,0.9949600000000001,23.69754,45.99622,34.1085,16679.928,73.96000000000001
2013-06-17,74.528,0.79334,0.50812,0.84258,75.856,0.5954,0.81278,899.1560000000001,4.8613800000000005,2.4991600000000003,6.15512,7853.732,24.4325,1.0010999999999999,23.74176,46.726,34.39586,16687.478000000003,73.86
2013-06-24,73.84,0.77668,0.50552,0.83832,76.182,0.5942000000000001,0.81464,897.258,4.77176,2.48346,6.02508,7708.79,24.15812,0.98812,23.37962,46.58788,33.70852,16361.096,73.3
2013-07-01,74.332,0.7780199999999999,0.51272,0.85044,77.824,0.59878,0.81852,886.024,4.77066,2.46818,6.03318,7728.312,24.14366,0.9884999999999999,23.35012,46.59792,33.73034,16502.728,74.02
2013-07-08,74.862,0.78256,0.5216,0.85466,78.446,0.60468,0.82068,890.934,4.79922,2.49362,6.06944,7792.534000000001,24.445500000000003,0.99558,23.49682,47.0145,33.998039999999996,16612.484,74.6
2013-07-15,74.888,0.7855800000000001,0.51842,0.85738,78.348,0.59972,0.81698,880.384,4.82124,2.50456,6.09454,7879.39,24.40156,0.99154,23.4629,46.74532,34.06328,16678.166,74.52
2013-07-22,75.886,0.79866,0.52056,0.86562,79.708,0.6047399999999999,0.8239,892.808,4.90148,2.54562,6.19572,8125.882,24.74884,1.0097,23.89416,47.39776,34.54878,16948.11,75.44
2013-07-29,76.226,0.799,0.52378,0.8797200000000001,78.512,0.60244,0.82258,893.166,4.89858,2.58174,6.19712,8208.786,24.96516,1.01492,23.932840000000002,48.39852,34.73884,16919.07,75.5
2013-08-05,75.438,0.7894,0.51248,0.87898,77.04,0.59296,0.8189,881.004,4.83346,2.56454,6.12274,8118.902,24.723499999999998,0.99974,23.6404,48.035379999999996,34.36558,16656.256,74.62
2013-08-12,76.302,0.8023,0.51724,0.87832,78.144,0.60326,0.8277,895.602,4.90972,2.61774,6.2220200000000006,8265.25,25.07072,1.01542,24.02778,49.23458,35.08394,16926.314,75.5
2013-08-19,76.082,0.7971400000000001,0.50992,0.87808,77.978,0.59672,0.8299799999999999,891.6460000000001,4.87934,2.62284,6.18128,8472.13,25.22898,1.01834,23.86934,50.71418,35.04466,16834.486,75.02
2013-08-26,74.872,0.7802,0.50188,0.86912,76.524,0.58468,0.8194199999999999,869.438,4.77538,2.58752,6.05074,8493.178,25.0191,0.99802,23.37022,51.75248,34.7207,16511.532,73.67999999999999
2013-09-02,75.132,0.78342,0.5033,0.86516,77.96000000000001,0.59454,0.8246,861.638,4.7943,2.5747,6.07536,8651.376,25.2074,0.9998199999999999,23.34194,52.01032,34.77102,16573.394,74.26
2013-09-09,76.664,0.80638,0.51244,0.87038,80.55799999999999,0.60812,0.83506,876.548,4.93456,2.65042,6.2531,9074.952,25.82102,1.02326,23.93432,51.47076,35.27398,17029.882,75.9
2013-09-16,78.026,0.82726,0.51766,0.88124,81.872,0.61638,0.8508,894.058,5.06322,2.6812,6.41446,9429.284,26.07132,1.03848,24.52772,51.88042,35.86026,17476.67,77.2
2013-09-23,78.178,0.83018,0.5178,0.88444,82.07,0.61488,0.85534,892.932,5.08126,2.6599399999999997,6.43674,9498.472,25.91598,1.04052,24.54412,51.87382,35.97956,17529.194,77.34
2013-09-30,78.006,0.82898,0.51226,0.88548,81.038,0.61188,0.85594,890.266,5.07426,2.6759399999999998,6.42836,9563.41,25.91018,1.038,24.4571,51.50842,35.88342,17508.264,77.03999999999999
2013-10-07,77.866,0.8297599999999999,0.51776,0.87924,80.748,0.6122,0.8592,890.412,5.07812,2.64772,6.43412,9556.716,26.02198,1.03612,24.38606,51.1133,35.7888,17517.272,76.96000000000001
2013-10-14,78.518,0.83926,0.52424,0.8810600000000001,82.59400000000001,0.6186200000000001,0.8682,895.942,5.12422,2.66268,6.5078,9532.444,26.20642,1.04358,24.64762,51.61392,36.17958,17718.056,77.8
2013-10-21,78.456,0.8445,0.52188,0.87468,82.586,0.6145,0.87312,895.4499999999999,5.14246,2.6728199999999998,6.54732,9521.904,26.26694,1.04582,24.81938,51.98596,36.41456,17820.022,77.66
2013-10-28,77.27000000000001,0.82735,0.514975,0.8710249999999999,81.2375,0.603325,0.865175,878.0150000000001,5.0393,2.603425,6.41465,9225.7175,25.71995,1.0258,24.328875,50.894425,35.7492,17456.8225,76.475
2013-11-04,77.994,0.83228,0.5193800000000001,0.87688,82.008,0.61728,0.86826,883.698,5.0732,2.64346,6.45158,9461.726,26.02946,1.03474,24.48696,51.71494,36.00308,17560.478,77.32000000000001
2013-11-11,77.94,0.82592,0.5161,0.88398,82.148,0.615,0.86502,883.38,5.0312,2.64336,6.40304,9532.88,26.06926,1.03072,24.41114,52.25864,36.04712,17426.496,77.22
2013-11-18,78.31,0.8306,0.51496,0.88836,83.316,0.61564,0.86888,879.136,5.06036,2.65042,6.43898,9670.039999999999,26.30368,1.03538,24.51152,52.00054,36.2839,17526.49,77.62
2013-11-25,77.678,0.81748,0.5031599999999999,0.89552,83.178,0.60268,0.86294,867.26,4.98064,2.63476,6.33754,9663.47,26.18094,1.02382,24.20802,50.9858,35.7554,17256.286,76.8
2013-12-02,78.046,0.8203199999999999,0.50122,0.90224,84.008,0.6034,0.87346,869.26,4.9975,2.6426,6.35966,9772.887999999999,26.38826,1.02888,24.27642,50.85042,35.96622,17328.038,77.12
2013-12-09,78.672,0.82788,0.50508,0.91252,85.24,0.60204,0.87934,871.832,5.02814,2.665,6.4191400000000005,9923.64,26.59084,1.03568,24.4889,50.9058,36.57576,17479.2,77.68
2013-12-16,78.882,0.82442,0.5052,0.92582,85.316,0.60088,0.87676,868.734,5.00518,2.68014,6.3915,10011.43,26.54324,1.03792,24.465880000000002,51.11374,36.52176,17403.032,77.82000000000001
2013-12-23,78.51,0.8191333333333333,0.5005,0.9181333333333334,85.45,0.5985666666666667,0.8712,868.6866666666667,4.973733333333334,2.6966,6.351866666666667,9995.14,26.7959,1.0384,24.531633333333332,50.691833333333335,36.357866666666666,17284.326666666668,77.43333333333334
2013-12-30,78.46666666666667,0.8183666666666667,0.49673333333333336,0.9204,85.97,0.5956,0.8734666666666666,862.2733333333333,4.9595666666666665,2.6924333333333332,6.3459,9992.963333333333,26.907933333333332,1.0376666666666667,24.502133333333333,50.71686666666667,36.4187,17264.806666666667,77.33333333333334
2014-01-06,79.366,0.82748,0.5037200000000001,0.92676,86.616,0.60822,0.88908,880.26,5.00792,2.7149,6.41628,10097.558,27.33934,1.0509600000000001,24.86372,51.43178,36.95938,17455.844,78.32000000000001
2014-01-13,79.91,0.83466,0.50876,0.93252,86.842,0.6115,0.91126,885.592,5.04764,2.7337599999999997,6.47212,10093.362,27.44628,1.05878,25.0758,51.3604,37.52912,17604.394,78.86
2014-01-20,79.976,0.83036,0.5030399999999999,0.9432200000000001,86.44,0.61148,0.9145,885.47,5.02464,2.75536,6.44112,10070.664,27.2967,1.06054,25.06136,51.47428,37.64116,17511.042,78.82
2014-01-27,79.3,0.8225,0.49732,0.93952,84.322,0.60268,0.91514,887.31,4.97816,2.7469,6.38636,10030.522,27.08494,1.0498399999999999,24.936880000000002,51.55178,37.2733,17320.798,77.86
2014-02-03,78.6425,0.81715,0.49987499999999996,0.9233750000000001,83.1325,0.6039749999999999,0.906625,884.35,4.9525749999999995,2.7253249999999998,6.3437,9976.855,26.859949999999998,1.039625,24.774125,51.069975,36.983875,17228.2425,77.3
2014-02-10,79.46,0.83054,0.5033,0.92418,85.068,0.60914,0.91504,888.238,5.0345,2.76462,6.44234,10055.782,27.14608,1.0528,25.17514,51.667159999999996,37.25596,17527.706,78.18
2014-02-17,79.354,0.83242,0.49851999999999996,0.92224,85.006,0.6065,0.91684,886.888,5.054,2.74836,6.4553,9827.472,27.00092,1.04998,25.21248,51.71584,37.1214,17565.308,78.04
2014-02-24,79.574,0.83262,0.49968,0.9257,85.23400000000001,0.60676,0.92448,892.09,5.09014,2.7331600000000003,6.46064,9718.49,27.10698,1.05322,25.25988,51.59344,37.1648,17569.522,78.17999999999999
2014-03-03,80.318,0.84026,0.50304,0.93662,85.838,0.61028,0.92874,898.188,5.15602,2.75074,6.52126,9721.618,27.211100000000002,1.06574,25.45724,51.74192,37.51578,17729.694,78.84
2014-03-10,81.044,0.84944,0.51036,0.94216,87.31,0.6121800000000001,0.9428,906.794,5.21314,2.78274,6.59406,9685.242,27.49094,1.07688,25.7394,51.88176,37.895379999999996,17922.974000000002,79.56
2014-03-17,81.64,0.85576,0.516,0.9442,87.18599999999999,0.6168,0.95462,917.05,5.2957600000000005,2.80776,6.6456800000000005,9708.894,27.57968,1.086,26.06262,52.27064,38.453359999999996,18052.696,79.98
2014-03-24,81.806,0.85838,0.51902,0.9358,87.736,0.62214,0.9567,924.3439999999999,5.32954,2.83248,6.659,9794.954,27.889960000000002,1.08934,26.22026,51.76554,38.609320000000004,18111.418,80.16
2014-03-31,81.89,0.8617,0.51804,0.93174,89.188,0.62618,0.95142,914.936,5.35138,2.81804,6.68372,9762.796,27.94678,1.08606,26.1736,51.73206,38.68798,18176.73,80.5
2014-04-07,81.812,0.86532,0.51806,0.9265,88.578,0.62726,0.94658,907.49,5.3709,2.81084,6.71012,9787.612000000001,27.98632,1.08466,26.06734,52.023340000000005,38.56444,18254.104,80.46
2014-04-14,81.69,0.8656,0.51685,0.922575,88.16,0.6261,0.950575,899.1775,5.382625,2.807,6.711675,9893.42,27.932375,1.08315,26.0944,52.186125,38.477675,18261.515,80.3
2014-04-21,81.40333333333334,0.8597666666666667,0.5118,0.9217,88.2,0.6227333333333334,0.9479,893.1233333333333,5.359766666666666,2.8034666666666666,6.6658333333333335,9914.806666666667,27.767966666666666,1.0786,26.028033333333333,52.43536666666667,38.4074,18145.396666666667,79.96666666666667
2014-04-28,81.384,0.85848,0.50982,0.92614,87.888,0.61992,0.94334,888.252,5.37102,2.8013,6.65556,9926.574,27.7259,1.07728,25.94516,51.82806,38.2014,18099.778000000002,79.84
2014-05-05,81.89,0.8669399999999999,0.51234,0.93016,88.338,0.62434,0.94598,890.452,5.40844,2.81874,6.72058,10003.47,28.08326,1.08308,26.10466,52.035759999999996,38.26224,18292.222,80.4
2014-05-12,81.56,0.86374,0.51342,0.92254,88.04,0.62906,0.94088,885.172,5.38158,2.78978,6.69528,9929.364,28.1214,1.08028,26.06764,51.31346,37.74248,18239.856,80.28
2014-05-19,81.316,0.85956,0.5102,0.9262,87.244,0.6279,0.93608,880.784,5.35966,2.76648,6.66356,9860.064,27.96674,1.0757,25.92086,50.27726,37.52546,18174.757999999998,80.06
2014-05-26,80.884,0.8531,0.5082800000000001,0.92152,86.91,0.62634,0.92638,872.924,5.32612,2.74378,6.6140799999999995,9900.516,27.85206,1.07012,25.67234,50.30082,37.39642,18047.326,79.66
2014-06-02,80.1775,0.8449,0.504175,0.910625,86.615,0.6203,0.9226,864.29,5.28245,2.7299249999999997,6.550225,9990,27.6207,1.0612,25.39665,50.0696,36.947675,17912.1175,78.95
2014-06-09,80.932,0.85634,0.50922,0.91342,87.528,0.63086,0.93274,871.274,5.33678,2.7466,6.6379399999999995,10108.362,27.80002,1.07036,25.69528,50.82572,37.48032,18169.293999999998,79.84
2014-06-16,82.056,0.86866,0.51134,0.92546,88.58200000000001,0.64016,0.94192,886.476,5.40714,2.79902,6.73306,10326.492,28.16254,1.0864,26.0731,52.30732,38.1396,18463.002,80.89999999999999
2014-06-23,82.32,0.87208,0.5127200000000001,0.92792,88.852,0.64084,0.93564,888.7860000000001,5.43118,2.80738,6.75986,10489.938,28.30126,1.08948,26.14252,52.43922,38.22444,18602.558,81.1
2014-06-30,82.474,0.87638,0.51194,0.92994,89.092,0.64178,0.93378,886.1800000000001,5.44138,2.80946,6.79256,10435.056,28.40136,1.09306,26.19314,52.45562,38.20628,18678.962,81.34
2014-07-07,82.672,0.87822,0.5124,0.93538,89.294,0.64524,0.93642,888.506,5.447,2.79286,6.80634,10257.32,28.38254,1.09242,26.267300000000002,52.65172,38.14408,18650.884,81.62
2014-07-14,82.45,0.87456,0.51102,0.93336,88.758,0.6446,0.9393199999999999,896.684,5.42664,2.78316,6.77804,10208.228,28.11402,1.08664,26.21942,52.62048,38.12698,18540.422,81.38000000000001
2014-07-21,81.474,0.86484,0.50728,0.9198,87.786,0.64114,0.92868,888.1560000000001,5.36444,2.74562,6.7034,10008.242,27.58088,1.07208,25.92622,51.98656,37.450920000000004,18358.368,80.54
2014-07-28,80.45,0.85204,0.50298,0.9099,87.14,0.6353,0.92474,874.21,5.2665,2.70962,6.60344,9865,27.19942,1.05954,25.55996,51.47196,37.07116,18083.539999999997,79.64
2014-08-04,80.35,0.84828,0.5035000000000001,0.91092,86.85000000000001,0.63342,0.92694,877.168,5.23452,2.71592,6.5743,9976.3,27.308220000000002,1.059,25.46066,51.92012,37.16838,18002.006,79.46
2014-08-11,80.166,0.84624,0.50526,0.91132,86.578,0.6326,0.9248,870.85,5.20828,2.70322,6.55924,9901.124,27.1006,1.05738,25.38914,51.66408,37.10744,17945.364,79.36
2014-08-18,79.796,0.84286,0.5063,0.90568,86.89,0.6326999999999999,0.92086,860.228,5.17888,2.66422,6.53242,9849.686,26.90546,1.05146,25.26724,51.16426,36.88578,17866.311999999998,79.22
2014-08-25,79.188,0.8352,0.50422,0.89638,86.85,0.6334,0.91262,849.24,5.13548,2.63572,6.473,9770.816,26.68016,1.04358,24.99848,50.51726,36.56484,17706.434,78.8
2014-09-01,79.126,0.83356,0.50548,0.89366,87.32600000000001,0.63642,0.9075799999999999,847.678,5.1202000000000005,2.64074,6.46022,9783.438,26.69988,1.0434400000000001,24.92258,50.44404,36.34606,17670.008,78.88
2014-09-08,78.85,0.82474,0.50984,0.89416,87.628,0.63806,0.90424,850.1,5.05998,2.6296,6.39186,9713.622000000001,26.4723,1.03942,24.71432,49.99918,36.10014,17483.224,78.8
2014-09-15,78.584,0.81522,0.50052,0.90466,87.868,0.63084,0.89816,846.014,5.00584,2.6246,6.31872,9725.734,26.30376,1.03106,24.57112,49.6431,36.1094,17282.66,78.42
2014-09-22,78.276,0.8071,0.49372,0.90998,87.882,0.62986,0.8915,840.826,4.95426,2.61726,6.25656,9660.642,26.02604,1.02344,24.4103,49.254,35.98552,17122.798,78.18
2014-09-29,76.434,0.78248,0.4828,0.89436,85.44,0.61824,0.8738,825.804,4.80312,2.55718,6.07504,9492.284,25.35796,0.99668,23.80818,48.1856,35.15418,16611.594,76.34
2014-10-06,76.52,0.78344,0.48712,0.89346,85.032,0.6193,0.87514,836.538,4.80804,2.55192,6.07696,9560.546,25.50476,0.99936,23.835539999999998,48.0718,35.093,16655.12,76.36
2014-10-13,76.94800000000001,0.78868,0.49208,0.90226,84.202,0.61956,0.88672,840.336,4.83146,2.57804,6.11826,9640.43,25.58358,1.00438,23.9765,48.41024,35.36336,16741.916,76.64
2014-10-20,77.086,0.79116,0.49176,0.90216,84.89999999999999,0.62238,0.89042,836.898,4.8427,2.5862,6.137,9527.488,25.58016,1.00712,24.03866,48.43626,35.44506,16815.464,76.88
2014-10-27,76.63,0.786775,0.48975,0.891925,85.395,0.6209250000000001,0.88105,827.785,4.810225,2.57875,6.102399999999999,9537.86,25.556024999999998,1.003525,23.9164,48.233625,35.23475,16737.6825,76.55000000000001
2014-11-03,76.34400000000001,0.77474,0.48575999999999997,0.89424,88.37400000000001,0.62076,0.881,839.204,4.73698,2.57458,6.0065,9387.332,25.34702,1.00056,23.64708,47.59168,34.86622,16490.536,76.58
2014-11-10,77.202,0.78202,0.49414,0.90112,90.144,0.62792,0.88726,854.77,4.78862,2.6109999999999998,6.06404,9530.306,25.66362,1.00926,23.92304,48.09216,35.09378,16650.822,77.48
2014-11-17,78.142,0.79014,0.50442,0.9095,92.616,0.631,0.89314,873.674,4.83842,2.6505,6.12746,9622.34,25.92384,1.02678,24.333479999999998,48.85198,35.56304,16870.63,78.42
2014-11-24,78.026,0.7858,0.49992,0.9156799999999999,92.664,0.63108,0.8858,870.764,4.8218,2.63366,6.09374,9558.332,25.75804,1.02138,24.288059999999998,48.58494,35.30868,16800.188,78.36
2014-12-01,78.07,0.78084,0.4981,0.92478,93.06400000000001,0.62984,0.8887,869.322,4.80188,2.67438,6.05438,9581.566,25.65248,1.02206,24.26156,48.35006,34.953360000000004,16684.398,78.36
2014-12-08,77.804,0.77338,0.4936,0.93226,92.602,0.6254,0.88724,857.33,4.77576,2.69386,5.99486,9537.468,25.44956,1.01804,24.11614,47.98102,34.47522,16514.602,78.02
2014-12-15,78.24000000000001,0.77576,0.495,0.94664,91.596,0.62526,0.90164,850.31,4.80624,2.7041,6.01528,9783.18,25.53432,1.01672,24.30118,49.00712,34.66998,16590.362,78.2
2014-12-22,78.41333333333333,0.7726666666666667,0.496,0.9507333333333333,92.78,0.6329,0.8976,851.7,4.807766666666667,2.693833333333333,5.9921,9626.286666666667,25.414966666666665,1.0197,24.428333333333335,48.91246666666667,34.5285,16520.54,78.46666666666667
2014-12-29,79.05666666666667,0.7791,0.5011,0.9561999999999999,93.63666666666667,0.6404333333333333,0.9056,856.3466666666667,4.8401,2.7231,6.0447,9703.153333333334,25.642733333333332,1.0308,24.716866666666668,49.50313333333333,34.84016666666667,16655.223333333335,79.13333333333334
2015-01-05,79.124,0.77456,0.51024,0.95778,92.556,0.65274,0.9145,853.616,4.81256,2.75028,6.00674,9798.144,25.48534,1.03404,24.749760000000002,48.97482,34.845060000000004,16581.25,79.16
2015-01-12,79.154,0.77806,0.51242,0.95122,91.518,0.66086,0.92896,841.126,4.82274,2.7823,6.03244,9807.108,25.53234,1.03682,24.76414,48.32762,34.81682,16610.416,79.22
2015-01-19,78.184,0.76546,0.50664,0.94008,90.372,0.66342,0.92982,828.742,4.75502,2.74938,5.93366,9608.664,24.95936,1.02136,24.12044,47.20328,34.04004,16348.928,78.22
2015-01-26,76.262,0.73806,0.48888,0.93696,87.08,0.65466,0.9221199999999999,800.414,4.60842,2.66702,5.72154,9227.815999999999,24.05688,0.99402,23.08326,45.3878,32.53622,15744.972,76.34
2015-02-02,75.82,0.731575,0.48407500000000003,0.941075,85.86,0.643525,0.9191,801.605,4.5748,2.6425,5.6713249999999995,9260.065,23.878774999999997,0.987825,23.090025,45.205825000000004,32.272825,15584.11,75.9
2015-02-09,76.692,0.7391,0.48414,0.95264,88.19,0.65184,0.92734,813.396,4.61464,2.64394,5.7305,9378.31,24.1144,1.00228,23.30196,45.96852,32.78218,15722.332,76.74
2015-02-16,77.882,0.75172,0.48828,0.96444,89.298,0.66022,0.9356,831.45,4.69876,2.70396,5.83188,9621.262,24.48732,1.0193,23.735120000000002,46.69046,33.23784,16033.762,77.92
2015-02-23,77.972,0.7526200000000001,0.48722,0.96092,89.568,0.66454,0.94146,831.894,4.70882,2.722,5.8379200000000004,9672.438,24.4624,1.02166,23.79014,46.69084,33.22422,16065.016,78.02
2015-03-02,78.438,0.75388,0.49174,0.96678,90.386,0.67728,0.94156,830.128,4.72724,2.7386,5.84666,9775.42,24.41186,1.02974,23.6936,46.75656,33.26522,16097.021999999999,78.48
2015-03-09,77.242,0.73348,0.48878,0.95658,88.898,0.6852,0.9293,823.132,4.5934,2.70222,5.69418,9608.068,24.00668,1.0149,23.1982,45.9278,32.49572,15664.508,77.28
2015-03-16,77.856,0.73816,0.49868,0.96402,89.34,0.69456,0.9398,831.318,4.60534,2.73154,5.7294,9715.562,24.24594,1.02376,23.27804,46.30816,32.94366,15846.118,77.92
2015-03-23,79.346,0.76174,0.5112,0.97104,91.122,0.6978800000000001,0.95296,842.184,4.72984,2.80312,5.90796,9910.01,24.77724,1.04362,23.83094,47.56252,34.10016,16389.2,79.38
2015-03-30,78.62,0.7495,0.505125,0.979325,89.75999999999999,0.693575,0.947675,828.205,4.650449999999999,2.7731000000000003,5.81085,9791.7975,24.393025,1.0271249999999998,23.424325,46.755075,33.5073,16150.88,78.675
2015-04-06,78.94749999999999,0.754075,0.508675,0.98495,90.575,0.698225,0.94445,823.505,4.67465,2.738075,5.844775,9764.6475,24.532125,1.02405,23.435225,46.94415,33.5524,16289.365,79
2015-04-13,79.184,0.755,0.5112,0.9844,90.276,0.70842,0.9383400000000001,825.73,4.6866,2.78336,5.85204,9760.262,24.523500000000002,1.0278,23.56542,47.05728,33.61844,16311.12,79.24
2015-04-20,79.754,0.76502,0.51088,0.9867,91.428,0.71082,0.93508,828.662,4.7414,2.77314,5.92872,9880.062,24.78678,1.03034,23.97136,48.167320000000004,33.829,16508.775999999998,79.8
2015-04-27,78.8,0.764175,0.498475,0.9627749999999999,91.06,0.6921,0.921475,817.1775,4.7427,2.721125,5.922825,9908.474999999999,25.036575,1.01085,23.29665,48.3983,33.857124999999996,16498.5425,78.825
2015-05-04,77.428,0.74922,0.49210000000000004,0.94972,89.864,0.6677,0.9066,812.472,4.64956,2.68862,5.80794,9784.774,24.88656,0.99718,22.99948,47.68916,33.445299999999996,16220.626,77.44
2015-05-11,76.464,0.74286,0.47514,0.92844,88.908,0.65984,0.89372,811.7040000000001,4.61006,2.67202,5.7586200000000005,9766.808,24.96884,0.98802,22.76152,47.49844,33.173519999999996,16138.142,76.46
2015-05-18,76.042,0.73692,0.47192,0.92844,88.824,0.6569200000000001,0.89646,804.784,4.5709,2.64884,5.71274,9693.05,24.661739999999998,0.98114,22.45738,46.92272,32.812400000000004,16060.388,76.04
2015-05-25,75.666,0.72476,0.47068,0.93554,89.006,0.6629,0.89754,799.578,4.4954,2.63012,5.61878,9570.058,24.41136,0.97564,22.17148,46.22626,32.35862,15804.194,75.68
2015-06-01,74.66,0.714275,0.46655,0.925725,88.8875,0.641175,0.890575,793.1925,4.42845,2.639425,5.539,9454.8225,24.093825000000002,0.96355,22.035975,45.624125,31.973425,15581.6375,74.65
2015-06-08,73.922,0.7071999999999999,0.45914,0.91804,87.83,0.62874,0.8738,789.582,4.38912,2.65004,5.4825,9429.398000000001,23.85216,0.95542,21.92854,45.21616,31.86372,15418.884,73.94
2015-06-15,72.444,0.69556,0.44298,0.89764,85.774,0.61596,0.8541,774.2,4.31792,2.60074,5.39218,9280.46,23.41752,0.93284,21.491400000000002,44.5805,31.38648,15164.856,72.46
2015-06-22,71.766,0.68852,0.43674,0.8905000000000001,85.034,0.6120599999999999,0.84906,762.918,4.27486,2.5856,5.337339999999999,9169.046,23.2377,0.92316,21.25014,43.77652,31.07244,15016.062,71.78
2015-06-29,70.932,0.67732,0.43226,0.88482,83.25,0.61042,0.84532,759.12,4.20316,2.5543,5.25046,9032.372,22.895419999999998,0.9142,20.93374,43.11892,30.57198,14771.712,70.94
2015-07-06,70.642,0.66964,0.43296,0.89702,81.752,0.60626,0.84946,757.574,4.15744,2.54494,5.19164,8928.542,22.71404,0.90526,20.75988,42.512480000000004,30.2412,14606.874,70.64
2015-07-13,70.27,0.66398,0.42636,0.89456,81.996,0.60426,0.85102,757.89,4.12266,2.52576,5.14654,8852.436,22.6382,0.9038,20.60862,42.1319,30.01998,14481.098,70.26
2015-07-20,70.06,0.65894,0.4233,0.89516,81.732,0.6043999999999999,0.85668,762.536,4.09154,2.50694,5.10714,8815.944,22.787300000000002,0.90194,20.56278,41.91116,29.84818,14376.644,70.08
2015-07-27,70.598,0.66306,0.42552,0.90804,82.002,0.60194,0.8613,773.328,4.11718,2.52838,5.13932,8925.674,23.15572,0.90762,20.8807,42.4356,30.20256,14467.004,70.6
2015-08-03,69.894,0.6552,0.42068,0.89336,81.506,0.5999,0.86192,765.816,4.06842,2.53856,5.07924,8854.536,23.01314,0.90544,20.73492,41.863,29.97118,14293.601999999999,69.92
2015-08-10,70.406,0.6567000000000001,0.42182,0.89336,81.85,0.59386,0.85888,771.724,4.17088,2.61672,5.09206,8979.802,23.15474,0.9171,21.003,42.27706,30.21442,14391.663999999999,70.42
2015-08-17,70.862,0.65884,0.42086,0.89658,81.74,0.59256,0.86246,781.318,4.21334,2.71374,5.10816,9113.918,23.40454,0.92596,21.37396,42.99594,30.53404,14633.858,70.86
2015-08-24,70.288,0.65172,0.41754,0.90694,78.42999999999999,0.5711,0.86384,774.388,4.1743,2.76928,5.0516,9165.289999999999,23.23956,0.9162,21.24182,43.091120000000004,30.44456,14660.468,70.3
2015-08-31,69.132,0.63762,0.41576,0.90346,76.828,0.5683,0.84292,754.5459999999999,4.05888,2.6854,4.9416,9001.248,22.83708,0.9012,20.70202,42.2438,29.80098,14334.92,69.14
2015-09-07,68.63799999999999,0.63066,0.41128,0.90054,75.682,0.56298,0.83574,753.596,4.01804,2.7246200000000003,4.88776,9003.434,22.748739999999998,0.89508,20.56202,41.96344,29.56666,14173.658,68.62
2015-09-14,68.524,0.63442,0.41034,0.8871,76.372,0.55988,0.8384,746.644,4.03944,2.71972,4.91648,9142.614,22.80046,0.88942,20.60878,42.14376,29.6114,14271.372,68.52
2015-09-21,68.604,0.63162,0.41086,0.8932599999999999,75.844,0.56418,0.8389,748.306,4.02746,2.72964,4.89498,9209.142,22.77504,0.89584,20.68594,41.64928,29.50838,14197.234,68.6
2015-09-28,69.474,0.63734,0.4205,0.90888,76.474,0.56862,0.8503,757.108,4.05612,2.82204,4.93942,9354.044,23.1684,0.9099,21.00114,41.99224,29.83194,14328.01,69.46
2015-10-05,70.82000000000001,0.65522,0.42968,0.9164,78.726,0.58294,0.85634,762.744,4.16474,2.81448,5.07784,9311.444,23.74798,0.92922,21.44338,42.76418,30.35512,14680.652,70.82000000000001
2015-10-12,71.95,0.6734,0.43818,0.92298,80.486,0.59124,0.87256,769.48,4.2700000000000005,2.80268,5.21886,9096.966,23.87728,0.9373400000000001,21.84104,43.71032,30.92822,15043.642,71.94
2015-10-19,72.66,0.67784,0.4392,0.93558,81.27,0.6,0.88332,766.816,4.3066,2.8764,5.25324,9229.002,24.02708,0.94152,21.92394,44.059200000000004,31.39696,15117.406,72.67999999999999
2015-10-26,72.7675,0.6735,0.43979999999999997,0.942775,81.265,0.612575,0.888725,764.9525,4.280200000000001,2.8826,5.219374999999999,9156.3725,23.949875,0.941375,21.8545,43.793975,31.5017,15041.5475,72.80000000000001
2015-11-02,72.086,0.66736,0.43412,0.93266,80.838,0.60966,0.87502,757.936,4.22752,2.86014,5.17214,9080.264,23.73752,0.93446,21.63284,43.7523,31.25338,14898.846,72.08
2015-11-09,71.332,0.65422,0.43176,0.92394,80.458,0.60816,0.86854,755.978,4.1624,2.85694,5.0707,8900.002,23.44566,0.92906,21.3564,43.36884,30.8156,14652.644,71.34
2015-11-16,71.004,0.6509199999999999,0.42738,0.9132600000000001,80.154,0.60894,0.86666,760.312,4.15204,2.8430400000000002,5.0449,8945.738,23.40278,0.92502,21.31422,43.0557,30.68654,14616.506,71
2015-11-23,71.192,0.65526,0.4333,0.90726,80.41,0.61648,0.87294,753.914,4.18606,2.78406,5.07826,8978.556,23.43034,0.92434,21.32822,43.50312,30.83884,14736.894,71.18
2015-11-30,71.876,0.66194,0.43986,0.9105,81.388,0.62104,0.88422,767.592,4.2347,2.8093,5.13042,9139.328,23.70556,0.932,21.63026,44.11358,31.20652,14888.574,71.86
2015-12-07,72.644,0.6702,0.44386,0.9203,82.15,0.6144000000000001,0.90728,786.824,4.30164,2.84598,5.194,9295.94,24.09146,0.9401,21.9621,44.76862,31.59394,15064.56,72.64
2015-12-14,73.462,0.6739200000000001,0.44766,0.9375399999999999,82.032,0.61688,0.9294,796.406,4.35792,2.91216,5.22358,9456.52,24.281,0.95174,22.11288,45.0414,31.90098,15182.314,73.48
2015-12-21,73.8525,0.67795,0.455725,0.9405,82.0925,0.621325,0.943825,796.715,4.392725,2.916475,5.255075,9323.0825,24.474249999999998,0.953725,22.263925,44.963275,32.07115,15278.1425,73.85
2015-12-28,74.49000000000001,0.6857666666666666,0.462,0.9420999999999999,82.59333333333333,0.6263666666666666,0.9508666666666666,802.4300000000001,4.4489,2.9430666666666667,5.314866666666667,9412.24,24.7299,0.9681,22.50946666666667,45.48356666666667,32.2935,15406.383333333333,74.5
2016-01-04,73.2925,0.667925,0.455625,0.938475,79.2625,0.617425,0.93665,797.365,4.372775,2.92065,5.17775,9292.935,24.168675,0.955075,22.14865,44.5655,31.396925,15018.5875,73.3
2016-01-11,71.984,0.6519,0.45058,0.9347,76.706,0.59936,0.9304,787.426,4.290760000000001,2.8652,5.06092,9054.012,23.65482,0.93762,21.77844,43.59526,30.91758,14628.418,72.02
2016-01-18,71.412,0.64486,0.45348,0.93188,75.736,0.59228,0.93392,779.846,4.2435,2.8232,5.03484,8973.27,23.39938,0.92642,21.70882,43.7101,30.80502,14453.046,71.42
2016-01-25,71.298,0.64672,0.45266,0.9216799999999999,76.624,0.59524,0.91432,777.874,4.25422,2.7519400000000003,5.0393799999999995,8972.636,23.22426,0.92416,21.71964,43.90698,30.93968,14436.29,71.3
2016-02-01,72.19,0.65858,0.45582,0.92686,78.514,0.59898,0.91604,793.456,4.33252,2.74928,5.12816,9022.812,23.50222,0.93464,22.00512,44.710840000000005,31.4316,14661.616,72.17999999999999
2016-02-08,72.4725,0.665825,0.459975,0.940025,75.745,0.5904,0.9268500000000001,797.2075,4.374025,2.75785,5.188075,9013.7575,23.571225,0.929025,22.172825,45.283225,31.68365,14844.3525,72.475
2016-02-15,72.128,0.6628,0.46122,0.92884,75.444,0.59402,0.91368,808.988,4.32418,2.76498,5.16024,8918.048,23.59578,0.9294,22.00774,45.2749,31.52304,14820.16,72.14
2016-02-22,72.692,0.66782,0.47478,0.9276800000000001,75.166,0.6048,0.91536,823.556,4.3584,2.80674,5.18812,8972.42,23.85614,0.93706,22.203319999999998,45.79776,31.80582,14931.358,72.7
2016-02-29,72.36,0.66422,0.47454,0.91998,75.348,0.60944,0.8948200000000001,816.178,4.3473999999999995,2.76944,5.16318,8849.6,23.64034,0.9303400000000001,22.01142,45.16642,31.43882,14816.722,72.34
2016-03-07,72.36,0.67262,0.47274,0.9036,76.1,0.60952,0.89662,811.528,4.38164,2.7639,5.22292,8821.82,23.77082,0.92906,22.09304,45.1935,31.51316,14991.986,72.34
2016-03-14,71.816,0.67242,0.46986,0.88974,75.97,0.60156,0.8867200000000001,794.238,4.3732,2.75374,5.21692,8831.432,23.5523,0.92092,22.02474,45.12126,31.27614,14989.034,71.84
2016-03-21,71.8375,0.67505,0.47245000000000004,0.8911,75.6225,0.601275,0.8844,785.22,4.3788,2.7260999999999997,5.235049999999999,8880.1725,23.59565,0.91985,21.88895,44.965424999999996,31.28005,15059.785,71.825
2016-03-28,72.7925,0.68605,0.47835,0.8989,77.3125,0.606975,0.89535,789.9300000000001,4.45415,2.708875,5.320475,9139.345000000001,24.218875,0.929775,22.25555,45.561949999999996,31.6158,15291.1575,72.80000000000001
2016-04-04,72.318,0.68242,0.4816,0.89996,75.214,0.59928,0.89362,787.586,4.41742,2.66566,5.29292,9002.976,24.05004,0.9226,22.0834,45.332499999999996,31.50582,15214.796,72.3
2016-04-11,72.56,0.68672,0.48412,0.89878,74.696,0.60546,0.88376,789.612,4.44524,2.66886,5.3264,9031.138,24.05468,0.92878,22.23158,45.68236,31.67306,15314.744,72.58
2016-04-18,73.276,0.69606,0.48646,0.8972800000000001,75.884,0.61512,0.88788,793.662,4.50824,2.7151,5.39872,9165.158,24.36078,0.93874,22.47968,46.25818,32.20546,15519.949999999999,73.26
2016-04-25,73.0325,0.6912,0.47462499999999996,0.9034500000000001,76.2875,0.6109,0.871075,791.2875,4.48515,2.7032499999999997,5.361525,9122.807499999999,24.251475,0.9323,22.326525,45.995,32.366725,15402.095,73.025
2016-05-02,73.348,0.69386,0.47648,0.92096,74.102,0.60454,0.88116,796.518,4.5057,2.7492,5.38424,9169.062,24.31704,0.93728,22.41718,46.11936,32.69958,15464.798,73.36
2016-05-09,72.712,0.68046,0.47158,0.92738,73.758,0.5972,0.87846,795.1519999999999,4.43014,2.74384,5.2808,9051.708,23.98052,0.93156,22.118380000000002,45.31708,31.84824,15166.246000000001,72.7
2016-05-16,72.75,0.677,0.46734,0.93126,74.072,0.6007,0.87872,800.388,4.42296,2.74038,5.25606,9066.056,24.07424,0.93084,22.13538,45.32392,31.56634,15091.526,72.72
2016-05-23,72.738,0.67408,0.46184000000000003,0.9350200000000001,74.002,0.60248,0.88112,798.216,4.4185799999999995,2.75838,5.2351,9178.656,24.05046,0.92924,21.98172,45.450900000000004,31.5227,15051.116,72.75999999999999
2016-05-30,73.142,0.6768,0.46608,0.93606,74.548,0.60746,0.8843799999999999,805.338,4.45572,2.79486,5.25788,9235.614,24.1511,0.93286,22.06864,45.51628,31.5635,15167.844,73.14
2016-06-06,74.8825,0.7026749999999999,0.485,0.946075,75.1875,0.618675,0.895725,814.9425,4.6169,2.8541499999999997,5.4553,9337.34,24.7447,0.950475,22.65185,46.938775,32.366375,15699.5375,74.875
2016-06-13,75.322,0.70372,0.49596,0.95344,74.392,0.6255000000000001,0.90532,825.71,4.63678,2.88308,5.46178,9387.898,24.81586,0.95346,22.81672,47.2269,32.58532,15704.789999999999,75.32000000000001
2016-06-20,75.88199999999999,0.71422,0.4884,0.95438,74.65599999999999,0.63176,0.91588,825.84,4.70064,2.88838,5.54132,9484.276,25.15952,0.95936,23.02172,48.09764,33.21972,15925.664,75.88
2016-06-27,75.996,0.70802,0.53038,0.95448,72.47200000000001,0.63998,0.92118,825.17,4.70548,2.87288,5.49318,9381.332,24.95504,0.9579,22.92418,47.99738,33.3091,15794.358,75.98
2016-07-04,76.878,0.7178,0.54962,0.95856,72.85000000000001,0.64704,0.92998,830.006,4.79366,2.88364,5.56882,9431.37,25.23814,0.96856,23.1721,48.3721,33.71676,16009.271999999999,76.9
2016-07-11,77.404,0.7246400000000001,0.55014,0.9541,75.088,0.65396,0.9432,829.314,4.84486,2.88582,5.62092,9497.688,25.46238,0.97616,23.28746,48.64448,34.1757,16156.786,77.4
2016-07-18,75.352,0.70246,0.532,0.9352400000000001,74.5,0.6363,0.91498,799.756,4.69622,2.82224,5.4478,9202.932,24.56954,0.95066,22.489819999999998,47.17636,33.00454,15662.262,75.36
2016-07-25,75.562,0.70436,0.5355800000000001,0.9388,74.04,0.63938,0.92728,797.592,4.6968,2.8649199999999997,5.4630399999999995,9242.786,24.63224,0.95524,22.575480000000002,47.31924,33.20258,15705.364,75.56
2016-08-01,76.426,0.7191,0.543,0.94622,73.148,0.64396,0.94018,799.91,4.7735199999999995,2.9100800000000002,5.57862,9425.562,25.0587,0.96466,22.79078,48.09326,33.8017,16030.964,76.44
2016-08-08,76.31,0.71866,0.55164,0.93752,73.18599999999999,0.64588,0.94094,793.328,4.7788200000000005,2.88932,5.5739,9434.038,25.04702,0.9667,22.53362,48.00348,33.65226,16026.954,76.3
2016-08-15,76.708,0.7248,0.5568,0.9448799999999999,72.888,0.6439,0.93314,800.072,4.80878,2.9029000000000003,5.62054,9502.886,25.11004,0.9731,22.74652,48.42392,33.6326,16160.998,76.74
2016-08-22,77.36,0.72896,0.55382,0.95706,73.22,0.64536,0.94196,816.758,4.85318,2.93706,5.6524,9648.882,25.25228,0.9857,23.13234,48.90288,33.91648,16254.64,77.36
2016-08-29,77.402,0.72488,0.55164,0.96116,74.496,0.64876,0.94716,811.9,4.8411,2.94424,5.62276,9621.104000000001,25.09808,0.98694,23.0123,48.60622,33.71948,16167.862,77.42
2016-09-05,78.386,0.73822,0.55344,0.9666,75.71600000000001,0.65824,0.95306,812.66,4.92668,3.00374,5.72538,9689.126,25.60724,0.99826,23.16594,49.16804,34.48856,16462.144,78.36
2016-09-12,77.958,0.73,0.55082,0.97268,74.626,0.64976,0.95834,814.172,4.8721,3.00298,5.66302,9607.648,25.45472,0.99442,23.12576,48.82252,34.64678,16281.18,77.96
2016-09-19,77.914,0.73066,0.56062,0.96462,74.148,0.65388,0.96026,813.274,4.87286,3.017,5.66734,9593.557999999999,25.39518,0.99392,22.95798,48.91606,34.948499999999996,16303.304,77.92
2016-09-26,77.17399999999999,0.7263000000000001,0.55916,0.9495,73.194,0.64706,0.9563200000000001,800.624,4.84422,3.00114,5.63258,9439.384,25.14732,0.9886,22.80308,48.38768,35.03766,16200.86,77.17999999999999
2016-10-03,76.89399999999999,0.72104,0.56664,0.94534,74.024,0.64398,0.9494199999999999,799.694,4.80932,2.98358,5.59244,9373.374,25.03906,0.987,22.61234,48.00208,34.83244,16080.258,76.88
2016-10-10,76.276,0.70966,0.57752,0.93734,73.64,0.6401600000000001,0.93882,795.91,4.75884,2.96574,5.5052,9235.08,25.05396,0.97906,22.41754,47.307719999999996,34.38744,15826.008,76.26
2016-10-17,77.24000000000001,0.71852,0.58658,0.93872,74.654,0.65486,0.94452,811.6899999999999,4.8404799999999994,3.01294,5.5746,9363.702,25.22266,0.99768,22.72522,47.96548,34.66592,16028.312,77.22
2016-10-24,77.0475,0.71415,0.585575,0.935675,74.705,0.65585,0.9547749999999999,813.0074999999999,4.8375,2.98165,5.5390250000000005,9294.235,25.02,0.9944999999999999,22.567125,47.730425,34.569775,15948.025,77.05
2016-10-31,77.776,0.72256,0.58806,0.9459,75.116,0.65454,0.96838,827.538,4.89128,3.03014,5.60342,9432.37,25.29108,1.0032,22.80432,48.24072,34.9826,16127.992,77.78
2016-11-07,78.64,0.73054,0.5871999999999999,0.951,76.866,0.66474,0.9783,837.316,4.94998,3.08658,5.66556,9566.55,25.563,1.01948,23.01598,48.67774,35.53346,16313.4,78.64
2016-11-14,77.452,0.70862,0.56824,0.9443,76.954,0.66074,0.95662,829.922,4.85348,3.08406,5.49678,9460.594000000001,25.10078,1.00336,22.58672,47.8486,34.90754,15848.468,77.46000000000001
2016-11-21,77.606,0.7029799999999999,0.5656,0.95252,78.556,0.66378,0.9467,828.94,4.84862,3.11848,5.45234,9466.794,25.02496,1.0037,22.45564,48.041579999999996,35.04706,15884.874,77.60000000000001
2016-11-28,78.13,0.70902,0.56752,0.95226,80.086,0.66714,0.95114,829.298,4.89086,3.16258,5.4990000000000006,9604.158,25.27526,1.01092,22.5835,48.59668,35.27822,16090.716,78.12
2016-12-05,78.592,0.71472,0.56458,0.9593200000000001,81.438,0.66924,0.94808,834.344,4.91866,3.17096,5.5432,9569.76,25.45912,1.01588,22.796,48.52574,35.49118,16220.082,78.58
2016-12-12,78.724,0.7127,0.56712,0.95808,82.896,0.6759000000000001,0.94134,836.062,4.92562,3.16516,5.52926,9500.6,25.40204,1.02138,22.68174,48.15002,35.53298,16153.823999999999,78.74
2016-12-19,77.378,0.69276,0.55974,0.95468,81.46600000000001,0.6645,0.92862,827.334,4.81444,3.10228,5.37864,9299.834,24.90152,1.00212,22.15602,47.23866,34.61968,15766.91,77.4
2016-12-26,77.52666666666667,0.6929333333333333,0.5648333333333333,0.9614333333333334,81.02333333333333,0.6610333333333334,0.9376666666666666,837.5166666666667,4.8177666666666665,3.1056,5.3751999999999995,9320.103333333333,24.918333333333333,1.0032333333333332,22.375733333333333,47.195233333333334,34.49133333333334,15778.04,77.56666666666666
2017-01-02,77.60333333333332,0.6969,0.5654666666666667,0.9565,81.31666666666666,0.6633333333333333,0.9282333333333334,832.8566666666667,4.828466666666667,3.1268000000000002,5.404566666666667,9360.22,24.942733333333333,1.0029000000000001,22.3766,47.48393333333333,34.545033333333336,15832.286666666667,77.60000000000001
2017-01-09,77.856,0.70232000000000006,0.57642,0.95082,81.384,0.66416,0.92738,838.5219999999999,4.8614,3.13976,5.44654,9363.658,24.987940000000002,1.0072,22.421960000000002,47.86316,34.81294,15852.408,77.84
2017-01-16,78.616,0.7147,0.5851999999999999,0.9511999999999999,81.608,0.6713600000000001,0.94286,841.218,4.91424,3.18354,5.54308,9543.212,25.29444,1.01962,22.58224,48.674459999999996,35.63722,16130.322,78.62
2017-01-23,79.288,0.72438,0.5778,0.95792,82.318,0.67498,0.95366,842.276,4.97598,3.21168,5.61942,9677.654,25.562179999999998,1.02802,22.7411,49.353320000000004,36.07454,16353.994,79.28
2017-01-30,79.604,0.72856,0.5794,0.9595,82.65,0.67752,0.9523199999999999,842.212,5.0109200000000005,3.2268,5.6526000000000005,9730.534,25.63272,1.03192,22.79748,49.37068,36.28104,16466.828,79.6
2017-02-06,79.205,0.72585,0.5808,0.9515,81.63250000000001,0.67915,0.954225,832.3625,4.988525,3.2221,5.631225,9667.0275,25.433799999999998,1.029,22.52745,48.76545,36.167575,16426.454999999998,79.225
2017-02-13,78.522,0.7195199999999999,0.57636,0.9369,81.932,0.67772,0.94116,824.15,4.94352,3.20176,5.58294,9586.78,25.2067,1.02242,22.223019999999998,48.1638,35.92368,16344.112,78.52
2017-02-20,78.414,0.71846,0.57596,0.9354,81.324,0.67928,0.94286,820.5219999999999,4.94086,3.19934,5.575480000000001,9594.778,25.15174,1.01756,22.11588,48.08382,36.07036,16395.146,78.42
2017-02-27,78.096,0.71462,0.57828,0.93478000000000006,80.91199999999999,0.6772,0.94814,812.892,4.91298,3.17686,5.54692,9537.072,24.9678,1.00618,21.97036,47.71204,35.93582,16290.498000000001,78.08
2017-03-06,76.416,0.6956,0.5696,0.92014,79.488,0.65766,0.93492,802.956,4.8005,3.09862,5.40126,9295.178,24.4708,0.98402,21.52602,46.41862,35.02186,15866.936,76.4
2017-03-13,76.17999999999999,0.69562,0.5686599999999999,0.91501999999999994,79.462,0.65068,0.9322,794.374,4.80652,3.0912800000000002,5.4017599999999995,9296.324,24.4887,0.98084,21.48834,45.93994,34.9925,15862.366,76.16
2017-03-20,76.482,0.70352,0.56558,0.91632,78.722,0.6531,0.93888,789.774,4.85204,3.1164,5.46344,9375.24,24.41134,0.98498,21.45648,46.01986,35.340939999999996,16030.058,76.48
2017-03-27,76.284,0.7024,0.5627800000000001,0.91894,78.04599999999999,0.6509,0.93826,783.108,4.8368,3.10474,5.45664,9352.326,24.23296,0.9806,21.27712,45.71796,35.26594,15997.574,76.28
2017-04-03,76.132,0.69846,0.55954,0.92226,77.342,0.6544599999999999,0.93524,785.398,4.81458,3.09498,5.4273,9309.284,24.07546,0.97718,21.24622,45.33932,35.0462,15866.735999999999,76.12
2017-04-10,76.0175,0.6956,0.5581,0.925775,76.6075,0.655525,0.926925,794.565,4.797075,3.08365,5.40545,9246.66,24.0442,0.97585,21.265175,44.85365,34.535175,15765.5825,76
2017-04-17,76.41,0.7019500000000001,0.5508500000000001,0.93185,76.48,0.656,0.942175,799.505,4.833024999999999,3.091125,5.4569,9344.635,24.129475,0.981075,21.320875,45.308025,34.900325,15960.2975,76.39999999999999
2017-04-24,75.455,0.69365,0.5398000000000001,0.924625,76.94,0.63705,0.9424250000000001,784.8125,4.779975,3.028425,5.3962,9231.3675,23.9114,0.96765,20.92465,44.585775,34.575775,15769.185,75.45
2017-05-01,75.132,0.68976,0.53444,0.92352,77.392,0.6316,0.9454400000000001,781.456,4.75664,2.98604,5.36664,9188.044,23.833099999999998,0.96336,20.75214,44.30842,34.45614,15686.904,75.14
2017-05-08,75.248,0.68772,0.53164,0.93324,78.102,0.63046,0.94188,778.282,4.7488399999999995,2.98678,5.35464,9171.954,23.88082,0.96846,20.76094,44.3389,34.31888,15632.472,75.24
2017-05-15,75.07600000000001,0.6896,0.5336,0.92946,77.472,0.6238199999999999,0.94008,774.778,4.75236,2.9832,5.3695200000000005,9196.518,23.80246,0.96272,20.80204,44.3457,34.32436,15645.258,75.06
2017-05-22,75.902,0.70038,0.5404,0.9383,78.128,0.6247,0.9445,784.2860000000001,4.82092,3.00626,5.45426,9317.038,24.024179999999998,0.97124,21.06938,45.3023,34.91134,15877.528,75.92
2017-05-29,76.578,0.70666,0.55026,0.9515,78.536,0.63174,0.95256,792.346,4.83102,3.02494,5.506,9413.217999999999,24.11752,0.97892,21.26528,45.5954,35.18288,16053.58,76.56
2017-06-05,77.41499999999999,0.71845,0.5572,0.95555,78.9475,0.6386499999999999,0.968825,805.2675,4.883425,3.063675,5.5998,9553.6325,24.442875,0.992275,21.610525,46.23415,35.562475,16315.415,77.4
2017-06-12,77.77,0.72174,0.5667800000000001,0.95362,79.548,0.64464,0.95916,813.514,4.906759999999999,3.07766,5.62852,9592.086,24.5097,0.99746,21.81012,46.451139999999995,35.77086,16375.83,77.76
2017-06-19,78.346,0.7252,0.5711,0.95734,80.69800000000001,0.64966,0.96122,825.172,4.95158,3.1055,5.6557,9648.162,24.63312,1.0059799999999999,22.04856,46.75266,36.3714,16472.708,78.34
2017-06-26,78.578,0.73016,0.56814,0.95732,81.714,0.64536,0.95868,831.578,4.969539999999999,3.13318,5.6965,9731.076,24.80886,1.01032,22.17692,47.12118,36.7753,16599.096,78.56
2017-07-03,78.40599999999999,0.7287,0.5624399999999999,0.95558,82.384,0.64036,0.9455,837.976,4.95228,3.13058,5.69004,9739.928,24.79568,1.00644,22.23246,47.18352,36.84118,16566.466,78.4
2017-07-10,78.076,0.72648,0.56354,0.94884,82.618,0.63608,0.9322,831.604,4.93564,3.11996,5.67442,9714.166,24.71028,1.00258,22.12996,46.88762,36.771899999999995,16518.842,78.08
2017-07-17,78.054,0.73482,0.56342,0.93018,82.424,0.6369199999999999,0.92808,826.756,4.9692,3.1498,5.7359,9784.271999999999,24.71396,1.00534,22.34922,47.30914,37.30408,16701.926,78.04
2017-07-24,78.936,0.74642,0.57186,0.93914,83.008,0.6393,0.93382,833.788,5.04006,3.19604,5.82812,9944.344000000001,24.93244,1.01574,22.64962,47.99496,37.79706,16969.422,78.94
2017-07-31,78.584,0.7459,0.566,0.93582,82.356,0.63124,0.9351,838.04,5.0164599999999995,3.1938,5.82812,9937.868,24.83074,1.01324,22.54498,47.69092,37.5872,16953.4,78.6
2017-08-07,77.468,0.7335,0.5637,0.9288,80.726,0.62296,0.9307,832.264,4.90982,3.14446,5.736339999999999,9780.202,24.39526,0.9991,22.19052,46.79412,37.10598,16674.82,77.46000000000001
2017-08-14,77.04,0.7293000000000001,0.56418,0.92436,80.122,0.61932,0.92524,830.334,4.8658399999999995,3.13142,5.70436,9743.67,24.25144,0.99432,22.1031,46.77372,37.372279999999996,16574.93,77.03999999999999
2017-08-21,76.60000000000001,0.7261,0.56568,0.91794,79.434,0.61616,0.9118999999999999,822.2139999999999,4.83708,3.1099200000000002,5.68122,9691.188,24.16846,0.98874,21.9883,46.54664,37.209740000000004,16506.862,76.62
2017-08-28,75.814,0.7221,0.55886,0.90948,79.18599999999999,0.60524,0.90406,811.37,4.7700000000000005,3.08288,5.6496,9636.006,23.97856,0.9790800000000001,21.77398,46.191739999999996,36.93296,16414.252,75.82
2017-09-04,75.318,0.72108,0.5541,0.9015,78.67399999999999,0.60456,0.88698,815.202,4.7021999999999995,3.05656,5.63928,9608.778,23.89956,0.97412,21.66398,46.20118,36.801539999999996,16388.838,75.32
2017-09-11,75.592,0.72472,0.547,0.90408,79.53,0.6067,0.88122,819.092,4.73576,3.0451799999999998,5.6619,9574.094000000001,23.99556,0.9758399999999999,21.7792,46.36152,36.979079999999996,16469.016,75.58
2017-09-18,76.408,0.73062,0.53962,0.91496,81.66,0.61134,0.89764,826.49,4.80626,3.0636,5.70384,9698.556,24.18332,0.98476,22.01924,46.99612,37.28402,16605.232,76.38
2017-09-25,76.202,0.7235199999999999,0.53774,0.91634,81.316,0.6121,0.8970400000000001,824.312,4.79686,3.04776,5.65146,9686.812,24.04168,0.97958,21.88518,47.24936,36.80554,16446.698,76.2
2017-10-02,75.872,0.71688,0.54132,0.91582,80.848,0.6102,0.89662,821.07,4.76206,3.0341,5.5984799999999995,9676.436,23.93216,0.97658,21.785,46.76692,36.56268,16292.806,75.88
2017-10-09,74.968,0.7093,0.53772,0.90964,79.764,0.601,0.8866,806.53,4.68598,2.99282,5.5363,9584.34,23.6064,0.96304,21.49356,46.2768,36.412620000000004,16117.912,74.96000000000001
2017-10-16,75.28,0.7139800000000001,0.5401,0.90838,80.264,0.60472,0.89182,806.636,4.71838,3.01306,5.57362,9639.668,23.64184,0.96712,21.54956,46.3822,36.68838,16220.612,75.28
2017-10-23,73.2,0.6896249999999999,0.52315,0.8926999999999999,78.425,0.5873,0.87865,778.2725,4.576775,2.920925,5.380325,9349,22.888575,0.940175,20.861525,44.799,35.63375,15669.692500000001,73.2
2017-10-30,73.234,0.68872,0.52226,0.897,78.334,0.5918599999999999,0.88474,770.356,4.56608,2.91534,5.37322,9352.022,22.86364,0.93798,20.79506,44.61398,35.53656,15643.356,73.24
2017-11-06,73.734,0.69314,0.5278,0.90402,78.922,0.59706,0.88258,773.028,4.59816,2.9264200000000002,5.407,9366.556,22.95748,0.94424,20.91834,44.948,35.54146,15743.292,73.74000000000001
2017-11-13,73.206,0.68832,0.52328,0.9046,78.012,0.5865400000000001,0.87686,765.4399999999999,4.56888,2.8805,5.37214,9321.504,22.73712,0.93548,20.75948,44.94262,35.16674,15633.088,73.22
2017-11-20,72.55799999999999,0.6844,0.51602,0.90226,76.586,0.58116,0.87308,746.96,4.53034,2.82706,5.345879999999999,9257.524,22.41516,0.92534,20.56306,44.43762,34.7173,15547.898000000001,72.58
2017-11-27,72.628,0.68716,0.5131,0.90526,76.782,0.57814,0.88024,746.404,4.53582,2.81916,5.36426,9285.048,22.41284,0.9255,20.61136,44.3244,34.6457,15612.32,72.64
2017-12-04,72.722,0.68672,0.5108199999999999,0.9071,77.374,0.58074,0.8756,749.3480000000001,4.54174,2.7984,5.3653,9291.92,22.396720000000002,0.92638,20.6081,44.27464,34.77592,15598.326000000001,72.72
2017-12-11,73.574,0.69438,0.51886,0.91522,78.562,0.58926,0.89116,756.89,4.59468,2.8313,5.42164,9419.905999999999,22.626360000000002,0.93722,20.8401,44.72172,35.03146,15770.470000000001,73.58
2017-12-18,73.934,0.70012,0.52374,0.91298,79.096,0.59236,0.89864,759.606,4.62038,2.85546,5.4734799999999995,9503.014000000001,22.86878,0.9429,20.99492,44.88206,35.25806,15902.212,73.94
2017-12-25,74.19,0.7068666666666666,0.5271666666666667,0.9096666666666666,79.97666666666667,0.5938666666666667,0.8927333333333333,758.2933333333333,4.626666666666667,2.8788666666666667,5.523833333333333,9585.476666666667,23.145699999999998,0.9473333333333334,21.125366666666668,45.3274,35.334266666666664,16052.68,74.2
2018-01-01,74.11,0.7111500000000001,0.5246,0.9076333333333333,80.07936666666667,0.5902000000000001,0.8901,757.1203333333333,4.621616666666667,2.85595,5.559716666666667,9581.22655,23.024383333333333,0.94505,21.03865,45.13015,35.44596666666667,16150.04015,74.10000000000001
2018-01-03,73.95,0.7095,0.5219,0.9066,79.70525,0.58825,0.8878,755.2628,4.6094,2.8561,5.5467,9590.66675,23.1226,0.94335,21.0012,45.0155,35.41825,16113.09985,73.9
2018-01-04,73.93,0.7086,0.52445,0.9057,79.85565,0.59005,0.88915,756.2534,4.6077,2.85,5.54,9550.5118,22.89485,0.9428,20.9565,45.02445,35.30955,16091.2432,73.9
2018-01-05,74.45,0.71535,0.52745,0.9106,80.6772,0.5923,0.89335,759.8448,4.64775,2.86175,5.59245,9602.5011,23.0557,0.949,21.15825,45.3505,35.6101,16245.7774,74.5
2018-01-08,74.6,0.71705,0.5283,0.91185,81.09835,0.59535,0.8883,761.43545,4.65015,2.8614,5.6066,9621.019,23.11055,0.9512,21.14615,45.43675,35.75035,16283.8471,74.6
2018-01-09,74.84,0.718,0.5292,0.9144,81.22735,0.59975,0.8913,766.68045,4.6635,2.8745,5.61685,9639.1506,23.13395,0.9564,21.1799,45.5158,36.0041,16305.4211,74.8
2018-01-10,74.71,0.7152,0.5285,0.9148,80.3849,0.59915,0.8916,765.69315,4.6639,2.87045,5.5934,9610.5005,23.0738,0.9555,21.11555,45.5502,36.0103,16241.8345,74.7
2018-01-11,75.03,0.7201,0.53295,0.91425,80.25875,0.60215,0.90325,771.0831,4.69275,2.8822,5.634,9674.18395,23.144,0.9601,21.3124,45.80285,36.27505,16353.11105,75
2018-01-12,75.55,0.727,0.53615,0.92055,80.85335,0.60295,0.9097,774.5822,4.7317,2.888,5.6875,9741.437,23.264,0.9655,21.5225,46.28265,36.54265,16509.0796,75.5
2018-01-15,75.1,0.7258,0.52835,0.91695,80.4477,0.5953,0.9048,769.8198,4.6945,2.8753,5.67815,9691.971,23.16025,0.9607,21.47425,46.17905,36.5259,16482.5554,75.1
2018-01-16,75.21,0.7289,0.52835,0.91605,80.7803,0.5944,0.90625,775.95055,4.6956,2.8883,5.7031,9719.51715,23.2519,0.9644,21.5153,46.25325,36.71105,16552.95465,75.2
2018-01-17,75.03,0.7284,0.52715,0.91135,80.368,0.59205,0.90455,774.7627,4.688,2.8739,5.69925,9715.0351,23.27965,0.9609,21.5173,46.6504,36.7915,16542.3283,75
2018-01-18,74.97,0.72565,0.52505,0.91285,80.7431,0.5953,0.904,776.01015,4.6674,2.8765,5.67175,9693.9586,23.18455,0.96225,21.44515,46.3409,36.8086,16480.6001,75
2018-01-19,75.19,0.72975,0.52525,0.91165,81.0278,0.5963,0.90615,780.61365,4.6889,2.87665,5.70665,9739.60875,23.28635,0.96395,21.55535,46.58635,37.0129,16575.17675,75.2
2018-01-22,74.95,0.728,0.52455,0.91095,80.59325,0.5946,0.9089,777.68605,4.6621,2.8687,5.69145,9692.2283,23.20135,0.96155,21.40865,46.4355,36.9533,16533.2441,75
2018-01-23,75.41,0.7334,0.52435,0.91475,81.3671,0.5979,0.913,783.12455,4.6963,2.88115,5.73515,9789.0566,23.3368,0.96665,21.47945,46.82665,37.2751,16655.8808,75.4
2018-01-24,75.6,0.7356,0.52515,0.9193,81.0889,0.5981,0.9137,788.34255,4.7115,2.88355,5.75165,9803.7095,23.3553,0.9686,21.51075,46.9276,37.5965,16705.8439,75.6
2018-01-25,75.17,0.7351,0.5168,0.91175,80.43465,0.59295,0.9072,782.40375,4.6956,2.8687,5.7465,9787.122,23.25965,0.9618,21.49395,46.80655,37.37985,16694.48865,75.2
2018-01-26,74.79,0.7321,0.51695,0.91115,80.3077,0.59015,0.90565,779.9794,4.63785,2.846,5.7233,9727.77925,23.0465,0.95855,21.2686,46.54875,37.26025,16626.35715,74.8
2018-01-29,74.79,0.73465,0.51905,0.90565,79.83075,0.5915,0.90505,781.04325,4.64445,2.84055,5.74345,9773.78385,23.0386,0.9601,21.3651,46.7109,37.34965,16684.26895,74.8
2018-01-30,74.71,0.7323,0.5207,0.90495,79.78775,0.5917,0.9041,783.81735,4.63275,2.8512,5.72505,9786.09135,23.0089,0.9603,21.34215,46.5294,37.48275,16630.89925,74.7
2018-01-31,75.02,0.73465,0.51885,0.91105,79.9593,0.5917,0.90605,787.61835,4.6598,2.86345,5.74515,9868.18675,23.09005,0.96375,21.47715,46.75125,37.75,16683.5343,75
2018-02-01,75.11,0.73675,0.5187,0.91495,80.44205,0.5932,0.90675,788.39625,4.63505,2.87165,5.7623,9863.97775,23.075,0.96635,21.47295,46.8601,37.8211,16731.04,75.1
2018-02-02,75.32,0.7388,0.5179,0.91995,80.8432,0.59075,0.9065,792.5108,4.65135,2.8695,5.77725,9919.868,23.16135,0.9673,21.565550000000002,47.1705,38.1775,16777.7787,75.3
2018-02-05,74.77,0.73005,0.517,0.92135,80.18505,0.5861,0.9065,795.68155,4.5842,2.8457,5.70995,9820.26845,22.90895,0.96335,21.34045,46.7734,37.6779,16579.0706,74.8
2018-02-07,75.21,0.7333,0.52535,0.9284,80.234,0.59195,0.91695,791.8541,4.603,2.85695,5.7338,9939.51575,23.0696,0.9665,21.5528,47.07695,37.6366,16653.60975,75.2
2018-02-08,74.22,0.7212,0.5195,0.9222,78.8524,0.58775,0.90645,784.37715,4.51435,2.826,5.6382,9774.0635,22.7629,0.9556,21.0886,46.36055,36.9471,16371.9614,74.2
2018-02-09,74.58,0.7218,0.5181,0.92785,78.5499,0.58895,0.90955,789.5049,4.5661,2.84245,5.6443,9822.6156,22.99655,0.96135,21.21875,46.38645,37.3062,16384.1384,74.6
2018-02-12,74.73,0.7251,0.52445,0.9266,78.7785,0.59125,0.912,785.1383,4.5682,2.8515,5.67,9879.12545,23.0074,0.96215,21.32155,46.71365,37.3064,16462.6706,74.7
2018-02-13,74.72,0.725,0.52395,0.92305,78.7821,0.59005,0.9128,785.75505,4.58855,2.85325,5.6697,9901.688,22.97525,0.9605,21.31285,46.6347,37.6275,16460.763,74.7
2018-02-14,74.92,0.728,0.52425,0.92565,78.4602,0.5893,0.9163,788.3876,4.6179500000000004,2.8621,5.69405,9941.2043,22.932,0.96185,21.3617,46.8277,37.8578,16538.3405,74.9
2018-02-15,75.56,0.73755,0.52655,0.93045,78.74455,0.59215,0.9218,794.48885,4.6791,2.87275,5.7693,10056.86365,23.089,0.9698,21.6128,47.25575,38.4448,16755.29275,75.6
2018-02-16,75.6,0.73925,0.5242,0.9312,78.54905,0.5911,0.92295,796.32015,4.6899,2.87755,5.78135,10023.1215,23.12745,0.96765,21.6626,47.263,38.4484,16793.9125,75.6
2018-02-19,75.74,0.73965,0.52675,0.9337,78.6211,0.5953,0.92705,790.31605,4.6924,2.87615,5.7856,10028.5449,23.1141,0.96995,21.6743,47.4707,38.66525,16802.9995,75.7
2018-02-20,75.49,0.7364,0.52625,0.9303,78.6291,0.59355,0.9251,787.57985,4.6718,2.8657,5.7598,9985.9527,23.1156,0.96735,21.5791,47.26215,38.44745,16729.1675,75.5
2018-02-21,75.46,0.73405,0.5244,0.9313,78.9434,0.59495,0.92855,788.8836,4.6569,2.869,5.7439,9993.35695,23.1226,0.96825,21.5102,47.5609,38.266,16675.7815,75.5
2018-02-22,75.47,0.73155,0.52605,0.9383,78.61605,0.59605,0.92925,791.39085,4.641,2.86365,5.7242,9962.24815,23.11335,0.9692,21.3671,47.36515,38.0735,16618.98775,75.5
2018-02-23,75.44,0.73255,0.5249,0.93435,78.2986,0.5943,0.93125,790.20175,4.6594,2.8606,5.73125,10023.116,23.1266,0.966,21.44465,47.6231,38.0377,16646.46645,75.4
2018-02-26,74.96,0.7283,0.52115,0.92995,77.83345,0.59245,0.922,782.44915,4.6154,2.8502,5.6981,9954.04075,22.9123,0.96165,21.3374,47.1283,37.71135,16561.90625,75
2018-02-27,74.91,0.7299,0.52245,0.92795,77.957,0.59185,0.9251,780.5916,4.604,2.8455,5.71025,9970.79945,22.85315,0.9597,21.33715,47.2282,37.9475,16600.1159,74.9
2018-02-28,74.57,0.7233,0.52025,0.9285,77.66435,0.59135,0.92375,781.2364,4.562,2.84,5.6619,9891.1285,22.6755,0.9584,21.1171,46.9232,37.68755,16455.43675,74.6
2018-03-01,74.41,0.71965,0.52335,0.9299,76.79745,0.59045,0.92415,779.30905,4.5568,2.82605,5.633,9894.1084,22.58985,0.9546,21.01055,46.8825,37.4326,16377.43525,74.4
2018-03-02,75.03,0.7269,0.5276,0.9353,77.25855,0.5923,0.93215,785.99705,4.61075,2.84395,5.6897,9991.2415,22.83195,0.96045,21.29125,47.41205,37.68615,16537.33855,75
2018-03-05,74.55,0.72295,0.5238,0.93155,76.25315,0.5862,0.9316,779.95465,4.5883,2.81515,5.66155,9945.98525,22.69705,0.95315,21.1756,47.1544,37.4886,16457.2343,74.6
2018-03-06,74.58,0.7236,0.52225,0.93025,76.9187,0.5858,0.93865,777.65295,4.58835,2.8231,5.6675,9958.5455,22.7391,0.95295,21.1899,47.11995,37.55125,16473.8397,74.6
2018-03-07,74.98,0.7286,0.5243,0.9358,76.9766,0.5867,0.9429,778.5456,4.6197,2.84225,5.7073,10036.4654,22.878050000000002,0.9598,21.3225,47.41725,37.89085,16589.8578,75
2018-03-08,74.83,0.7283,0.52375,0.9304,77.25445,0.58695,0.9408,778.51635,4.6049,2.84325,5.706,10027.2346,22.81765,0.9576,21.3035,47.25575,37.85705,16575.74395,74.8
2018-03-09,74.8,0.7255,0.5257,0.93245,77.38905,0.58945,0.9358,774.834,4.59395,2.83995,5.6889,10001.0185,22.7589,0.95625,21.2252,47.22095,37.80945,16510.2037,74.8
2018-03-12,75.05,0.7296,0.52655,0.9284,78.0052,0.59265,0.9348,776.69575,4.62345,2.84945,5.71875,10057.5364,22.8839,0.95965,21.374,47.5407,37.9538,16606.7907,75
2018-03-13,75,0.73055,0.52525,0.92675,77.68305,0.592,0.9379,778.32805,4.6198,2.8528,5.72715,10060.0399,22.88085,0.9587,21.38245,47.506,38.0178,16626.2223,75
2018-03-14,75.3,0.7334,0.5247,0.9325,78.24275,0.59165,0.9501,782.9779,4.6414,2.8562,5.7501,10086.084,22.91875,0.9618,21.4479,47.58115,38.16615,16694.0176,75.3
2018-03-15,75.06,0.732,0.52385,0.92945,77.49315,0.59125,0.9484,780.2754,4.62325,2.8603,5.7394,10054.7522,22.77915,0.95825,21.40955,47.46655,38.11525,16665.0783,75.1
2018-03-16,74.76,0.7259,0.52115,0.9329,77.08695,0.58995,0.94825,777.2212,4.58895,2.8506,5.6924,9980.03645,22.61545,0.9548,21.1883,47.1218,37.77585,16526.92835,74.8
2018-03-19,74.5,0.722,0.51815,0.9357,76.4634,0.5883,0.9458,772.61225,4.56635,2.827,5.6631,9927.8615,22.51915,0.9515,21.0048,46.9156,37.479,16437.0522,74.5
2018-03-20,74.68,0.7239,0.51585,0.9394,76.7479,0.5866,0.94655,776.1294,4.58395,2.833,5.678,9964.12165,22.57845,0.95235,21.1314,47.1324,37.70795,16481.0317,74.7
2018-03-21,74.21,0.71835,0.51275,0.93355,76.47555,0.5861,0.93765,769.67615,4.5472,2.81775,5.6355,9877.31375,22.4197,0.94745,20.95105,46.83715,37.39735,16360.0622,74.2
2018-03-22,74.43,0.72365,0.51075,0.93215,76.42105,0.58505,0.93285,771.3386,4.5816,2.82765,5.67775,9959.23375,22.55255,0.9494,21.1186,47.1892,37.69135,16480.40525,74.4
2018-03-23,74.45,0.72255,0.51165,0.93775,75.75575,0.5857,0.9332,780.20955,4.5677,2.8295,5.6706,9936.8695,22.59775,0.95025,21.0587,47.0561,37.8255,16470.5275,74.5
2018-03-26,74.7,0.72565,0.51245,0.9393,76.18235,0.5867,0.93365,783.73835,4.589,2.8402,5.69505,10000.54585,22.61855,0.9529,21.16325,47.1854,37.9769,16546.9972,74.7
2018-03-27,74.85,0.7292,0.5123,0.9415,76.99985,0.58565,0.93655,784.3276,4.58445,2.8362,5.72235,10017.3855,22.7073,0.9544,21.25365,47.30825,38.0205,16633.7814,74.8
2018-03-28,74.7,0.7267,0.51255,0.94465,76.685,0.5854,0.9356,780.1488,4.55885,2.8105,5.70175,9985.94875,22.6876,0.9512,21.159300000000002,47.2029,38.06095,16580.02395,74.7
2018-03-29,74.31,0.7203,0.5121,0.94085,76.96405,0.58495,0.93075,767.80385,4.52975,2.78575,5.652,9914.56965,22.50935,0.9454,21.00435,46.9792,37.58345,16436.5259,74.3
2018-04-03,74.2,0.7203,0.5126,0.93905,76.25455,0.58545,0.9295,762.4736,4.52575,2.786,5.6532,9913.12925,22.47335,0.9447,20.987,46.9792,37.4466,16417.43785,74.2
2018-04-04,74.89,0.72735,0.51655,0.9444,77.4737,0.5924,0.9301,767.8998,4.57285,2.8112,5.70875,10007.24535,22.68605,0.95315,21.1997,47.29885,37.848,16590.85375,74.9
2018-04-05,75.31,0.7309,0.51895,0.94815,78.18075,0.59525,0.93305,774.3886,4.6046,2.8275,5.73705,10063.0316,22.82605,0.9594,21.3032,47.6291,38.09125,16675.84905,75.3
2018-04-06,74.98,0.7268,0.51845,0.94555,77.873,0.5929,0.9271,773.31525,4.57875,2.8119,5.7046,10012.0343,22.6834,0.95675,21.1837,47.24385,37.85175,16581.2154,75
2018-04-09,75.19,0.7289,0.5171,0.94845,77.93035,0.5939,0.9311,778.68395,4.596,2.8172,5.72085,10036.9536,22.77085,0.95805,21.28865,47.3668,37.9684,16620.74275,75.2
2018-04-10,75.36,0.73165,0.5179,0.9485,78.239,0.59405,0.92865,781.9144,4.6126,2.82895,5.7429500000000004,10068.23615,22.8714,0.95935,21.35465,47.5618,38.0396,16676.13325,75.4
2018-04-11,75.65,0.7363,0.51945,0.94915,78.85775,0.59595,0.928,785.81625,4.62585,2.848,5.7797,10122.6528,22.9652,0.9642,21.4775,47.8641,38.2342,16782.11825,75.6
2018-04-12,75.61,0.7363,0.5191,0.94905,78.6847,0.59525,0.92625,786.7734,4.62065,2.8539,5.7797,10133.6983,22.9284,0.9635,21.4992,48.01925,38.2913,16780.64565,75.6
2018-04-13,75.82,0.7373,0.51795,0.9496,79.20815,0.5983,0.92835,789.7221,4.6388,2.8611,5.78765,10143.40485,22.9964,0.9679,21.6092,48.14385,38.3621,16801.96155,75.8
2018-04-16,75.55,0.7352,0.51575,0.94605,78.9568,0.596,0.927,788.1712,4.61745,2.8564,5.77125,10121.1315,22.9309,0.9648,21.5763,47.9479,38.233,16751.8997,75.6
2018-04-17,75.5,0.7355,0.513,0.9462,78.70585,0.59405,0.9244,786.6173,4.61745,2.8607,5.77345,10128.93855,22.9329,0.9634,21.6226,48.1495,38.30485,16752.85175,75.5
2018-04-18,75.37,0.7335,0.5131,0.9448,78.70085,0.59275,0.9221,781.911,4.61155,2.85515,5.75795,10100.66185,22.8999,0.9619,21.5165,48.1653,38.23,16703.62925,75.4
2018-04-19,75.18,0.73145,0.51565,0.94195,78.6163,0.59145,0.92485,779.4332,4.59385,2.8457,5.74155,10079.0154,22.8556,0.95875,21.47425,47.99865,38.08695,16658.04255,75.2
2018-04-20,74.69,0.7249,0.5149,0.9393,78.08985,0.58735,0.9181,774.12075,4.55565,2.8217,5.68855,10011.95665,22.6586,0.9517,21.3164,47.6604,37.7963,16512.4973,74.7
2018-04-23,74.47,0.7208,0.51405,0.93935,77.70225,0.5871,0.9193,769.4901,4.53545,2.81075,5.65345,10014.4355,22.6115,0.94895,21.24165,47.5989,37.5663,16414.0578,74.5
2018-04-24,73.99,0.7123,0.5113,0.9373,77.50895,0.58365,0.91495,767.2184,4.49825,2.78405,5.586,9899.90185,22.4517,0.9442,21.088,47.33675,37.26645,16220.13995,74
2018-04-26,73.57,0.7069,0.50695,0.93275,77.30305,0.5806,0.9073,763.06325,4.47125,2.76995,5.54755,9845.35025,22.29565,0.93825,21.0006,47.2686,36.9426,16095.4063,73.6
2018-04-27,73.63,0.7064,0.50735,0.93555,77.12125,0.5834,0.90935,760.9341,4.47455,2.76875,5.54405,9808.365,22.3505,0.9378,20.979,47.15925,36.7282,16082.6092,73.6
2018-04-30,73.72,0.7079,0.51375,0.93455,77.22835,0.58345,0.9089,755.7187,4.49155,2.77445,5.5557,9823.17465,22.2847,0.9366,20.9273,47.24525,36.58675,16113.57425,73.7
2018-05-01,73.39,0.7033,0.511,0.93345,76.8918,0.58245,0.9028,751.1596,4.46235,2.7594,5.51975,9784.66175,22.19615,0.933,20.8082,46.93825,36.3954,16009.56965,73.4
2018-05-02,73.4,0.701,0.51485,0.93565,76.88565,0.5839,0.8998,753.08435,4.45505,2.75175,5.50255,9777.198,22.20765,0.93445,20.8067,46.78475,36.343,15957.2136,73.4
2018-05-03,73.4,0.7007,0.5155,0.93225,76.83175,0.5851,0.90075,754.5839,4.46065,2.759,5.4998,9786.32725,22.2192,0.93505,20.87175,46.71395,36.34775,15948.6329,73.4
2018-05-04,73.64,0.70505,0.519,0.9332,76.86455,0.58785,0.90515,758.49285,4.4715,2.7737,5.53405,9826.635,22.28665,0.9373,20.90225,46.96335,36.4162,16048.70075,73.6
2018-05-07,73.55,0.7029,0.5188,0.93365,76.57745,0.58735,0.9037,757.19905,4.46515,2.77015,5.51735,9805.80695,22.303,0.93685,20.85855,47.0196,36.3649,15999.76135,73.6
2018-05-08,73.6,0.70185,0.51745,0.9356,76.49115,0.5888,0.9049,757.08565,4.4682,2.7709,5.5094,9850.466,22.35745,0.93785,20.90535,47.14415,36.42985,15980.0721,73.6
2018-05-09,73.27,0.6961,0.51425,0.93635,76.2508,0.5872,0.90195,752.867,4.43555,2.74995,5.46425,9801.089,22.31,0.9348,20.7859,46.69875,36.19825,15851.93735,73.3
2018-05-10,72.75,0.69205,0.5104,0.9264,75.9006,0.5832,0.8886,745.1303,4.4058,2.73395,5.43225,9743.37345,22.22865,0.93035,20.6982,46.56545,35.9202,15762.8236,72.7
2018-05-11,72.9,0.6961,0.5146,0.92445,76.1394,0.58415,0.8886,744.3398,4.416,2.74995,5.46415,9783.6865,22.23345,0.93125,20.74585,46.84055,36.16275,15850.1972,72.9
2018-05-14,72.88,0.6972,0.51375,0.92205,76.15865,0.58275,0.8907,743.1455,4.41745,2.779,5.47295,9743.371,22.19185,0.9295,20.733,46.9163,36.3949,15875.2442,72.9
2018-05-15,72.42,0.6915,0.5096,0.9178,75.8679,0.57935,0.8848,740.804,4.38765,2.7335,5.42815,9693.79305,22.04155,0.9234,20.57385,46.73745,36.2702,15743.72675,72.4
2018-05-16,72.3,0.6863,0.50875,0.92045,75.72295,0.5806,0.8831,740.72365,4.37515,2.72025,5.38735,9674.0856,22.0608,0.92245,20.5163,46.66325,35.90755,15627.39465,72.3
2018-05-17,72.61,0.6913,0.51015,0.91825,76.2504,0.58515,0.883,745.7745,4.3972,2.74305,5.4264,9729.01125,22.1285,0.92605,20.646,46.8883,36.0931,15742.62975,72.6
2018-05-18,72.45,0.68855,0.5096,0.91665,76.3809,0.58335,0.88325,744.52915,4.3863,2.73765,5.405,9717.1625,22.1162,0.92425,20.6014,46.6114,36.0356,15681.72675,72.4
2018-05-21,72.7,0.6904,0.51315,0.91765,76.62405,0.5872,0.8886,746.97835,4.40245,2.7447,5.41945,9788.1465,22.2136,0.92735,20.66025,46.9688,36.1635,15718.337,72.7
2018-05-22,73.05,0.695,0.5179,0.91675,77.05465,0.58995,0.8878,754.3183,4.4319,2.76155,5.45465,9858.9234,22.33035,0.93115,20.81875,47.3451,36.35925,15826.1928,73.1
2018-05-23,72.72,0.6915,0.5153,0.91545,76.39345,0.58795,0.888,746.3014,4.40775,2.74905,5.42765,9821.02925,22.2023,0.9273,20.68965,47.06695,36.181,15745.10935,72.7
2018-05-24,72.82,0.6915,0.51775,0.916,75.73655,0.5912,0.88925,747.92645,4.4188,2.757,5.42735,9827.25255,22.2162,0.9297,20.7142,47.2986,36.37675,15748.2212,72.8
2018-05-25,72.92,0.6933,0.5186,0.91565,76.00995,0.59205,0.89425,748.7987,4.4281,2.76175,5.4405,9818.86135,22.19945,0.92945,20.7467,47.36975,36.45125,15791.9876,72.9
2018-05-28,73.04,0.6946,0.52155,0.91775,75.97535,0.59335,0.9021,746.17415,4.43885,2.76625,5.4482,9774.759,22.1508,0.9307,20.75535,47.08955,36.52795,15816.0422,73
2018-05-29,73.04,0.693,0.5208,0.92035,75.5855,0.59635,0.9001,745.8413,4.44005,2.75985,5.43675,9695.071,22.16215,0.9312,20.75325,46.6917,36.4054,15810.4486,73
2018-05-30,72.99,0.6906,0.52105,0.92125,75.0026,0.59855,0.8994,746.19335,4.4364,2.75895,5.41755,9692.572,22.17515,0.9289,20.73425,46.8909,36.3953,15775.031,73
2018-05-31,73.38,0.69705,0.52435,0.92245,75.6996,0.59805,0.89795,751.21085,4.4714,2.7746,5.46895,9728.7291,22.3474,0.9344,20.9087,47.03865,36.66905,15937.3517,73.4
2018-06-01,73.77,0.7011,0.52795,0.92675,76.45145,0.59965,0.9077,754.24345,4.4933,2.79005,5.50055,9741.7855,22.5053,0.9382,20.9825,47.31195,36.8649,15989.287,73.8
2018-06-05,73.85,0.7036,0.52845,0.92065,77.31155,0.6016,0.9098,751.76145,4.50915,2.79755,5.5209,9766.6728,22.50115,0.9394,20.94545,47.24495,36.9756,16061.0774,73.9
2018-06-06,73.74,0.7037,0.52475,0.91875,77.31905,0.60005,0.9104,753.45165,4.49945,2.79545,5.522,9760.32,22.4445,0.9384,20.94285,47.27285,36.8232,16065.11925,73.7
2018-06-07,73.72,0.7039,0.52415,0.92045,77.39735,0.59705,0.9116,751.906,4.499,2.79975,5.52255,9759.5745,22.4579,0.9376,20.88755,47.1402,36.92555,16053.1436,73.7
2018-06-08,73.67,0.7024,0.52345,0.92205,77.0814,0.5951,0.9118,753.00795,4.4958,2.79555,5.5105,9765.8187,22.46625,0.93685,20.9245,47.1328,37.02245,16016.125,73.7
2018-06-11,73.89,0.7042,0.52465,0.925,77.07115,0.5965,0.9124,756.02915,4.51225,2.80535,5.5257,9810.563,22.55555,0.9393,20.98975,47.66025,37.24335,16050.8312,73.9
2018-06-12,73.77,0.702,0.5255,0.92265,77.4762,0.59695,0.91235,754.299,4.4982,2.80065,5.5082,9779.9137,22.50965,0.93795,20.93365,47.33055,37.16075,16016.4813,73.8
2018-06-13,73.73,0.7005,0.5241,0.92595,77.4333,0.5963,0.91185,754.54365,4.4882,2.79845,5.497,9759.01645,22.49305,0.93615,20.91695,47.2732,37.2018,15980.85705,73.7
2018-06-14,73.86,0.7023,0.525,0.92815,77.4461,0.59525,0.9113,760.4856,4.49165,2.8057,5.51165,9784.09315,22.57895,0.9384,20.9735,47.50095,37.421,16021.21925,73.9
2018-06-15,73.65,0.6954,0.5245,0.93195,76.8834,0.60105,0.91345,757.67315,4.4619,2.7715,5.4583,9687.9658,22.48925,0.9347,20.8481,47.05945,37.045,15864.1604,73.6
2018-06-18,73.44,0.6924,0.52165,0.93085,76.38905,0.5975,0.91365,764.75585,4.4428,2.76755,5.4347,9646.1713,22.61375,0.9359,20.76615,47.0797,37.0053,15798.1449,73.4
2018-06-19,73.64,0.6934,0.5226,0.93595,76.1908,0.59585,0.9159,765.86035,4.47055,2.77185,5.4426,9660.1028,22.6603,0.93705,20.8713,47.1789,37.02445,15834.4826,73.6
2018-06-20,73.62,0.69145,0.5252,0.9346,76.1252,0.59695,0.91795,766.26495,4.4754,2.7696,5.4271,9632.93655,22.62425,0.93745,20.8645,47.2174,36.89955,15802.05295,73.6
2018-06-21,73.01,0.6844,0.51985,0.92855,75.6981,0.5917,0.91025,757.3913,4.4368,2.74445,5.36925,9640.4594,22.4894,0.93075,20.65245,46.59735,36.5336,15650.5173,73
2018-06-22,73.36,0.6879,0.51895,0.93175,75.6931,0.59285,0.9152,763.6034,4.4737,2.7602,5.3962,9701.11025,22.65945,0.93495,20.8661,46.83225,36.7493,15737.0885,73.4
2018-06-25,73.54,0.69055,0.52075,0.92985,75.61865,0.5924,0.91775,770.41215,4.5012,2.77085,5.4179,9745.73265,22.76745,0.94005,20.9696,46.84865,36.8488,15808.41625,73.5
2018-06-26,73.46,0.6892,0.519,0.93015,75.4433,0.58875,0.9162,769.1817,4.5094,2.7712,5.4085,9763.2084,22.70915,0.9384,20.9541,46.9707,36.81015,15780.9573,73.5
2018-06-27,73.02,0.682,0.51575,0.92595,74.90065,0.58525,0.90865,763.05575,4.50645,2.74775,5.3517,9669.397,22.5333,0.93,20.76415,46.49705,36.53675,15632.1222,73
2018-06-28,72.71,0.6773,0.51655,0.92145,74.6012,0.58565,0.9031,759.4227,4.4821,2.7363,5.3151,9668.4585,22.3848,0.92635,20.6661,46.46875,36.2562,15535.56925,72.7
2018-06-29,72.47,0.6741,0.51575,0.91795,74.4611,0.58275,0.89415,755.5313,4.475,2.7264,5.2901,9711.0858,22.37675,0.92225,20.614,46.33005,36.04445,15462.16925,72.5
2018-07-02,72.65,0.678,0.51415,0.91675,75.2546,0.5815,0.8917,756.987,4.49685,2.7381,5.32005,9712.351,22.4079,0.9247,20.6451,46.4532,36.19845,15570.2704,72.7
2018-07-03,72.21,0.6703,0.51065,0.9144,74.29605,0.5763,0.8846,752.07665,4.49345,2.71305,5.2592,9662.3755,22.28745,0.9201,20.50345,46.07555,35.84425,15386.40185,72.2
2018-07-04,72.47,0.6773,0.51265,0.9136,74.74685,0.5802,0.889,754.10585,4.48615,2.73905,5.31215,9705.71,22.4119,0.92255,20.6407,46.4662,36.10045,15609.056,72.5
2018-07-05,72.52,0.67645,0.51145,0.9163,74.6936,0.5802,0.88915,756.87995,4.48905,2.73695,5.3082,9730.7345,22.45135,0.92385,20.6632,46.50255,36.1363,15584.7318,72.5
2018-07-06,72.81,0.6784,0.51375,0.91945,75.11585,0.5807,0.892,759.842,4.5176,2.74515,5.32475,9773.7094,22.54325,0.9267,20.71155,46.77825,36.2649,15631.3539,72.8
2018-07-09,73.01,0.6841,0.51445,0.91705,75.552,0.5815,0.8951,760.5824,4.53115,2.76205,5.36895,9798.02375,22.63685,0.9276,20.7949,47.1348,36.4793,15759.26995,73
2018-07-10,73.1,0.6851,0.5171,0.917,76.0564,0.58315,0.8984,763.16715,4.5262,2.7531,5.377,9822.62175,22.6965,0.9279,20.78905,47.0989,36.63705,15784.0191,73.1
2018-07-11,73.02,0.68155,0.5138,0.91785,75.64865,0.58085,0.89545,763.6428,4.54765,2.7497,5.3493,9809.209,22.64995,0.92655,20.78115,46.9077,36.46465,15702.57135,73
2018-07-12,72.67,0.6753,0.5117,0.91595,75.8058,0.57825,0.89215,762.61635,4.52215,2.7306,5.3002,9751.67055,22.52125,0.9213,20.6338,46.47075,36.14915,15561.6134,72.7
2018-07-13,72.76,0.67775,0.51405,0.91445,76.3553,0.5808,0.89175,761.4183,4.5145,2.7364,5.31935,9728.08625,22.5081,0.92365,20.66155,46.453,36.22235,15620.78225,72.8
2018-07-16,72.72,0.6768,0.51135,0.9117,76.12985,0.57925,0.8903,764.2426,4.53425,2.74,5.31205,9741.5223,22.53745,0.9241,20.6874,46.3405,36.22575,15600.917,72.7
2018-07-17,72.74,0.6772,0.51185,0.91435,76.14095,0.5785,0.8897,762.59495,4.5268,2.741,5.31505,9744.909,22.5237,0.9227,20.6932,46.48215,36.2414,15609.7987,72.7
2018-07-18,72.98,0.6778,0.51695,0.91765,76.54735,0.58145,0.8947,764.52455,4.5433,2.7495,5.32,9767.099,22.59105,0.92525,20.68915,46.38865,36.2128,15623.968,73
2018-07-19,73.19,0.67985,0.51995,0.91445,76.6361,0.5836,0.8948,768.6045,4.57635,2.76155,5.3359,9801.7375,22.6832,0.92865,20.81665,46.66065,36.374,15670.2027,73.2
2018-07-20,72.9,0.6729,0.51755,0.91755,75.6205,0.57845,0.89375,765.28925,4.58125,2.737,5.2817,9760.4155,22.54215,0.9236,20.6809,46.4301,36.0365,15511.6912,72.9
2018-07-23,73.26,0.6816,0.5184,0.91775,75.586,0.58045,0.8948,768.60625,4.60255,2.7618,5.3491,9855.937,22.7075,0.9275,20.86105,46.9725,36.4077,15713.6066,73.3
2018-07-24,73.36,0.6795,0.51845,0.91995,75.5672,0.5808,0.8948,770.7569,4.62895,2.7649,5.33115,9881.2906,22.7293,0.9279,20.8464,46.7683,36.3604,15764.402,73.4
2018-07-25,73.3,0.6799,0.51705,0.91735,75.66265,0.5818,0.89415,767.0632,4.62315,2.7628,5.3342,9868.7495,22.6891,0.9275,20.84675,46.8196,36.3026,15808.3555,73.3
2018-07-26,73.41,0.6839,0.51805,0.91815,75.7898,0.5828,0.8915,766.20745,4.61715,2.7715,5.3654,9878.9365,22.7123,0.9293,20.87845,47.0113,36.4806,15878.44875,73.4
2018-07-27,73.18,0.6778,0.51725,0.91865,75.21545,0.5821,0.88575,760.5594,4.62195,2.759,5.3197,9816.5788,22.57755,0.9245,20.74275,46.553,36.2203,15711.405,73.2
2018-07-30,73.37,0.68,0.51885,0.91935,75.5242,0.58325,0.8888,758.74405,4.64545,2.7642,5.33705,9800.5005,22.6508,0.92625,20.8063,46.72535,36.227,15798.1005,73.4
2018-07-31,73.51,0.6823,0.5199,0.91915,75.75575,0.58265,0.88895,763.2208,4.65535,2.77185,5.3552,9830.91965,22.7445,0.9289,20.88555,46.84765,36.28335,15868.59275,73.5
2018-08-01,73.3,0.6805,0.5188,0.91715,76.05605,0.5821,0.8853,760.22065,4.62725,2.7645,5.34145,9826.08025,22.56875,0.9265,20.81885,46.67295,36.14,15844.0821,73.3
2018-08-02,73.23,0.6792,0.51755,0.91765,75.77835,0.58225,0.8828,760.4663,4.62585,2.762,5.33095,9809.3465,22.5155,0.9255,20.7995,46.4955,35.97415,15819.5871,73.2
2018-08-03,72.93,0.673,0.5172,0.91375,75.201,0.581,0.8764,759.918,4.62315,2.7475,5.28265,9760.856,22.4378,0.9216,20.66245,46.2082,35.7952,15669.123,72.9
2018-08-06,72.91,0.6751,0.5193,0.91215,75.10825,0.58375,0.87725,758.06985,4.59945,2.7527,5.29875,9777.13625,22.4133,0.92205,20.67895,46.42915,35.8478,15733.881,72.9
2018-08-07,72.88,0.67315,0.52025,0.91085,74.9418,0.5824,0.87485,758.77475,4.6188,2.7505,5.2836,9754.61715,22.44955,0.9216,20.63005,46.3363,35.59615,15689.444,72.9
2018-08-08,72.67,0.6736,0.5206,0.90655,75.03235,0.58045,0.87945,753.55635,4.59005,2.7466,5.2874,9726.1118,22.37615,0.9187,20.59905,46.2527,35.7193,15696.901,72.7
2018-08-09,71.99,0.667,0.51845,0.89835,73.9169,0.5746,0.8686,746.5398,4.55395,2.71835,5.23545,9626.478,22.1177,0.9093,20.42555,45.78785,35.3797,15530.4284,72
2018-08-10,71.46,0.6602,0.51445,0.89535,73.2459,0.57255,0.8614,742.0318,4.51145,2.69265,5.18235,9528.0066,21.93185,0.90205,20.23745,45.3306,35.06655,15367.806,71.5
2018-08-13,71.75,0.6585,0.51645,0.90565,72.5601,0.57895,0.86645,747.0683,4.5285,2.69425,5.16915,9622.33275,21.9017,0.90575,20.2864,45.34925,35.09805,15327.9049,71.7
2018-08-14,71.86,0.6591,0.51625,0.90615,73.0118,0.57785,0.8647,747.05695,4.5405,2.7,5.1737,9639.3385,21.9744,0.9069,20.30555,46.03485,35.2355,15366.9175,71.9
2018-08-15,71.72,0.6564,0.51615,0.90745,73.0836,0.57865,0.85725,740.38645,4.5236,2.69095,5.1527,9600.5078,21.85485,0.9046,20.2253,45.86595,35.0964,15303.9662,71.7
2018-08-16,71.83,0.65775,0.5174,0.90595,72.86555,0.5785,0.86375,743.3891,4.5486,2.69875,5.1629,9613.01675,21.8899,0.90605,20.29785,45.9603,35.1321,15333.7975,71.8
2018-08-17,71.93,0.6596,0.5186,0.90725,73.11665,0.57955,0.8674,742.21495,4.54215,2.706,5.1774,9636.757,21.8855,0.9069,20.30575,46.3674,35.249,15377.255,71.9
2018-08-20,71.99,0.662,0.51965,0.90665,73.14105,0.5792,0.8648,742.433,4.54005,2.7155,5.19635,9656.9255,21.97175,0.9078,20.36575,46.5361,35.33855,15420.6282,72
2018-08-21,71.99,0.6647,0.51835,0.90465,73.09375,0.57715,0.8664,743.9988,4.5461,2.7223,5.2177,9688.0035,21.8321,0.90915,20.42225,46.406,35.49665,15469.5633,72
2018-08-22,72.59,0.6708,0.5198,0.91195,73.90205,0.5795,0.8747,751.0948,4.59015,2.7486,5.26555,9780.265,21.94185,0.9168,20.6053,46.8487,35.8167,15608.8454,72.6
2018-08-23,72.47,0.6676,0.5181,0.91535,73.96675,0.57735,0.8703,748.37965,4.581,2.7388,5.2405,9766.3212,21.90395,0.9148,20.53335,46.6252,35.7066,15538.3902,72.5
2018-08-24,72.29,0.66345,0.5181,0.91645,73.8851,0.5748,0.8691,745.31975,4.57115,2.7261,5.208,9724.519,21.80095,0.9114,20.4704,46.5211,35.4999,15446.44315,72.3
2018-08-27,72.39,0.6687,0.5204,0.91285,74.3795,0.57495,0.87045,745.76775,4.56145,2.7413,5.2492,9767.36685,21.83305,0.91305,20.5575,46.78225,35.75205,15582.38225,72.4
2018-08-28,72.39,0.6698,0.52,0.9126,74.5253,0.5736,0.8686,742.9087,4.5612,2.7445,5.25785,9782.4292,21.7886,0.91285,20.58495,46.98985,35.7405,15602.3214,72.4
2018-08-29,72.53,0.67075,0.5216,0.91415,74.63435,0.57405,0.86735,744.59965,4.5718,2.7521,5.2646,9828.16625,21.9134,0.9156,20.59975,47.05565,35.8248,15626.12775,72.5
2018-08-30,72.16,0.6667,0.51165,0.9146,74.4004,0.56955,0.86125,738.40365,4.5485,2.7385,5.23265,9770.82275,21.7811,0.90975,20.454,47.05565,35.6218,15534.7769,72.2
2018-08-31,72.08,0.66475,0.51075,0.9158,73.78395,0.56975,0.86375,739.90005,4.5417,2.7318,5.2176,9781.7975,21.7606,0.90875,20.3932,47.05515,35.5402,15490.6695,72.1
2018-09-03,71.81,0.6597,0.51045,0.9186,73.2432,0.56885,0.8619,736.5551,4.51135,2.7196,5.17815,9737.173,21.63155,0.90505,20.27555,46.79005,35.3091,15373.649,71.8
2018-09-04,71.73,0.6595,0.51275,0.91615,73.29685,0.5685,0.8645,734.84795,4.49355,2.72705,5.1763,9790.2785,21.58545,0.90575,20.24895,46.86905,35.28985,15367.99925,71.7
2018-09-05,71.32,0.6548,0.50905,0.9095,73.05935,0.5647,0.8625,731.4771,4.4751,2.7158,5.1397,9776.165,21.4578,0.90065,20.1354,46.8002,35.04355,15267.6447,71.3
2018-09-06,71.87,0.6602,0.511,0.9179,73.48025,0.56695,0.8699,738.6648,4.51085,2.73755,5.182,9827.078,21.63805,0.90775,20.31535,47.3182,35.3501,15390.913,71.9
2018-09-07,71.69,0.65845,0.50935,0.9161,72.83445,0.5665,0.86525,738.64925,4.4997,2.72995,5.1685,9802.67625,21.584,0.9051,20.26185,47.34835,35.51025,15351.43265,71.7
2018-09-10,71.28,0.6519,0.5044,0.9177,72.33155,0.56435,0.8593,735.24545,4.47225,2.7021,5.1172,9664.4185,21.4149,0.8998,20.07105,46.7249,35.06895,15186.33695,71.3
2018-09-11,71.39,0.6528,0.50105,0.91835,72.76435,0.56345,0.8592,737.0439,4.4854,2.70585,5.1242,9698.6506,21.4445,0.90055,20.12095,47.26925,35.22375,15202.0805,71.4
2018-09-12,71.24,0.6511,0.5004,0.9175,72.5944,0.5617,0.8513,733.85485,4.479,2.70205,5.1102,9675.347,21.3691,0.89655,20.06135,47.3301,35.11705,15159.23625,71.2
2018-09-13,71.33,0.6554,0.50255,0.91155,72.9952,0.5632,0.85235,733.91695,4.48575,2.713,5.1438,9690.7452,21.37915,0.89895,20.16665,47.30595,35.38175,15258.3676,71.3
2018-09-14,71.55,0.6575,0.50145,0.91505,73.62025,0.56245,0.8546,736.92605,4.50215,2.72305,5.16045,9755.65775,21.4411,0.9015,20.24115,47.45755,35.54445,15281.94425,71.6
2018-09-17,71.47,0.6549,0.50085,0.91575,73.3423,0.56315,0.8539,737.3192,4.5012,2.7103,5.1398,9725.10175,21.4152,0.90045,20.16205,47.04805,35.4759,15234.61175,71.5
2018-09-18,71.68,0.6575,0.50005,0.9171,73.57095,0.56295,0.858,740.8053,4.52125,2.7257,5.1577,9806.6135,21.4477,0.90275,20.25655,47.626,35.57075,15321.39425,71.7
2018-09-19,71.57,0.65735,0.50005,0.91105,73.83685,0.5639,0.85335,739.42025,4.5124,2.72505,5.1576,9801.08975,21.41645,0.90155,20.24305,47.8091,35.5561,15304.0944,71.6
2018-09-20,72.16,0.6647,0.50555,0.9155,74.576,0.56885,0.859,743.7329,4.5522,2.7502,5.2142,9864.149,21.4964,0.9095,20.4332,48.2074,35.87385,15492.49575,72.2
2018-09-21,72.4,0.6683,0.50375,0.91715,75.1938,0.5674,0.8626,746.8253,4.57325,2.7594,5.2332,9902.53675,21.67295,0.9119,20.5342,48.46845,36.135,15586.42725,72.4
2018-09-24,72.4,0.66745,0.51035,0.91815,75.1415,0.5686,0.86305,744.3737,4.5647,2.7602,5.20945,9929.988,21.6788,0.91185,20.454,48.11315,36.17245,15573.94495,72.4
2018-09-25,72.12,0.66385,0.5064,0.9158,74.91215,0.5654,0.8604,740.3588,4.5542,2.74305,5.1867,9886.5524,21.54855,0.90695,20.36325,48.18555,36.0404,15495.91925,72.1
2018-09-26,72.5,0.66785,0.50685,0.91785,75.4003,0.5677,0.86465,744.8198,4.58945,2.7632,5.2217,9976.01,21.6851,0.91175,20.47125,48.5193,36.2292,15594.63205,72.5
2018-09-27,72.25,0.6648,0.5054,0.91665,75.0094,0.5661,0.86705,740.7202,4.57275,2.75525,5.1918,9918.817,21.5761,0.90805,20.37845,48.2346,36.07705,15522.0829,72.2
2018-09-28,72.08,0.66155,0.50575,0.91685,75.1025,0.5682,0.86195,734.4198,4.55425,2.73915,5.1717,9876.94275,21.4276,0.90435,20.17895,48.01865,35.8097,15445.53925,72.1
2018-10-01,72.14,0.6621,0.50775,0.91675,75.3834,0.57045,0.8509,734.4345,4.55565,2.7398,5.18275,9866.28345,21.3809,0.90515,20.2159,47.99565,35.76335,15442.8208,72.1
2018-10-02,72.04,0.6609,0.50685,0.91375,75.3129,0.5709,0.84615,736.54005,4.5474,2.73745,5.17525,9854.02,21.35205,0.9071,20.17265,48.1565,35.82405,15419.4581,72
2018-10-03,71.83,0.6575,0.50665,0.91575,74.6953,0.5695,0.84335,735.9398,4.524,2.72175,5.1538,9892.0885,21.27835,0.90345,20.1583,47.90875,35.6562,15337.83175,71.8
2018-10-04,71.31,0.64975,0.50235,0.91535,74.3249,0.56615,0.83685,732.65815,4.47065,2.69485,5.09285,9794.9825,21.1802,0.8973,19.9194,47.5861,35.29765,15166.79,71.3
2018-10-05,71.17,0.6481,0.4975,0.91635,73.9061,0.56295,0.83735,733.228,4.4593,2.68665,5.0777,9831.678,21.22045,0.8952,19.9566,47.7585,35.19505,15133.45955,71.2
2018-10-08,70.6,0.6427,0.48985,0.91155,73.165,0.55785,0.83255,727.1508,4.42215,2.66625,5.0363,9756.187,21.1159,0.88895,19.8151,47.4642,34.8472,14995.155350000001,70.6
2018-10-09,70.87,0.6449,0.49275,0.91095,72.9027,0.5613,0.83605,730.47825,4.4586,2.68115,5.04835,9815.379,21.2188,0.89265,19.94095,47.75725,34.91165,15060.02775,70.9
2018-10-10,71.22,0.64905,0.49345,0.9114,73.3719,0.564,0.8398,734.17295,4.4939,2.69515,5.08455,9885.03275,21.32535,0.8956,20.10105,48.26575,35.2077,15159.5367,71.2
2018-10-11,71.03,0.6467,0.4895,0.91465,72.60825,0.56055,0.84375,737.2704,4.4748,2.68805,5.0682,9831.1344,21.32335,0.8938,20.0283,47.969,35.05115,15101.0919,71
2018-10-12,71.51,0.65285,0.4931,0.916,73.22695,0.5629,0.85085,741.1807,4.52205,2.71195,5.115,9946.171,21.3188,0.8974,20.3183,48.3762,35.28,15241.43635,71.5
2018-10-15,71.34,0.65055,0.49625,0.91595,72.84535,0.5633,0.84755,737.0732,4.50325,2.705,5.0977,9891.614,21.30715,0.89715,20.07305,47.9016,35.21105,15192.2944,71.3
2018-10-16,72.01,0.6579,0.49995,0.9216,73.58285,0.56765,0.85425,742.11125,4.55715,2.73195,5.1558,10006.661,21.46235,0.9047,20.34985,48.5744,35.54635,15350.45225,72
2018-10-17,72.12,0.6591,0.49985,0.9231,74.07955,0.56935,0.85295,740.46595,4.56005,2.7359,5.16515,10018.321,21.44215,0.9056,20.3695,48.50645,35.49915,15382.7351,72.1
2018-10-18,71.73,0.6541,0.49935,0.91795,73.69415,0.56865,0.8522,739.362,4.52965,2.7191,5.1273,9912.8865,21.3024,0.90115,20.1731,48.1581,35.28215,15268.98365,71.7
2018-10-19,71.92,0.6544,0.5025,0.9216,73.49895,0.57115,0.85555,744.87085,4.54225,2.72195,5.1299,9942.6267,21.358,0.90355,20.2756,48.1802,35.35395,15278.6041,71.9
2018-10-23,72.06,0.6548,0.505,0.92665,73.82215,0.5713,0.85795,743.52545,4.54235,2.72465,5.13335,9943.139,21.46105,0.90415,20.2284,48.1049,35.29375,15288.5979,72.1
2018-10-24,72.03,0.65525,0.5047,0.92385,73.6796,0.57135,0.8571,743.3812,4.54645,2.7275,5.1365,9953.24875,21.4971,0.903,20.2905,48.19775,35.2656,15299.10475,72
2018-10-25,71.79,0.6521,0.5059,0.92225,72.99935,0.57165,0.84975,742.74195,4.52565,2.71765,5.1126,9909.9641,21.4655,0.9004,20.1734,47.74025,35.07645,15225.8831,71.8
2018-10-26,71.82,0.6516,0.5083,0.9216,73.24635,0.57315,0.85275,740.99955,4.5286,2.71915,5.1087,9896.1755,21.4637,0.9003,20.1866,47.72155,35.03655,15215.1859,71.8
2018-10-29,71.84,0.6523,0.50845,0.92045,73.02175,0.57265,0.85475,742.61095,4.53205,2.724,5.1143,9925.72325,21.5683,0.90075,20.2203,47.85765,34.9959,15235.119,71.8
2018-10-30,72.07,0.6533,0.51025,0.924,73.5289,0.57435,0.85705,745.35005,4.5439,2.73045,5.124,9943.227,21.73205,0.9037,20.24935,48.00775,35.02015,15251.61565,72.1
2018-10-31,72.36,0.6551,0.5156,0.92585,74.18025,0.5776,0.85925,746.55205,4.5602,2.7406,5.1396,9972.5877,21.80335,0.90775,20.2973,48.276,35.09045,15292.6548,72.4
2018-11-01,72.14,0.65395,0.50915,0.92045,73.75575,0.5773,0.8604,745.40495,4.56075,2.73645,5.12915,9941.6755,21.6294,0.9052,20.23515,48.35635,34.9896,15266.79035,72.1
2018-11-02,73.06,0.6662,0.51265,0.92445,75.14735,0.5844,0.8723,751.20715,4.63075,2.7807,5.22015,10077.941,21.92635,0.9171,20.60355,48.9907,35.64505,15553.1054,73.1
2018-11-05,72.82,0.66555,0.51195,0.92445,75.3469,0.5841,0.87205,746.4144,4.58565,2.771,5.2082,9951.637,21.8217,0.91395,20.42875,48.2499,35.61025,15524.2869,72.8
2018-11-06,72.96,0.6663,0.5102,0.92385,75.4818,0.58385,0.8737,747.4887,4.6148,2.7821,5.21915,9978.509,21.9379,0.91625,20.4944,48.71985,35.4655,15533.11925,73
2018-11-07,73.78,0.6757,0.5146,0.93155,76.38455,0.58915,0.8859,756.7165,4.6736,2.81665,5.2922,10002.05,22.2018,0.92685,20.7974,49.36665,35.77155,15761.3785,73.8
2018-11-08,74.01,0.67775,0.51625,0.93195,76.9992,0.5928,0.88925,758.4362,4.69425,2.8269,5.30665,9881.59675,22.2607,0.9297,20.84185,49.51645,35.8123,15809.53555,74
2018-11-09,73.91,0.67545,0.51705,0.93095,76.97765,0.59425,0.88845,759.07075,4.68025,2.8197,5.28855,9821.04425,22.28985,0.92885,20.7215,49.34835,35.7178,15750.8188,73.9
2018-11-12,73.93,0.674,0.52065,0.93265,76.7787,0.59505,0.889,761.62,4.6804500000000004,2.819,5.27875,9893.3093,22.29425,0.92925,20.7626,48.85155,35.69845,15721.0502,73.9
2018-11-13,74,0.6718,0.52235,0.93635,76.36015,0.5983,0.8895,765.3146,4.6798,2.81855,5.26335,9952.718,22.25335,0.9301,20.7361,48.9931,35.8069,15654.62,74
2018-11-14,74.26,0.67665,0.5203,0.93645,77.0806,0.5985,0.89505,764.6484,4.70505,2.83345,5.29955,10021.18775,22.2652,0.9329,20.9078,49.1654,35.88275,15772.0351,74.3
2018-11-15,74.52,0.68035,0.52385,0.9346,77.28095,0.60105,0.9009,769.9862,4.7293,2.85405,5.3266,10060.33615,22.3699,0.9372,21.04155,49.19185,36.1232,15864.062,74.5
2018-11-16,74.79,0.68315,0.5344,0.93805,77.59905,0.6027,0.90005,770.18335,4.738,2.86065,5.3506,10026.93475,22.49445,0.93975,21.0718,49.1731,36.084,15923.5436,74.8
2018-11-19,74.98,0.6866,0.53495,0.93805,77.39015,0.6017,0.9036,772.837,4.7704,2.87515,5.3768,10032.2566,22.58055,0.9429,21.18985,49.3288,36.19755,16005.6762,75
2018-11-20,74.74,0.68425,0.5323,0.93855,77.0363,0.5977,0.90145,771.8683,4.7506,2.86665,5.3595,9979.7875,22.5221,0.93855,21.14675,48.9906,35.97105,15950.89425,74.7
2018-11-21,74.42,0.67875,0.53075,0.94095,76.5732,0.59715,0.90375,768.98985,4.70955,2.84905,5.316,9899.57,22.41575,0.93375,20.9815,48.52045,35.5665,15839.989,74.4
2018-11-22,74.73,0.68285,0.5344,0.94035,77.23375,0.59965,0.90365,770.80115,4.73845,2.8639,5.34745,9973.0255,22.45555,0.93795,21.0881,48.8135,35.754,15946.5963,74.7
2018-11-23,74.51,0.6812,0.52905,0.93905,76.9688,0.59725,0.89885,769.0067,4.7241,2.859,5.3328,9930.1935,22.466,0.9352,21.0375,48.3209,35.7051,15904.3175,74.5
2018-11-26,74.2,0.677,0.52855,0.9363,76.48745,0.59725,0.89535,766.66865,4.6997,2.84105,5.2987,9843.581,22.37995,0.9312,20.9193,48.023,35.51205,15816.413,74.2
2018-11-27,74.18,0.6768,0.52825,0.9372,76.80665,0.5972,0.897,764.8517,4.6936,2.8375,5.2936,9796.681,22.3649,0.93035,20.89925,47.9276,35.43555,15797.189,74.2
2018-11-28,74.52,0.679,0.53305,0.9392,77.25325,0.6015,0.90355,768.22065,4.7181,2.84705,5.314,9855.686,22.45115,0.9358,20.9811,48.0571,35.7205,15852.953,74.5
2018-11-29,74.84,0.6843,0.5336,0.9376,77.71255,0.602,0.9089,768.91375,4.7601,2.87095,5.35545,9941.85285,22.51175,0.9399,21.14215,48.33895,35.98395,15968.825,74.8
2018-11-30,74.92,0.68615,0.5368,0.9378,77.82655,0.60245,0.91155,768.04205,4.76545,2.8712,5.36635,9868.553,22.5898,0.94,21.1574,47.9173,35.968,16006.50745,74.9
2018-12-03,75.18,0.6891,0.5399,0.93725,78.26455,0.60775,0.91385,769.3113,4.785,2.88085,5.3901,9855.85325,22.649,0.94395,21.2253,48.0268,36.0847,16068.08975,75.2
2018-12-04,75.44,0.69295,0.5447,0.9422,78.6949,0.61035,0.91475,771.2534,4.7732,2.8858,5.41645,9871.074,22.71665,0.9477,21.2992,48.7646,36.25165,16146.4282,75.4
2018-12-05,75.55,0.6943,0.54605,0.94975,78.34135,0.61225,0.92135,772.02695,4.75055,2.88585,5.42045,9921.5472,22.7036,0.94845,21.31155,48.97855,36.59305,16166.0814,75.6
2018-12-06,75.12,0.68825,0.541,0.9501,77.69995,0.6064,0.9212,767.915,4.72525,2.8614,5.3781,9907.36,22.5505,0.94185,21.20155,48.5457,36.2811,16041.38725,75.1
2018-12-07,75.15,0.68795,0.5384,0.95145,77.53885,0.6048,0.92125,769.05935,4.73625,2.86425,5.37205,9989.03525,22.57855,0.94205,21.2267,48.73695,36.19305,16051.9376,75.2
2018-12-10,75.02,0.68635,0.5393,0.9531,77.19035,0.6016,0.91395,771.7663,4.72195,2.86035,5.3641,9931.48575,22.5174,0.9409,21.1667,48.57125,36.18095,16000.535,75
2018-12-11,75.4,0.68735,0.5472,0.95645,77.729,0.60515,0.92125,776.7743,4.7522,2.8714,5.37115,10004.3805,22.58635,0.9445,21.22095,49.0734,36.35425,16019.37935,75.4
2018-12-12,75.5,0.6889,0.55115,0.95355,78.18325,0.608,0.9214,776.25255,4.7524,2.88065,5.38515,10057.941,22.5804,0.94555,21.2791,49.50005,36.30435,16052.7482,75.5
2018-12-13,75.03,0.68535,0.5432,0.94945,77.68785,0.60275,0.9154,771.2244,4.7214,2.86615,5.35575,10005.08285,22.4315,0.9404,21.1547,49.32035,36.05625,15970.369,75
2018-12-14,74.83,0.68385,0.5411,0.9486,77.6204,0.60195,0.91335,770.56225,4.6967,2.85985,5.3409,9914.11725,22.379,0.93825,21.09815,49.02175,35.9979,15925.1575,74.8
2018-12-17,74.54,0.67895,0.53955,0.9466,77.0167,0.60055,0.9085,768.9449,4.6836,2.8424,5.3046,9902.488,22.27975,0.93425,20.9582,48.7929,35.99795,15809.3512,74.5
2018-12-18,74.83,0.6826,0.54115,0.94995,76.95975,0.60155,0.91575,771.71345,4.7105,2.8526,5.33415,9950.603,22.35515,0.9368,21.0695,48.8605,36.1573,15917.5496,74.8
2018-12-19,75.04,0.6855,0.5414,0.95315,77.06735,0.60225,0.92235,771.73595,4.72735,2.8647,5.36145,9939.751,22.43125,0.93925,21.16005,48.55655,36.3315,15985.1747,75
2018-12-20,74.34,0.67775,0.5369,0.95155,76.25705,0.5954,0.91395,764.1632,4.6734,2.83365,5.3052,9788.40625,22.19635,0.93005,20.8845,47.717,36.01565,15796.99725,74.3
2018-12-21,74.17,0.6773,0.5347,0.9521,75.3598,0.5915,0.9145,761.7594,4.67145,2.8308,5.30135,9800.5335,22.1003,0.9281,20.88895,47.32295,35.9731,15782.7845,74.2
2018-12-24,73.86,0.6726,0.53155,0.9533,74.6956,0.59115,0.9137,757.953,4.6424,2.81415,5.2684,9789.694,21.957,0.9236,20.7147,47.07865,35.56375,15660.4824,73.9
2018-12-27,73.82,0.67315,0.5317,0.95135,74.7129,0.59205,0.91445,755.7456,4.63275,2.81075,5.26965,9811.1625,21.9279,0.92345,20.74075,47.2131,35.6635,15659.1525,73.8
2018-12-28,73.55,0.67105,0.5305,0.95245,74.38255,0.58625,0.91375,751.50895,4.6103,2.7926,5.25625,9773.8445,21.80745,0.9197,20.66025,47.20585,35.2771,15583.45925,73.5
2018-12-31,73.48,0.6713,0.529,0.95195,74.09475,0.58645,0.91445,749.03655,4.60895,2.7822,5.2575,9774.13,21.8575,0.91655,20.63375,47.0279,35.3003,15570.8055,73.5
2019-01-03,72.68,0.662,0.5275,0.955,71.27755,0.58375,0.9024,745.31275,4.5359,2.747,5.18645,9569.211,21.38095,0.9049,20.3767,46.4211,34.80135,15363.3655,72.7
2019-01-04,73.16,0.6682,0.52875,0.9546,71.88165,0.58585,0.9012,753.2619,4.59185,2.76635,5.2318,9628.763,21.4584,0.9113,20.6407,46.83745,35.13395,15503.911,73.2
2019-01-07,73.4,0.6733,0.52865,0.94625,73.0396,0.59005,0.9007,753.11975,4.62165,2.7757,5.27445,9607.992,21.5271,0.9151,20.79285,46.9576,35.27415,15616.5204,73.4
2019-01-08,73.37,0.6746,0.52785,0.94445,73.35935,0.58825,0.89675,754.57385,4.6208,2.77295,5.2866,9505.115,21.5602,0.91505,20.7797,47.0095,35.33555,15650.0456,73.4
2019-01-09,73.4,0.6743,0.52935,0.94365,73.3099,0.58855,0.8936,757.84585,4.62335,2.7744,5.2857,9537.9745,21.5911,0.9153,20.7887,47.3308,35.33665,15642.74865,73.4
2019-01-10,73.66,0.6791,0.53075,0.9468,73.31565,0.5875,0.8979,759.4376,4.6403,2.78735,5.32295,9592.2885,21.68875,0.919,20.919,47.8935,35.43885,15754.10145,73.7
2019-01-11,73.5,0.67865,0.5323,0.94345,73.57585,0.58945,0.8981,759.07005,4.60125,2.78075,5.31965,9538.427,21.6557,0.9174,20.8885,47.8143,35.45265,15742.6443,73.5
2019-01-14,73.84,0.6826,0.53105,0.94665,74.01435,0.5955,0.90545,764.13665,4.60635,2.79695,5.3519,9586.4356,21.80225,0.9234,21.0353,48.10795,35.60445,15834.2724,73.8
2019-01-15,73.94,0.68335,0.53035,0.94815,74.03755,0.59535,0.9068,766.17205,4.6181,2.7997,5.3596,9651.6364,21.7886,0.92425,21.08205,48.39145,35.6606,15853.37845,73.9
2019-01-16,73.92,0.6823,0.5306,0.9479,73.99885,0.5979,0.9051,766.5641,4.60825,2.8046,5.3516,9615.31425,21.7671,0.9247,21.03395,48.45355,35.5956,15832.0894,73.9
2019-01-17,73.46,0.6776,0.5259,0.94465,73.79745,0.5945,0.8983,759.08145,4.57645,2.78255,5.3142,9569.4065,21.4528,0.9178,20.89275,48.2485,35.33685,15719.6426,73.5
2019-01-18,73.31,0.67605,0.521,0.94,73.87875,0.59335,0.89765,758.2577,4.58,2.77855,5.3026,9586.39025,21.43585,0.91635,20.85075,48.00295,35.425,15683.34605,73.3
2019-01-21,73.15,0.6734,0.52375,0.94015,73.8282,0.59205,0.8933,757.23835,4.55875,2.7694,5.28205,9545.446,21.36195,0.9147,20.76295,47.90065,35.4141,15620.86,73.1
2019-01-22,73.15,0.6725,0.52175,0.94005,73.7094,0.59155,0.8948,759.9923,4.56635,2.7717,5.2762,9564.63175,21.3754,0.91395,20.74225,47.89125,35.49115,15600.99135,73.1
2019-01-23,73.7,0.6766,0.5223,0.95005,74.04375,0.59535,0.9029,764.9302,4.60775,2.79605,5.3091,9617.87,21.49385,0.9203,20.9049,48.3253,35.73125,15696.1052,73.7
2019-01-24,73.82,0.6797,0.51955,0.94895,74.417,0.5969,0.90635,765.5122,4.61345,2.8092,5.33215,9638.147,21.5176,0.9226,20.9993,48.4932,35.793,15767.681,73.8
2019-01-25,73.67,0.6761,0.5157,0.9539,74.1648,0.59775,0.9025,761.8971,4.59325,2.80345,5.305,9576.9575,21.42395,0.9195,20.88,48.118,35.72515,15683.4919,73.7
2019-01-28,74.07,0.68415,0.51815,0.95225,74.781,0.5995,0.9043,765.0508,4.62725,2.81015,5.3679,9636.254,21.53535,0.9256,21.08755,48.732,35.935,15866.1229,74.1
2019-01-29,73.94,0.6826,0.51925,0.95515,74.5058,0.5974,0.9062,764.239,4.59995,2.80855,5.3557,9604.183,21.5275,0.9243,21.01725,48.56085,35.8638,15832.9072,73.9
2019-01-30,73.88,0.6828,0.52175,0.95105,74.6949,0.59715,0.9062,763.54115,4.59595,2.8063,5.35545,9624.067,21.4741,0.9231,21.0388,48.5539,35.77875,15838.9118,73.9
2019-01-31,74.36,0.69025,0.52645,0.95125,75.2062,0.60075,0.90705,768.4209,4.63435,2.82345,5.4138,9753.23375,21.5772,0.9298,21.22415,49.11475,36.03105,16016.56125,74.4
2019-02-01,74.5,0.69175,0.52765,0.95225,75.28315,0.6042,0.9081,769.4336,4.63855,2.8334,5.4269,9665.4775,21.6414,0.93155,21.2516,49.19725,36.05055,16047.9085,74.5
2019-02-04,74.46,0.6895,0.52715,0.95335,75.5416,0.60195,0.90285,771.37815,4.64445,2.82795,5.40885,9611.631,21.6003,0.9318,21.19455,49.1527,36.08155,16001.57275,74.5
2019-02-05,74.36,0.6874,0.52725,0.9549,75.60715,0.60105,0.9017,769.02875,4.63035,2.81385,5.39355,9592.668,21.53625,0.93045,21.13,49.3206,36.0266,15952.837,74.4
2019-02-07,73.5,0.6769,0.52335,0.95295,74.38115,0.5956,0.89465,759.92185,4.5596,2.777,5.3112,9422.449,21.17345,0.91795,20.80725,48.4356,35.4188,15709.15825,73.5
2019-02-08,73.23,0.67365,0.52005,0.9529,73.92295,0.594,0.89725,758.02475,4.5377,2.7451,5.2857,9412.57525,21.06165,0.91445,20.70735,48.09355,35.1578,15633.73425,73.2
2019-02-11,73.48,0.6765,0.52305,0.95275,74.2966,0.5974,0.89835,759.47275,4.55695,2.7496,5.30815,9449.3522,21.22685,0.91735,20.79495,48.2319,35.22875,15699.87525,73.5
2019-02-12,73.32,0.6722,0.52255,0.95205,74.2882,0.59615,0.8944,756.6956,4.55775,2.7406,5.27495,9437.689,21.12555,0.91495,20.70345,47.8339,35.09555,15603.443,73.3
2019-02-13,73.88,0.6791,0.52675,0.95615000000000006,75.0711,0.5993,0.898,762.4935,4.60345,2.76225,5.3296,9553.91905,21.2312,0.92105,20.92955,48.06975,35.28265,15761.2321,73.9
2019-02-14,74.17,0.68105,0.52985,0.95995,75.55905,0.6046,0.9029,766.21535,4.6036,2.7702,5.3449,9573.861,21.3918,0.92565,20.9903,48.22825,35.544,15798.65775,74.2
2019-02-15,74.26,0.6818,0.53285,0.961,75.2605,0.60375,0.9071,768.38865,4.61655,2.77835,5.3504,9606.563,21.34715,0.9258,21.01955,48.4734,35.66495,15819.1238,74.3
2019-02-18,74.8,0.68795,0.5329,0.96225,76.03565,0.6086,0.91055,773.39345,4.6648,2.80305,5.3991,9729.3335,21.48125,0.93285,21.2143,49.0302,36.07955,15961.47205,74.8
2019-02-19,74.46,0.6844,0.52995,0.9616,75.6433,0.60535,0.90705,771.5926,4.6314,2.7975,5.371,9654.4889,21.3858,0.929,21.0983,48.82935,35.84205,15878.0802,74.5
2019-02-20,74.61,0.68745,0.5262,0.96035,76.1317,0.6057,0.9079,772.5907,4.6523,2.79895,5.3957,9695.45195,21.3986,0.92995,21.2044,49.04695,35.9055,15947.46535,74.6
2019-02-21,74.31,0.6864,0.52625,0.95405,75.96735,0.60515,0.904,771.8912,4.61565,2.79195,5.3871,9638.7725,21.34705,0.9276,21.15485,48.83395,35.6894,15923.7938,74.3
2019-02-22,73.92,0.6811,0.52225,0.9587,75.4148,0.60065,0.90105,766.5781,4.57085,2.77855,5.34475,9580.01215,21.2639,0.92215,20.99495,48.47815,35.56365,15809.35295,73.9
2019-02-25,74.5,0.68775,0.5262,0.96075,76.16835,0.6061,0.90325,770.5208,4.6207,2.795,5.39765,9667.70225,21.50855,0.9282,21.19545,48.95235,35.81115,15962.67775,74.5
2019-02-26,74.42,0.68785,0.524,0.96005,76.3548,0.6054,0.90735,769.1195,4.6044,2.7999,5.3988,9641.938,21.5074,0.92815,21.18095,48.83215,35.73725,15969.8137,74.4
2019-02-27,74.48,0.68945,0.5201,0.95965,76.21525,0.6053,0.90755,770.5983,4.6163,2.80435,5.41165,9645.0609,21.5858,0.92915,21.22785,48.99335,35.8583,15995.9297,74.5
2019-02-28,73.96,0.6838,0.51355,0.95765,75.7958,0.60105,0.89935,765.48,4.57015,2.7848,5.36735,9593.715,21.5038,0.92205,21.045,48.6977,35.43455,15863.8182,74
2019-03-01,73.86,0.68115,0.51395,0.96035,75.9925,0.59905,0.89705,766.0895,4.5543,2.77465,5.34695,9582.07825,21.5039,0.92115,20.9634,48.44765,35.32785,15802.68025,73.9
2019-03-04,73.95,0.68095,0.51445,0.96105,76.2528,0.59895,0.9046,765.89855,4.5677,2.7735,5.3446,9611.6105,21.6355,0.92225,20.95725,48.25725,35.25955,15797.3593,74
2019-03-05,74.06,0.6815,0.5173,0.96275,76.2258,0.60125,0.90795,767.74385,4.56525,2.7785,5.3494,9629.596,21.72965,0.9235,21.00795,48.2962,35.31365,15811.14085,74.1
2019-03-06,73.83,0.6787,0.51615,0.9611,75.8617,0.60055,0.9067,764.28415,4.54995,2.77215,5.3276,9588.33475,21.5623,0.92055,20.9321,47.8416,35.47905,15745.1615,73.8
2019-03-07,73.81,0.67785,0.5143,0.96375,75.6684,0.59925,0.91125,765.2927,4.54905,2.7731,5.3209,9585.1393,21.5963,0.91985,20.90865,47.6969,35.3973,15726.45905,73.8
2019-03-08,73.73,0.6757,0.5162,0.9636,75.33045,0.60375,0.909,765.63575,4.53195,2.768,5.30405,9554.73695,21.52785,0.91985,20.85415,47.3294,35.2445,15674.8888,73.7
2019-03-11,74.14,0.6794,0.52405,0.9668,75.33865,0.6051,0.9124,771.7645,4.56995,2.7784,5.33315,9723.913,21.56075,0.9237,20.99075,47.64885,35.51905,15759.3626,74.1
2019-03-12,74.35,0.6831,0.51665,0.9668,76.11785,0.60665,0.9153,771.21995,4.59435,2.78875,5.36215,9761.5,21.62355,0.9269,21.11395,47.7596,35.6647,15846.89545,74.4
2019-03-13,74.58,0.68545,0.5243,0.97015,76.3009,0.6072,0.9155,774.4215,4.60035,2.79835,5.38065,9777.9455,21.6842,0.9295,21.1825,47.7904,36.1232,15902.0979,74.6
2019-03-14,74.41,0.685,0.51565,0.96805,76.1891,0.6047,0.9113,775.14605,4.5958,2.79925,5.37695,9771.526,21.65285,0.92695,21.16855,47.61435,36.1543,15891.6576,74.4
2019-03-15,74.42,0.6842,0.51665,0.967,76.53465,0.60515,0.9118,776.32755,4.59575,2.79975,5.3708,9761.4824,21.7302,0.92755,21.14315,47.5057,35.9975,15872.756,74.4
2019-03-18,74.37,0.6845,0.51505,0.9659,76.3594,0.6046,0.9134,777.18135,4.5947,2.79995,5.37305,9760.2863,21.6764,0.92635,21.14045,47.33455,36.0184,15881.0847,74.4
2019-03-19,74.28,0.6844,0.51605,0.96425,76.1703,0.60365,0.913,774.60395,4.5939,2.791,5.37235,9744.1455,21.67155,0.9247,21.0946,46.9259,36.03365,15880.818,74.3
2019-03-20,74.28,0.68345,0.51555,0.9678,76.28325,0.6023,0.9115,772.94785,4.58945,2.78675,5.3649,9725.49475,21.65855,0.9244,21.05505,47.1649,36.10325,15862.1913,74.3
2019-03-21,74.9,0.6929,0.52425,0.967,76.6902,0.60605,0.92015,779.2354,4.64185,2.8104,5.43835,9828.7875,21.9199,0.93285,21.35245,47.70235,36.547,16082.2092,74.9
2019-03-22,74.61,0.6883,0.52455,0.9693,76.2189,0.60545,0.9202,777.09075,4.60345,2.79625,5.4006,9732.563,21.83635,0.9287,21.21405,47.3857,36.19425,15968.90425,74.6
2019-03-25,74.68,0.6877,0.52145,0.9726,75.50605,0.60905,0.9241,780.8835,4.61175,2.79895,5.396,9741.2715,21.7726,0.9304,21.1791,47.42725,36.16615,15955.3279,74.7
2019-03-26,74.99,0.6917,0.524,0.9717,76.2115,0.61115,0.9264,783.24655,4.64255,2.81245,5.4284,9808.307,21.80585,0.93335,21.3192,47.6763,36.2762,16047.09425,75
2019-03-27,74.15,0.68315,0.5173,0.95945,75.512,0.60655,0.91515,775.307,4.5859,2.7845,5.36195,9680.23675,21.62515,0.92425,21.0629,47.0352,35.92005,15848.0554,74.1
2019-03-28,73.85,0.67905,0.51515,0.95885,74.9094,0.60365,0.91115,772.82685,4.56425,2.76985,5.3303,9639.116,21.6651,0.9208,20.9456,46.7747,35.83685,15752.94155,73.8
2019-03-29,73.86,0.6785,0.51955,0.95735,75.21515,0.60405,0.91115,770.36895,4.56565,2.76795,5.32615,9663.198,21.59665,0.9197,20.92565,46.9208,35.75015,15741.8787,73.9
2019-04-01,74.17,0.68215,0.524,0.95825,75.7732,0.6076,0.91105,773.183,4.5842,2.7808,5.35465,9713.81725,21.6122,0.92355,21.0242,47.25595,35.82655,15823.8338,74.2
2019-04-02,73.83,0.67885,0.5194,0.95485,75.6205,0.60585,0.9035,770.3251,4.55555,2.77275,5.32855,9656.6425,21.52805,0.9201,20.89975,47.0273,35.6498,15750.3389,73.8
2019-04-03,73.59,0.6764,0.5153,0.95365,75.4051,0.6031,0.9016,767.54495,4.54645,2.76075,5.3093,9618.409,21.4774,0.91595,20.85175,46.49235,35.4366,15691.4657,73.6
2019-04-04,73.78,0.6795,0.51565,0.954,75.7541,0.60425,0.9067,770.553,4.55825,2.772,5.33365,9662.491,21.55375,0.91915,20.9354,46.4948,35.43255,15764.4002,73.8
2019-04-05,73.43,0.67515,0.5162,0.94855,75.44125,0.6016,0.90235,767.47685,4.536,2.7563,5.2991,9573.62825,21.45625,0.91445,20.80135,46.70015,35.22595,15662.8051,73.4
2019-04-08,73.27,0.67315,0.5159,0.94855,75.0596,0.5999,0.9001,766.4823,4.5215,2.7562,5.28385,9525.07375,21.4533,0.91255,20.74785,46.60215,35.11825,15616.4071,73.3
2019-04-09,73.29,0.6741,0.51565,0.94625,75.05425,0.59845,0.89775,770.3615,4.52845,2.7628,5.28895,9538.516,21.4684,0.913,20.78585,46.9679,35.1442,15638.4461,73.3
2019-04-10,73.33,0.6744,0.51665,0.94805,74.93595,0.59905,0.8992,770.67065,4.52955,2.7654,5.2851,9546.133,21.45605,0.91325,20.80325,46.741,35.11095,15645.0685,73.3
2019-04-11,73.42,0.6767,0.51685,0.94465,75.1577,0.60005,0.9027,770.4568,4.54255,2.7829,5.30635,9578.6895,21.48695,0.9155,20.87145,46.7676,35.08185,15699.77845,73.4
2019-04-12,73.16,0.6728,0.51495,0.9446,75.1585,0.59615,0.8999,767.7994,4.5227,2.7719,5.27935,9518.4395,21.4203,0.9125,20.77335,46.36265,34.99905,15606.6053,73.2
2019-04-15,73.48,0.6775,0.51755,0.9446,75.85965,0.59915,0.9028,768.8609,4.54425,2.78485,5.3138,9527.34425,21.5208,0.91645,20.909,46.86525,35.0064,15717.66135,73.5
2019-04-16,73.29,0.67490000000000006,0.51595,0.94465,75.55505,0.59755,0.9037,766.88895,4.52935,2.7779,5.29105,9489.095,21.4382,0.9136,20.83825,46.852,34.9143,15658.01755,73.3
2019-04-17,72.91,0.6719,0.51495,0.93565,75.3099,0.59485,0.8977,762.9089,4.50715,2.78335,5.2696,9463.7125,21.36305,0.90975,20.73415,46.7676,34.7809,15587.74415,72.9
2019-04-18,72.84,0.6715,0.51495,0.93605,75.1543,0.5946,0.8968,763.2941,4.49385,2.78335,5.26825,9407.716,21.3688,0.90885,20.7054,46.73975,34.7602,15577.79285,72.8
2019-04-23,72.64,0.66785,0.51435,0.93675,74.65565,0.59365,0.89235,761.34905,4.4819,2.76055,5.2396,9398.31975,21.2894,0.90555,20.6008,46.52575,34.6681,15500.799,72.6
2019-04-24,72.34,0.66255,0.5122,0.94075,74.1493,0.5907,0.89105,757.9241,4.45385,2.7373,5.19515,9351.2317,21.2049,0.90005,20.441,46.12175,34.54535,15385.4057,72.3
2019-04-26,72.69,0.664,0.51495,0.9457,74.1522,0.5964,0.89485,769.31045,4.47175,2.7433,5.20855,9420.5015,21.248,0.90405,20.5246,46.65475,34.6243,15419.0767,72.7
2019-04-29,73.02,0.6678,0.51685,0.947,74.5465,0.59895,0.8989,773.64635,4.49815,2.759,5.2384,9476.083,21.3095,0.90925,20.63435,46.756,34.82245,15551.393,73
2019-04-30,72.86,0.66635,0.51505,0.94605,74.35135,0.5957,0.89705,774.99845,4.4884,2.755,5.227,9472.1665,21.2682,0.9077,20.58955,46.6545,34.7435,15517.62625,72.9
2019-05-01,72.65,0.6652,0.51005,0.94295,74.12655,0.59295,0.89,777.0534,4.48135,2.7503,5.21855,9479.101,21.2365,0.90465,20.55535,46.26715,34.66525,15490.8455,72.7
2019-05-02,72.53,0.66355,0.50825,0.94445,74.02235,0.592,0.89175,770.91245,4.4702,2.74375,5.2059,9434.02275,21.20045,0.90265,20.4941,46.1524,34.38515,15452.42125,72.5
2019-05-03,72.45,0.66165,0.5075,0.94625,73.731,0.5921,0.8911,774.2629,4.4574,2.74025,5.19025,9451.6715,21.19595,0.90185,20.44965,45.89125,34.35785,15387.6636,72.4
2019-05-06,72.46,0.6612,0.50285,0.94705,73.07255,0.59085,0.8909,773.571,4.48595,2.7427,5.18735,9458.4675,21.17825,0.90185,20.44465,45.77075,34.389,15377.85975,72.5
2019-05-07,72.36,0.6611,0.50415,0.94395,73.15405,0.59005,0.8873,773.0904,4.47565,2.74425,5.1875,9462.65555,21.08745,0.90095,20.4323,45.87995,34.3078,15391.39995,72.4
2019-05-08,71.65,0.6548,0.50095,0.9338,72.08695,0.5848,0.8821,766.4108,4.4335,2.71645,5.1393,9365.6079,20.8775,0.8921,20.2451,45.46275,34.02995,15278.12225,71.7
2019-05-09,72.1,0.6574,0.50535,0.94245,72.30415,0.58745,0.88635,772.1821,4.46615,2.72855,5.1596,9410.682,20.90615,0.89625,20.33335,45.829,34.3097,15381.517,72.1
2019-05-10,72.41,0.66125,0.50805,0.94225,72.75405,0.58865,0.88875,778.29135,4.4945,2.7465,5.1896,9479.02,20.9137,0.9007,20.45775,46.24615,34.48745,15473.25025,72.4
2019-05-13,72.3,0.6584,0.50605,0.9429,72.27915,0.58605,0.88475,777.735,4.5107,2.73995,5.1675,9444.749,20.8318,0.8984,20.39785,46.01965,34.3204,15371.9945,72.3
2019-05-14,72.46,0.6584,0.50795,0.9466,72.1508,0.5861,0.8869,780.5991,4.5254,2.7465,5.16765,9510.589,20.81205,0.90145,20.4713,46.43365,34.49685,15355.8634,72.5
2019-05-15,72.41,0.6572,0.50905,0.9487,72.04225,0.58655,0.88475,781.0824,4.51505,2.7425,5.15865,9498.18425,20.6969,0.8998,20.45405,46.30635,34.41095,15365.3385,72.4
2019-05-16,72.29,0.65565,0.51035,0.9485,71.7314,0.585,0.88135,779.69905,4.5096,2.7331,5.1463,9482.33875,20.66935,0.89735,20.4025,46.1168,34.35605,15283.20175,72.3
2019-05-17,72.27,0.65415,0.5115,0.94855,71.9271,0.58515,0.8805,778.24235,4.50905,2.7291,5.13475,9462.281,20.71525,0.89775,20.41405,45.8114,34.32655,15262.9555,72.3
2019-05-20,72.26,0.6535,0.51305,0.94535,72.02555,0.58545,0.878,779.33145,4.5119,2.72935,5.1296,9444.70925,20.747,0.8993,20.4807,45.89695,34.4068,15286.6728,72.3
2019-05-21,72.27,0.6538,0.51365,0.9454,72.03895,0.58555,0.8775,779.5258,4.5125,2.7355,5.13175,9453.949,20.8137,0.8991,20.53915,45.59765,34.35395,15312.65,72.3
2019-05-22,72.02,0.65045,0.5114,0.94495,71.93,0.5826,0.8714,776.93005,4.4928,2.7228,5.10555,9425.02175,20.7786,0.89595,20.5038,45.3522,34.1031,15215.00155,72
2019-05-23,71.91,0.6489,0.51285,0.94425,71.52175,0.5819,0.8726,774.3973,4.4863,2.72085,5.0932,9413.91725,20.7405,0.89575,20.4864,45.2072,34.08185,15168.0385,71.9
2019-05-24,72.14,0.6517,0.51475,0.9462,71.4687,0.58285,0.8784,776.1096,4.50475,2.732,5.11465,9425.21175,20.7811,0.8994,20.56635,45.6337,34.20125,15244.89275,72.1
2019-05-27,72.27,0.6554,0.51475,0.9451,71.7204,0.58455,0.88055,775.9281,4.51445,2.7425,5.1438,9403.352,20.81715,0.9,20.6274,45.5716,34.1398,15334.722,72.3
2019-05-28,72.31,0.6546,0.5165,0.9456,71.68525,0.5853,0.88,777.5994,4.5194,2.7444,5.13785,9411.512,20.8441,0.90115,20.6055,45.5029,34.2225,15312.731,72.3
2019-05-29,72.34,0.6543,0.517,0.94485,71.5379,0.586,0.88255,781.16885,4.5246,2.74445,5.1359,9426.82795,20.828,0.9032,20.62875,45.5949,34.28535,15306.6946,72.3
2019-05-30,72.05,0.65125,0.51585,0.94115,71.32815,0.5846,0.8803,775.7365,4.503,2.731,5.11165,9378.00125,20.70975,0.8987,20.60005,45.47675,34.0604,15247.39125,72
2019-05-31,72.03,0.6511,0.51625,0.94165,71.19455,0.58465,0.8809,776.11125,4.49805,2.73275,5.1097,9362.819,20.69685,0.89855,20.5865,45.49395,33.98745,15250.0646,72
2019-06-04,72.44,0.65835,0.5199,0.94505,71.02605,0.5853,0.88515,778.9927,4.5475,2.7509,5.16135,9396.301,20.6656,0.90055,20.6946,45.60145,34.09595,15403.74475,72.4
2019-06-05,72.82,0.6626,0.5215,0.9468,71.6105,0.58825,0.8869,781.1392,4.5803,2.76605,5.196,9456.959,20.8023,0.90455,20.80895,45.8884,34.31605,15508.816,72.8
2019-06-06,72.92,0.6625,0.52225,0.95105,71.7223,0.59015,0.8892,780.7894,4.5808,2.7656,5.1942,9455.53175,20.7992,0.90525,20.8091,45.88145,34.31085,15507.8004,72.9
2019-06-07,72.78,0.6619,0.52135,0.94845,71.80295,0.58705,0.8837,779.91685,4.57795,2.75185,5.1902,9446.96825,20.7274,0.90295,20.75655,45.86225,34.2285,15488.79105,72.8
2019-06-10,73.11,0.6648,0.52275,0.9521,72.1142,0.58755,0.8822,787.02355,4.6091,2.7649,5.21395,9448.4705,20.8315,0.9074,20.8947,46.18035,34.5962,15557.3175,73.1
2019-06-11,72.6,0.6598,0.52025,0.9485,71.651,0.58335,0.8754,780.0156,4.56435,2.7471,5.17215,9405.45,20.6649,0.90115,20.71145,45.9584,34.303,15427.774,72.6
2019-06-12,72.3,0.6575,0.5169,0.9455,71.33545,0.58035,0.8734,776.90205,4.5457,2.73555,5.14955,9357.87025,20.5551,0.8969,20.65665,45.66175,34.09465,15346.0506,72.3
2019-06-13,72.52,0.65855,0.5186,0.95145,71.32095,0.583,0.87775,780.7769,4.55605,2.74185,5.1517,9385.9845,20.5665,0.8995,20.71075,45.67045,34.20505,15367.2655,72.5
2019-06-14,72.07,0.6535,0.5157,0.94785,70.78385,0.57955,0.87185,774.13615,4.52425,2.7239,5.1165,9340.14975,20.3794,0.89355,20.59665,45.4248,33.9101,15244.52225,72.1
2019-06-17,71.86,0.65045,0.5164,0.9452,70.6486,0.5795,0.87225,771.6614,4.50275,2.7157,5.0934,9332.332,20.3168,0.89125,20.5136,45.4006,33.8852,15171.09605,71.9
2019-06-18,71.87,0.6497,0.51895,0.9495,70.395,0.5785,0.87105,769.24485,4.4994,2.71415,5.08935,9313.4505,20.3486,0.8901,20.4772,45.41565,33.8494,15171.1449,71.9
2019-06-19,72.06,0.6526,0.51955,0.94925,70.82665,0.5829,0.873,768.8281,4.5065,2.72495,5.1088,9316.5184,20.3954,0.89235,20.4923,45.4895,33.8569,15225.1582,72.1
2019-06-20,72.3,0.6571,0.51815,0.9532,70.7401,0.5834,0.8709,768.51135,4.5296,2.73485,5.1372,9358.74725,20.4424,0.8945,20.47425,45.79125,34.0197,15321.27245,72.3
2019-06-21,72.26,0.6602,0.5189,0.9518,70.75035,0.58385,0.86915,766.2612,4.5138,2.7409,5.15495,9295.6174,20.3259,0.89435,20.47545,45.84925,33.94085,15382.661,72.3
2019-06-24,72.18,0.6593,0.51725,0.9485,70.78575,0.57945,0.87,764.1617,4.53205,2.7327,5.15065,9324.15075,20.29655,0.893,20.46335,45.86585,33.9787,15363.33875,72.2
2019-06-25,72.63,0.6644,0.52105,0.954,71.17385,0.58245,0.8755,767.08305,4.56555,2.75115,5.1872,9387.973,20.3722,0.8986,20.64125,46.0753,34.09035,15485.5035,72.6
2019-06-26,72.65,0.6631,0.52285,0.9527,71.21035,0.58385,0.8746,768.89765,4.56915,2.75385,5.17995,9392.8135,20.45165,0.8989,20.6496,45.98765,34.16625,15450.8933,72.7
2019-06-27,73.11,0.66845,0.5266,0.95505,72.05555,0.5879,0.87715,772.5611,4.59845,2.7751,5.2221,9476.6164,20.54815,0.9052,20.77575,46.2275,34.3416,15578.2285,73.1
2019-06-28,73.2,0.6694,0.52835,0.9561,72.081,0.58885,0.8768,774.62975,4.6038,2.7737,5.23025,9468.664,20.5924,0.9062,20.78655,46.23715,34.29335,15607.062,73.2
2019-07-01,73.24,0.67045,0.5281,0.9573,72.50915,0.5906,0.878,775.07375,4.5892,2.76995,5.23605,9463.403,20.5694,0.90755,20.7571,46.2795,34.374,15623.16175,73.2
2019-07-02,73.1,0.6675,0.528,0.957,72.387,0.59155,0.8763,776.1357,4.5769,2.7618,5.2127,9438.451,20.50395,0.9051,20.69585,46.02665,34.11925,15527.05155,73.1
2019-07-03,73.15,0.6677,0.53025,0.95515,71.84455,0.59145,0.8755,782.0771,4.6002,2.76325,5.20655,9457.9715,20.4149,0.9054,20.7471,46.03625,34.19425,15507.3335,73.1
2019-07-04,73.42,0.6718,0.53375,0.95335,72.3764,0.59475,0.8772,784.7968,4.61695,2.77765,5.2328,9477.419,20.547,0.9101,20.87885,46.2896,34.30885,15619.351,73.4
2019-07-05,73.13,0.66835,0.5315,0.9516,72.0682,0.5925,0.87285,782.37055,4.5963,2.7646,5.20675,9455.81655,20.5217,0.9064,20.7867,45.7853,34.18275,15537.1327,73.1
2019-07-08,72.83,0.66355,0.52975,0.9499,71.96865,0.591,0.86745,781.5956,4.5727,2.7494,5.17375,9387.90715,20.41415,0.9028,20.67525,45.39845,34.0418,15429.197,72.8
2019-07-09,72.81,0.6627,0.52965,0.9517,72.125,0.59095,0.8682,781.9198,4.56035,2.74525,5.1748,9368.25905,20.43935,0.9016,20.6759,45.5018,34.03135,15404.4625,72.8
2019-07-10,72.63,0.65985,0.5298,0.95345,71.86095,0.5889,0.86655,779.61285,4.54385,2.7331,5.1548,9336.87875,20.3481,0.89855,20.55795,45.2356,33.9031,15328.9756,72.6
2019-07-11,72.93,0.665,0.53165,0.9554,71.86655,0.59045,0.86885,782.4723,4.5705,2.7448,5.1991,9373.176,20.36725,0.90225,20.6599,45.60405,34.10285,15437.9752,72.9
2019-07-12,73.11,0.6672,0.53215,0.9547,72.3245,0.5923,0.8702,784.8274,4.58445,2.7422,5.21975,9400.849,20.50635,0.90615,20.68955,45.6828,34.13065,15480.7085,73.1
2019-07-15,73.48,0.6712,0.53425,0.95565,72.43255,0.5955,0.8752,792.2845,4.6172,2.75895,5.2547,9377.3356,20.7426,0.91125,20.8525,46.1014,34.30505,15571.8404,73.5
2019-07-16,73.62,0.6728,0.53765,0.9563,72.62875,0.59765,0.8784,793.0294,4.6242,2.7662,5.2634,9371.432,20.76595,0.9125,20.88605,46.11875,34.2859,15609.9697,73.6
2019-07-17,73.6,0.6714,0.54085,0.9565,72.6421,0.5988,0.8783,791.3121,4.62085,2.7612,5.2451,9364.352,20.74125,0.91205,20.84765,46.1327,34.185,15577.1516,73.6
2019-07-18,73.77,0.6732,0.54135,0.95945,72.50025,0.59925,0.8789,795.9917,4.6291,2.7693,5.2596,9411.337,20.78675,0.9158,20.9436,46.333,34.39375,15619.9235,73.8
2019-07-19,74.13,0.6787,0.54075,0.95915,72.984,0.60255,0.88415,795.8437,4.6647,2.78845,5.3033,9444.1115,20.8802,0.92075,21.07775,46.80315,34.5747,15759.07475,74.1
2019-07-22,74.1,0.6767,0.54115,0.96075,73.05315,0.60345,0.88385,796.8143,4.654,2.7843,5.2807,9449.10155,20.8728,0.9211,21.03625,46.56165,34.5794,15731.2455,74.1
2019-07-23,73.9,0.6741,0.54075,0.9591,72.83315,0.60195,0.88485,794.4606,4.63985,2.77495,5.2657,9417.8519,20.82125,0.9183,20.94765,46.45895,34.47685,15649.9058,73.9
2019-07-24,73.56,0.6694,0.53845,0.9591,72.4391,0.6006,0.8793,788.9549,4.6069,2.7577,5.23005,9388.336,20.7012,0.9141,20.81735,46.15185,34.3168,15539.1172,73.6
2019-07-25,73.64,0.6706,0.53725,0.96045,72.52875,0.60205,0.88095,791.10685,4.60925,2.7619,5.2411,9372.6412,20.7316,0.91505,20.8332,46.2605,34.24755,15562.9498,73.6
2019-07-26,73.24,0.66565,0.5345,0.95855,72.32955,0.5971,0.87615,788.8619,4.577,2.7419,5.20395,9320.76475,20.6268,0.91045,20.69075,45.95735,34.0813,15454.0636,73.2
2019-07-29,73.08,0.6635,0.53595,0.9596,71.9765,0.59575,0.87325,784.0248,4.5657,2.7337,5.18575,9296.9634,20.51045,0.9084,20.61955,45.7135,33.818600000000004,15401.1624,73.1
2019-07-30,73.09,0.6625,0.54445,0.9605,72.0833,0.5948,0.8726,783.7375,4.56365,2.73285,5.18225,9299.84425,20.42655,0.90775,20.6014,45.53695,33.8107,15377.9502,73.1
2019-07-31,72.78,0.6597,0.54265,0.9582,71.6071,0.59145,0.8668,779.83145,4.5436,2.7236,5.1619,9251.6336,20.3122,0.9044,20.5048,45.4187,33.55235,15308.3395,72.8
2019-08-01,72.56,0.6553,0.5401,0.95665,71.5686,0.593,0.8654,777.7429,4.52215,2.71555,5.12945,9236.4545,20.20945,0.9011,20.40475,45.0748,33.4613,15224.25775,72.6
2019-08-02,72.56,0.6545,0.54,0.96055,70.10675,0.5902,0.865,781.4076,4.5401,2.71815,5.1196,9297.174,20.2208,0.8999,20.4885,45.199,33.6217,15195.1997,72.6
2019-08-05,72.39,0.6505,0.53495,0.96035,69.0213,0.58495,0.8601,788.6337,4.56625,2.7139,5.09315,9264.7485,20.05655,0.898,20.51675,45.26665,33.6699,15111.1153,72.4
2019-08-06,73,0.6556,0.53975,0.9669,69.6411,0.584,0.8651,795.374,4.62355,2.7453,5.1407,9399.67,20.1974,0.90645,20.75075,46.35995,34.11745,15267.286,73
2019-08-07,72.11,0.64755,0.5317,0.95865,68.77305,0.5775,0.8599,786.87045,4.55495,2.71325,5.07435,9240.53925,19.883,0.89455,20.392,45.86275,33.7179,15063.6325,72.1
2019-08-08,71.93,0.64635,0.53135,0.9532,68.6844,0.57665,0.8582,781.4696,4.55285,2.70015,5.0663,9195.94575,19.8785,0.8924,20.2695,45.8044,33.7427,15005.66195,71.9
2019-08-09,72.12,0.6485,0.5343,0.9524,68.73775,0.5793,0.8571,784.3608,4.5727,2.7143,5.086,9207.07925,19.92675,0.89635,20.3282,45.84575,33.65555,15051.6854,72.1
2019-08-12,72.03,0.64685,0.53745,0.953,68.2459,0.57715,0.8556,786.5373,4.56775,2.70675,5.0732,9201.4425,19.8761,0.89665,20.2923,45.78,33.578,15007.5671,72
2019-08-13,71.91,0.6453,0.53435,0.9547,67.97915,0.57575,0.85435,786.524,4.5541,2.70545,5.0624,9214.885,19.87365,0.89485,20.2763,45.6703,33.6427,14973.21885,71.9
2019-08-14,71.82,0.645,0.53535,0.9508,68.59575,0.5773,0.85305,782.0625,4.5308,2.70155,5.06035,9181.6408,19.88375,0.8932,20.1724,46.0401,33.66255,14965.613,71.8
2019-08-15,71.78,0.644,0.53415,0.9508,68.22535,0.57795,0.8572,780.9466,4.5289,2.70125,5.04735,9202.1166,19.8513,0.8946,20.2464,45.9035,33.81,14946.5962,71.8
2019-08-16,71.73,0.6432,0.5321,0.94895,68.26925,0.57955,0.8569,781.5845,4.52865,2.6947,5.04355,9170.4245,19.84275,0.8934,20.1904,45.8465,33.78085,14928.029,71.7
2019-08-19,71.5,0.64145,0.5282,0.9463,68.1701,0.5783,0.8515,776.4432,4.51725,2.67485,5.0312,9110.19425,19.8064,0.8892,20.1027,45.6424,33.5671,14891.262,71.5
2019-08-20,71.55,0.641,0.52835,0.947,68.3274,0.57815,0.8541,776.7959,4.5269,2.6804,5.02865,9143.866,19.76045,0.8885,20.1098,45.7814,33.6012,14875.0462,71.6
2019-08-21,71.55,0.64185,0.5275,0.9459,68.3089,0.5784,0.85395,772.9479,4.5301,2.68075,5.0341,9156.9539,19.75935,0.88855,20.12295,46.02465,33.5688,14892.8458,71.6
2019-08-22,71.42,0.6402,0.52775,0.945,68.1653,0.57745,0.85115,770.4487,4.5241,2.67445,5.02085,9113.5676,19.70375,0.886,20.061,45.80715,33.42485,14853.2804,71.4
2019-08-23,71.35,0.63855,0.5217,0.9448,68.0471,0.5765,0.8504,775.10395,4.52815,2.67555,5.00555,9099.65835,19.6657,0.8852,20.053,45.8559,33.4345,14814.9989,71.4
2019-08-26,71.4,0.63845,0.5204,0.94805,67.20005,0.5729,0.84905,777.8237,4.561,2.6832,5.0075,9107.491,19.5541,0.8868,20.10575,45.75295,33.3782,14823.21375,71.4
2019-08-27,71.37,0.6383,0.5225,0.9426,67.56085,0.57485,0.84505,774.22605,4.56545,2.68375,5.0071,9086.2015,19.516,0.88595,20.0477,45.9688,33.43415,14810.15625,71.4
2019-08-28,71.18,0.636,0.51825,0.9426,67.26655,0.57365,0.84575,771.468,4.55355,2.67595,4.99005,9073.4943,19.48545,0.88355,19.97005,45.46605,33.2437,14753.6101,71.2
2019-08-29,70.8,0.63165,0.5175,0.9389,66.86965,0.5699,0.84105,767.4864,4.5292,2.66685,4.9548,9005.7505,19.35215,0.8774,19.8559,45.3359,33.0795,14659.01775,70.8
2019-08-30,70.59,0.62965,0.51685,0.9378,67.0168,0.56985,0.8373,761.87655,4.5006,2.65875,4.94025,8963.0695,19.3035,0.87465,19.75085,45.19155,32.8331,14609.76965,70.6
2019-09-02,70.71,0.63055,0.5186,0.93685,66.95815,0.5737,0.83965,764.19515,4.51575,2.6518,4.9443,8944.353,19.30745,0.87595,19.7851,45.026,32.8816,14619.93255,70.7
2019-09-03,70.74,0.6291,0.5219,0.9386,66.90475,0.57505,0.83875,763.79035,4.5182,2.65825,4.9343,8945.803,19.28505,0.87625,19.74715,44.9225,32.8532,14586.3128,70.7
2019-09-04,71.08,0.63435,0.5243,0.9354,67.26965,0.578,0.84555,766.99265,4.5452,2.67345,4.97535,9019.50635,19.41585,0.88145,19.91385,45.9206,33.1131,14716.2859,71.1
2019-09-05,71.09,0.63695,0.5206,0.93415,67.94665,0.5774,0.8424,763.12985,4.54115,2.66975,4.99385,9012.2063,19.4636,0.88105,19.9209,45.9392,33.03095,14775.9666,71.1
2019-09-06,71.23,0.6377,0.51745,0.9363,68.27215,0.5781,0.8439,763.55015,4.5616,2.6678,4.9985,9019.94855,19.55185,0.8829,19.9323,45.80915,33.16675,14793.68355,71.2
2019-09-09,71.64,0.6427,0.52305,0.9389,68.6757,0.58285,0.8466,767.7052,4.58095,2.68685,5.04025,9057.2458,19.71325,0.88805,20.07185,46.09125,33.3497,14910.6402,71.6
2019-09-10,71.67,0.6435,0.52125,0.9388,69.128,0.58275,0.8478,766.76245,4.58055,2.685,5.0453,9026.69675,19.7249,0.88855,20.08785,46.14055,33.39765,14927.2697,71.7
2019-09-11,71.46,0.64145,0.51955,0.93595,69.03605,0.5807,0.84315,764.9292,4.5653,2.68125,5.03005,9023.5985,19.64605,0.88535,20.02605,45.99355,33.43555,14881.3194,71.5
2019-09-12,71.52,0.6425,0.521,0.935,69.41245,0.58335,0.84725,765.1854,4.5606,2.68275,5.0327,9027.126,19.6332,0.88515,19.99425,46.03995,33.4357,14906.0002,71.5
2019-09-13,71.22,0.6406,0.51955,0.9323,69.30335,0.57895,0.8466,762.92265,4.5407,2.66905,5.012,8936.371,19.5127,0.8809,19.88455,45.5707,33.2103,14866.725,71.2
2019-09-16,70.83,0.6381,0.51115,0.92875,68.7425,0.5761,0.844,755.1276,4.5116,2.6574,4.99395,8944.5675,19.46205,0.87715,19.76355,45.25885,33.33755,14815.0875,70.8
2019-09-17,70.48,0.6332,0.51,0.92485,68.4901,0.57525,0.83905,752.0517,4.4807,2.64525,4.9514,8928.122,19.3522,0.8716,19.61145,45.33555,33.15435,14702.271,70.5
2019-09-18,70.57,0.63445,0.5079,0.92585,68.66335,0.57315,0.84075,755.0907,4.4964,2.6536,4.9657,8931.78785,19.37455,0.87225,19.65335,45.5408,33.1278,14736.688,70.6
2019-09-19,70.32,0.6305,0.50575,0.9281,68.135,0.57155,0.83895,753.95195,4.4743,2.6446,4.9352,8886.268,19.276,0.869,19.5468,44.918,32.98615,14634.85125,70.3
2019-09-20,70.11,0.629,0.5019,0.927,67.8817,0.5691,0.8346,750.8059,4.4621,2.6321,4.9271,8857.2648,19.1735,0.8667,19.4915,44.8634,32.8464,14600.3482,70.1
2019-09-23,69.96,0.62705,0.5024,0.9259,67.53015,0.56885,0.8324,747.6945,4.4604,2.6154,4.9151,8825.73,19.10625,0.8632,19.4182,44.49075,32.616,14550.69575,70
2019-09-24,70.23,0.62895,0.5059,0.92945,67.6593,0.5724,0.83425,751.43805,4.4756,2.6284,4.92975,8863.4785,19.172,0.86655,19.49495,44.615,32.81705,14592.5838,70.2
2019-09-25,70.5,0.63195,0.5067,0.93105,67.7798,0.5744,0.8378,757.6765,4.4938,2.6441,4.95505,8926.295,19.32505,0.8698,19.5949,44.8866,33.0453,14664.401,70.5
2019-09-26,70.26,0.628,0.50805,0.9303,67.64505,0.57325,0.8326,752.78365,4.47545,2.6351,4.92295,8895.621,19.2168,0.86575,19.47805,44.61155,32.7753,14571.4842,70.3
2019-09-27,70.44,0.629,0.51025,0.9318,67.7653,0.57625,0.8349,755.5234,4.48545,2.6377,4.93185,8928.656,19.2663,0.8696,19.5125,44.58585,32.7602,14593.4292,70.4
2019-09-30,70.23,0.62765,0.5106,0.9287,67.7266,0.57385,0.83105,753.74495,4.46905,2.628,4.9216,8890.6635,19.21395,0.8669,19.4725,44.28935,32.56875,14562.73555,70.2
2019-10-01,70.15,0.62615,0.50985,0.927,67.72125,0.5746,0.82905,750.59735,4.4697,2.622,4.90755,8888.2005,19.15235,0.8657,19.426,44.3745,32.43455,14527.3064,70.1
2019-10-02,70.11,0.62535,0.5086,0.93175,67.3533,0.5717,0.82625,751.702,4.464,2.61865,4.90375,8887.78875,19.1404,0.8661,19.3962,44.44205,32.44315,14509.05815,70.1
2019-10-03,70.25,0.62675,0.5096,0.93395,67.09045,0.5718,0.83505,755.76655,4.474,2.6267,4.9153,8896.7175,19.1848,0.86745,19.4631,44.56115,32.57065,14541.227,70.2
2019-10-04,70.64,0.63175,0.5116,0.93545,67.4804,0.5754,0.8424,757.34195,4.5097,2.6432,4.9537,8953.4775,19.2905,0.87145,19.6209,44.7729,32.64885,14657.548,70.6
2019-10-07,70.62,0.63195,0.5124,0.9345,67.44485,0.5751,0.8414,756.00185,4.5111,2.6469,4.95635,8932.6145,19.23655,0.87205,19.54715,44.7918,32.7666,14661.8722,70.6
2019-10-08,70.41,0.6289,0.5118,0.9344,67.5281,0.57335,0.83675,752.73045,4.48935,2.6379,4.93225,8906.79775,19.16575,0.86875,19.42265,44.66725,32.6305,14591.1091,70.4
2019-10-09,70.6,0.6308,0.51635,0.93675,67.5492,0.57565,0.8403,752.6706,4.4975,2.64715,4.948,8928.975,19.16685,0.8717,19.43495,44.8022,32.7354,14634.8755,70.6
2019-10-10,70.44,0.6289,0.51495,0.93635,67.50615,0.5727,0.8391,754.55425,4.4864,2.6395,4.93365,8911.514,19.0651,0.8689,19.39245,44.69595,32.5739,14606.8316,70.4
2019-10-11,70.57,0.6319,0.50815,0.934,68.2863,0.57415,0.8401,752.15065,4.5024,2.6451,4.95555,8942.33415,19.20345,0.86865,19.48495,44.90915,32.57605,14660.7121,70.6
2019-10-14,70.39,0.63175,0.5011,0.9316,68.41535,0.5729,0.8345,748.30795,4.486,2.642,4.95515,8929.7875,19.19885,0.8661,19.4803,44.87085,32.56045,14657.232,70.4
2019-10-15,70.16,0.63025,0.49995,0.93035,68.30335,0.5716,0.8337,746.3421,4.4539,2.6395,4.9443,8911.10575,19.13595,0.86265,19.2775,44.87935,32.48625,14622.4305,70.2
2019-10-16,70.06,0.6284,0.49285,0.9324,68.3228,0.56955,0.8297,745.31385,4.4483,2.6349,4.93015,8901.287,19.09705,0.86185,19.28685,44.95415,32.4443,14579.5086,70.1
2019-10-17,70.07,0.6295,0.4907,0.9276,68.4298,0.56805,0.83075,746.9333,4.471,2.6376,4.93775,8919.3865,19.11005,0.86225,19.32155,44.97305,32.41295,14606.2887,70.1
2019-10-18,70.65,0.63665,0.49485,0.93205,69.18795,0.5721,0.8362,751.629,4.50975,2.6631,4.9928,9007.32545,19.2905,0.8688,19.52955,45.3152,32.7238,14774.7368,70.6
2019-10-21,70.83,0.63935,0.4949,0.93225,69.3599,0.5728,0.83945,753.6019,4.5282,2.67505,5.0135,9045.20475,19.3563,0.87155,19.55965,45.48895,32.7347,14835.47765,70.8
2019-10-22,71.07,0.64245,0.4953,0.9344,69.8215,0.576,0.84035,752.7266,4.54125,2.68545,5.0383,9044.41235,19.44695,0.874,19.64645,45.7268,32.8196,14909.659,71.1
2019-10-23,71.01,0.641,0.49805,0.9343,69.4812,0.5761,0.8395,752.34175,4.5394,2.6868,5.02695,8999.6406,19.4247,0.87365,19.589,45.47575,32.85125,14872.8028,71
2019-10-24,71.09,0.6417,0.49685,0.9374,69.71105,0.57645,0.83915,751.39865,4.5396,2.6871,5.03,9002.4101,19.4307,0.874,19.64375,45.50655,32.7267,14891.61135,71.1
2019-10-25,70.76,0.6379,0.49655,0.9354,69.3142,0.57455,0.8339,749.1498,4.51015,2.6715,4.9993,8968.2371,19.29485,0.86965,19.50475,45.31045,32.70195,14801.8318,70.8
2019-10-29,70.53,0.6365,0.49535,0.9301,69.38165,0.57355,0.8309,743.94125,4.4945,2.66185,4.99035,8926.9135,19.24775,0.86705,19.454,45.12785,32.49905,14768.0734,70.5
2019-10-30,70.49,0.6367,0.49485,0.927,69.29525,0.57305,0.8332,744.04765,4.49765,2.6649,4.99135,8929.7185,19.24585,0.8676,19.42445,45.10545,32.5099,14773.3503,70.5
2019-10-31,70.83,0.64135,0.4966,0.92765,69.76925,0.5746,0.8445,745.34495,4.52695,2.67925,5.0263,8996.2177,19.35755,0.87285,19.54705,45.47255,32.5966,14879.9616,70.8
2019-11-01,70.86,0.64195,0.4956,0.93135,69.2889,0.5755,0.84515,750.98525,4.51635,2.6824,5.03105,9011.0534,19.36605,0.87315,19.5413,45.5327,32.57575,14895.1661,70.9
2019-11-04,71.03,0.644,0.49795,0.9322,69.6937,0.57695,0.8465,748.19925,4.53235,2.6774,5.0484,9038.541,19.42625,0.87405,19.62655,45.6073,32.5478,14942.0884,71
2019-11-05,70.69,0.6401,0.4968,0.9302,69.60125,0.5751,0.84225,743.0281,4.4998,2.6561,5.01735,8971.0025,19.3342,0.8698,19.45235,45.3007,32.35705,14850.3202,70.7
2019-11-06,70.27,0.6366,0.49435,0.92425,69.43075,0.5751,0.83765,737.31015,4.455,2.6314,4.9867,8891.711,19.26035,0.8652,19.32715,45.00365,32.15785,14768.8018,70.3
2019-11-07,70.25,0.636,0.49485,0.92475,69.2445,0.5746,0.83855,738.14165,4.4512,2.63655,4.9764,8913.541,19.26765,0.8651,19.32965,45.14485,32.22295,14754.8821,70.2
2019-11-08,70.33,0.6369,0.49705,0.92515,69.6291,0.57655,0.8394,736.09725,4.4504,2.6283,4.98285,8913.09795,19.36655,0.865,19.3608,45.1992,32.167,14775.76165,70.3
2019-11-11,70.1,0.63375,0.49525,0.9245,69.158,0.5752,0.83855,735.562,4.42865,2.6237,4.9617000000000004,8881.3735,19.25175,0.86205,19.2587,45.1658,32.08045,14702.3665,70.1
2019-11-12,70.44,0.6366,0.49505,0.9289,69.49125,0.5769,0.8428,740.49315,4.4603,2.6355,4.98385,8952.5068,19.2953,0.8659,19.36375,45.49305,32.31065,14770.3936,70.4
2019-11-13,70.84,0.64,0.498,0.9338,69.712,0.58125,0.8471,747.168,4.4822,2.657,5.01025,8995.201,19.4144,0.87165,19.46685,45.736,32.5536,14847.3602,70.8
2019-11-14,71.03,0.6404,0.49845,0.9407,69.65635,0.58175,0.84885,749.8444,4.493,2.66215,5.0143,9013.631,19.36725,0.8729,19.52935,46.16565,32.60275,14858.2411,71
2019-11-15,70.81,0.6386,0.4956,0.9398,69.3424,0.5792,0.8454,744.41605,4.4831,2.6499,5.00055,8994.682,19.27775,0.8692,19.5268,45.95765,32.32595,14816.1588,70.8
2019-11-18,70.87,0.64,0.49545,0.9386,69.632,0.57885,0.8463,745.63205,4.4878,2.65695,5.01045,9006.721,19.3568,0.8709,19.53855,45.9456,32.416,14851.2002,70.9
2019-11-19,70.81,0.6391,0.4935,0.9413,69.33915,0.5774,0.8444,747.5554,4.4814,2.6593,5.003,8996.29375,19.29765,0.8699,19.48715,45.91455,32.3832,14830.955,70.8
2019-11-20,71.18,0.6427,0.4975,0.94185,69.76835,0.5801,0.8534,751.76625,4.5141,2.67395,5.031,9055.644,19.40155,0.87495,19.60715,46.0904,32.76485,14911.60435,71.2
2019-11-21,71.05,0.6405,0.49545,0.9432,69.4078,0.57825,0.8531,753.35615,4.5071,2.6741,5.01285,9027.52815,19.3367,0.8728,19.52565,45.9951,32.6751,14860.2407,71
2019-11-22,71.07,0.6405,0.4959,0.9434,69.59035,0.57895,0.8501,754.12475,4.5076,2.6699,5.0111,9023.04525,19.35435,0.87255,19.54645,45.9695,32.563,14856.3979,71.1
2019-11-25,71.19,0.64125,0.499,0.94395,69.7552,0.5817,0.85245,754.2383,4.51155,2.6782,5.0193,9032.0075,19.35935,0.87485,19.56295,45.99205,32.5819,14874.43525,71.2
2019-11-26,71.2,0.64095,0.497,0.94585,69.8956,0.5822,0.85275,752.219,4.50735,2.67885,5.01635,9021.3725,19.3791,0.87505,19.54835,45.97375,32.493,14869.72015,71.2
2019-11-27,71.41,0.6429,0.50015,0.9472,70.1597,0.58345,0.85345,755.63255,4.5236,2.68765,5.03355,9055.2475,19.43005,0.87745,19.59915,45.96135,32.6818,14909.17255,71.4
2019-11-28,71.39,0.64245,0.4971,0.9493,70.2744,0.5837,0.85365,757.64135,4.51415,2.68125,5.02945,9055.334,19.42605,0.87755,19.59825,45.8424,32.66215,14906.44675,71.4
2019-11-29,71.34,0.64185,0.4972,0.9483,70.30185,0.58295,0.85275,756.99795,4.51385,2.67815,5.0244,9043.98855,19.3951,0.8767,19.57385,45.9661,32.55465,14891.88315,71.3
2019-12-02,71.56,0.6439,0.49875,0.9513,70.6101,0.5843,0.855,759.2225,4.5244,2.69055,5.0402,9082.2105,19.45385,0.88055,19.6457,46.1918,32.7584,14925.6022,71.6
2019-12-03,72.12,0.65,0.5026,0.9529,70.91825,0.58695,0.8648,771.8425,4.57905,2.7128,5.0894,9181.251,19.6739,0.8883,19.8149,46.5806,33.189,15064.7253,72.1
2019-12-04,72.28,0.652,0.50175,0.9538,70.7648,0.58835,0.8666,777.21665,4.59425,2.72505,5.10475,9196.461,19.736,0.88955,19.8785,46.73045,33.33675,15107.4922,72.3
2019-12-05,72.64,0.65515,0.4998,0.95815,71.31965,0.5912,0.86395,779.301,4.63185,2.7336,5.1294,9240.892,19.8494,0.8929,19.9811,46.86125,33.3668,15181.464,72.6
2019-12-06,72.44,0.65435,0.4973,0.957,71.1769,0.5893,0.86255,777.17155,4.60835,2.7257,5.12315,9203.434,19.85785,0.8903,19.94785,46.64535,33.1985,15159.98105,72.4
2019-12-09,72.6,0.6556,0.49875,0.9594,71.18835,0.59295,0.8693,779.7707,4.6115,2.7283,5.1337,9202.9855,19.89255,0.8922,19.98695,46.682,33.33725,15195.1695,72.6
2019-12-10,72.57,0.65515,0.4984,0.96,71.1657,0.5921,0.86745,780.54575,4.61245,2.72575,5.12895,9181.9285,19.8494,0.89105,19.96375,46.54845,33.2816,15180.8086,72.6
2019-12-11,72.44,0.6539,0.49785,0.95985,71.1149,0.5895,0.8656,780.29895,4.60215,2.72055,5.1176,9161.14,19.8083,0.88865,19.9322,46.37785,33.18545,15151.5171,72.4
2019-12-12,72.74,0.6586,0.49865,0.9578,71.4548,0.59135,0.8672,784.4585,4.6356,2.73615,5.14325,9243.452,19.91275,0.8934,20.07245,46.65605,33.4437,15264.0432,72.7
2019-12-13,72.78,0.6608,0.49105,0.9551,72.38735,0.5915,0.86975,774.82105,4.6474,2.73575,5.158,9267.721,19.93305,0.8934,20.06155,46.80775,33.5141,15310.7362,72.8
2019-12-16,72.66,0.6596,0.4938,0.9588,72.15035,0.59285,0.8691,774.2055,4.6067,2.73145,5.1431,9224.507,19.91415,0.89325,19.9816,46.7162,33.38235,15285.5706,72.7
2019-12-17,72.77,0.6599,0.49685,0.96025,72.28215,0.5925,0.869,771.5221,4.6213,2.73365,5.14145,9241.9005,19.940550000000002,0.89465,19.93525,46.85915,33.40415,15294.83255,72.8
2019-12-18,72.46,0.65655,0.5007,0.95855,71.90865,0.589,0.86395,764.68385,4.59735,2.72005,5.1124,9185.13575,19.84915,0.8899,19.7973,46.60355,33.2198,15216.8596,72.5
2019-12-19,72.64,0.6583,0.50315,0.9586,72.1859,0.59215,0.86355,766.755,4.6078,2.72665,5.12755,9199.7435,19.8938,0.8926,19.8629,46.72205,33.32315,15255.4444,72.6
2019-12-20,72.91,0.6611,0.50815,0.9591,72.288,0.5945,0.868,769.15685,4.6328,2.73725,5.15545,9245.4845,19.96195,0.8958,19.94435,46.95465,33.4781,15317.6872,72.9
2019-12-23,72.9,0.6607,0.50805,0.9573,72.3004,0.59645,0.86925,767.9977,4.6325,2.7356,5.15225,9234.93575,19.94655,0.89575,19.93595,46.98735,33.53385,15312.3834,72.9
2019-12-24,73.07,0.6625,0.51185,0.95735,72.49075,0.5973,0.8714,772.07765,4.6459,2.74375,5.1578,9253.47025,19.9876,0.89815,19.97805,47.1584,33.6782,15353.10655,73.1
2019-12-27,73.52,0.6677,0.51375,0.9613,73.1165,0.60145,0.8759,775.3333,4.6729,2.7586,5.2007,9317.7545,20.14285,0.9042,20.09975,47.6187,33.92085,15471.9446,73.5
2019-12-30,73.7,0.67105,0.51235,0.96065,73.42965,0.5998,0.87745,778.0825,4.69685,2.7651,5.228,9361.14875,20.2372,0.90695,20.19325,47.881100000000004,33.98535,15549.57085,73.7
2019-12-31,73.82,0.6735,0.51355,0.9617,73.2768,0.6011,0.87955,778.8691,4.70635,2.761,5.2453,9378.15165,20.17385,0.908,20.22825,48.03315,34.1094,15606.67925,73.8
2020-01-03,73.37,0.66965,0.509,0.9589,72.5968,0.5992,0.86945,774.48375,4.6629,2.73885,5.21615,9300.7701,20.17325,0.90185,20.14075,47.7921,33.93115,15515.1211,73.4
2020-01-06,73.16,0.66645,0.50945,0.95845,72.02995,0.5969,0.86505,778.2471,4.64655,2.73375,5.18585,9280.3175,20.10015,0.89935,20.0245,47.84655,34.0756,15442.97965,73.2
2020-01-07,73.18,0.66635,0.5058,0.9616,72.249,0.5955,0.86365,776.43105,4.64735,2.733,5.1805,9288.92025,20.0938,0.89895,20.04245,47.93555,33.9505,15443.9942,73.2
2020-01-08,72.9,0.6628,0.5055,0.96625,71.4797,0.59385,0.8614,780.48015,4.59825,2.72545,5.1529,9196.351,20.0812,0.8959,19.92015,47.60315,33.9354,15361.053,72.9
2020-01-09,73.15,0.6649,0.50715,0.9673,72.60375,0.59825,0.86655,771.94895,4.6157,2.72045,5.1711,9237.12475,20.15145,0.89765,19.9822,47.675,33.6772,15409.7226,73.1
2020-01-10,72.69,0.6606,0.50545,0.9632,72.3324,0.59475,0.86315,767.28695,4.5787,2.7015,5.12985,9149.311,19.99965,0.89265,19.79715,47.04295,33.48915,15308.7446,72.7
2020-01-13,72.9,0.6638,0.50915,0.96135,72.74585,0.59705,0.86705,767.4524,4.5996,2.69935,5.15525,9135.549,20.0468,0.89485,19.91365,47.0908,33.5352,15382.9014,72.9
2020-01-14,72.67,0.6626,0.50995,0.9597,72.9887,0.59485,0.8648,763.11645,4.5685,2.6885,5.1515,9056.4174,20.01715,0.89185,19.81735,46.95015,33.3851,15355.0926,72.7
2020-01-15,72.49,0.6607,0.50755,0.9581,72.62085,0.59365,0.8633,766.61025,4.5489,2.6973,5.1395,9031.77,19.9944,0.8903,19.74465,46.8292,33.48755,15312.3834,72.5
2020-01-16,72.71,0.6634,0.50865,0.9594,72.92755,0.5947,0.86515,768.6153,4.56885,2.69675,5.1544,9065.362,20.07945,0.89285,19.83665,46.9812,33.5979,15374.6272,72.7
2020-01-17,72.79,0.66355,0.5075,0.96215,73.1597,0.5958,0.86545,768.8886,4.5683,2.6963,5.1573,9044.18775,20.152,0.8936,19.85875,47.0681,33.7415,15375.78085,72.8
2020-01-20,72.6,0.6615,0.5088,0.9618,72.8874,0.5963,0.8645,767.9685,4.5372,2.6841,5.1386,9021.2078,20.1228,0.8914,19.7958,47.0232,33.7498,15325.3014,72.6
2020-01-21,72.5,0.6605,0.50825,0.9611,72.79045,0.59545,0.862,766.4112,4.53185,2.68195,5.13295,9004.26775,20.0379,0.88985,19.77205,46.96735,33.6855,15303.7852,72.5
2020-01-22,72.53,0.65885,0.50485,0.96365,72.41425,0.59445,0.86205,769.0757,4.5512,2.6884,5.1186,8998.24575,20.034,0.88985,19.752,46.9151,33.6524,15266.2136,72.5
2020-01-23,72.46,0.65935,0.50165,0.95955,72.2944,0.5947,0.86735,769.1318,4.5503,2.6819,5.126,8996.5022,20.036,0.88935,19.76665,46.94325,33.5708,15277.46955,72.5
2020-01-24,72.88,0.6617,0.50445,0.9665,72.4793,0.59865,0.86885,773.36195,4.5856,2.6939,5.1434,9018.972,20.17525,0.8937,19.8371,47.1602,33.7401,15331.92015,72.9
2020-01-27,72.6,0.6585,0.50385,0.9663,71.78965,0.59685,0.866,769.62195,4.5634,2.6748,5.11955,8937.49275,20.1715,0.8912,19.74115,46.9708,33.47255,15257.77455,72.6
2020-01-28,72.31,0.6541,0.50085,0.969,71.20205,0.59355,0.86275,770.1701,4.5329,2.67035,5.0879,8899.0315,20.1381,0.8882,19.60925,46.7281,33.2937,15155.82435,72.3
2020-01-29,72.26,0.65395,0.5021,0.96595,71.3492,0.5933,0.8609,768.68555,4.53185,2.66845,5.08495,8919.87925,20.13185,0.88765,19.60475,46.6495,33.16835,15152.34885,72.3
2020-01-30,72.18,0.6522,0.50075,0.9673,71.0735,0.59215,0.861,771.4222,4.51975,2.6652,5.06975,8887.857,20.27855,0.8894,19.55235,46.4774,33.19045,15111.8004,72.2
2020-01-31,71.86,0.64905,0.4954,0.9655,70.7822,0.5883,0.85665,769.38395,4.4979,2.652,5.0424,8856.2885,20.1919,0.8836,19.64515,46.40135,33.03665,15046.9264,71.9
2020-02-03,71.58,0.64635,0.4905,0.96515,70.1193,0.58325,0.85605,772.5822,4.4792,2.652,5.02,8825.9105,20.1435,0.8824,19.5256,46.1219,32.9348,15010.1863,71.6
2020-02-04,71.81,0.6454,0.49675,0.9653,70.1066,0.58355,0.8582,769.7686,4.5334,2.66,5.0136,8869.41,20.07515,0.8853,19.55145,46.0412,32.818600000000004,15015.8766,71.8
2020-02-05,72.02,0.6488,0.49805,0.9637,70.98845,0.5875,0.8619,770.5149,4.5351,2.6682,5.0395,8895.049,20.1144,0.89035,19.5594,46.2416,32.9266,15095.63,72
2020-02-07,71.71,0.6452,0.4988,0.96005,70.89785,0.58755,0.8576,765.9815,4.4968,2.665,5.0095,8787.625,20.1351,0.8945,19.3592,45.9358,32.80195,14982.8346,71.7
2020-02-10,71.4,0.6407,0.4969,0.9592,70.25915,0.58495,0.8525,763.4902,4.4759,2.657,4.97555,8761.5735,20.0523,0.8914,19.2828,45.7428,32.5828,14885.06325,71.4
2020-02-11,71.08,0.6381,0.49415,0.95325,70.07295,0.58485,0.8497,756.34,4.4569,2.64335,4.955,8738.7805,19.9263,0.886,19.17555,45.49175,32.3644,14843.16385,71.1
2020-02-12,71.61,0.64385,0.49705,0.9575,70.73015,0.5899,0.85585,761.54585,4.4924,2.66105,4.99985,8798.2115,20.0946,0.89305,19.3277,45.89445,32.5531,14964.68425,71.6
2020-02-13,71.69,0.6443,0.49735,0.959,70.79895,0.59255,0.8541,762.368,4.4923,2.669,5.00595,8801.139,20.078,0.8946,19.3206,45.96195,32.5823,14970.3107,71.7
2020-02-14,71.67,0.644,0.49365,0.9581,70.75305,0.5942,0.854,761.8842,4.4952,2.6694,5.00155,8809.921,20.05655,0.8954,19.3087,45.9333,32.484,14966.5602,71.7
2020-02-17,71.62,0.64345,0.49335,0.958,70.6315,0.5938,0.8525,761.2014,4.49125,2.66325,4.9984,8799.18,20.0644,0.89535,19.30575,45.91745,32.5586,14957.63895,71.6
2020-02-18,71.55,0.6421,0.49405,0.9596,70.4801,0.59305,0.8504,762.7827,4.4821,2.6634,4.9878,8766.27075,20.0335,0.8927,19.2646,45.7777,32.49985,14915.66225,71.6
2020-02-19,71.4,0.6398,0.49215,0.9562,70.3204,0.5925,0.848,761.426,4.4816,2.65805,4.9708,8742.868,19.94895,0.8905,19.26215,45.7809,32.39945,14864.1538,71.4
2020-02-20,71.4,0.639,0.49435,0.9571,71.0664,0.59105,0.8444,762.29505,4.4689,2.6646,4.9667,8747.911,19.95595,0.8911,19.2556,45.72365,32.3078,14845.8872,71.4
2020-02-21,71.1,0.63355,0.4918,0.9576,71.0051,0.58715,0.83955,762.82595,4.44445,2.65455,4.93085,8684.3885,19.9386,0.88745,19.1538,45.3891,32.121,14722.1185,71.1
2020-02-24,71.01,0.6321,0.48825,0.9563,70.5266,0.58355,0.838,769.07615,4.4491,2.6649,4.92645,8700.8575,20.05815,0.8859,19.1953,45.2852,32.24025,14693.7968,71
2020-02-25,71.18,0.634,0.4906,0.9592,70.3074,0.58425,0.8428,770.88065,4.45835,2.67515,4.9404,8793.581,20.05345,0.8861,19.31005,45.6488,32.31495,14739.5493,71.2
2020-02-26,70.82,0.6311,0.48545,0.9573,69.57245,0.5806,0.8389,769.6265,4.4279,2.674,4.91765,8762.8255,20.0674,0.8838,19.1523,45.36385,32.2587,14686.3283,70.8
2020-02-27,70.69,0.62935,0.48725,0.9603,69.43935,0.5775,0.8392,764.12535,4.41605,2.65365,4.90495,8768.42075,20.01725,0.87905,19.1042,45.1,32.1,14626.7236,70.7
2020-02-28,70.65,0.63045,0.4889,0.9588,69.02485,0.5734,0.8446,765.2087,4.42325,2.65325,4.91525,8848.367,19.938,0.8791,19.08975,45.12525,32.03635,14652.60405,70.7
2020-03-02,69.69,0.6219,0.4854,0.9559,66.91955,0.56215,0.8332,750.3535,4.3471,2.6198,4.84765,8922.71175,19.61165,0.86575,18.8308,44.88095,31.72625,14452.3343,69.7
2020-03-03,69.96,0.6262,0.49025,0.958,67.80185,0.56245,0.83505,744.86495,4.357,2.6307,4.8728,8932.744,19.6799,0.87005,18.8483,45.53725,31.66695,14546.9394,70
2020-03-04,70.07,0.629,0.49035,0.9515,67.54205,0.56295,0.8403,745.2707,4.391,2.6308,4.88655,8983.0648,19.7254,0.8716,18.87815,46.10415,31.8824,14604.7512,70.1
2020-03-05,69.93,0.62885,0.4887,0.94995,67.6045,0.56465,0.8424,746.1306,4.36005,2.6239,4.88775,8876.219,19.7286,0.87095,18.85705,46.04755,31.7931,14594.9799,69.9
2020-03-06,70.18,0.63165,0.48765,0.9557,67.11595,0.5629,0.84595,751.5688,4.3849,2.63745,4.9092,8950.483,19.9238,0.8739,18.90495,46.30465,31.9552,14662.17625,70.2
2020-03-09,70.17,0.6332,0.48435,0.9577,65.9573,0.55735,0.8616,757.7505,4.3944,2.65945,4.9183,9010.438,19.88405,0.87175,18.9802,46.7064,32.06525,14694.9895,70.2
2020-03-10,70.12,0.6318,0.48405,0.95965,65.3597,0.55495,0.8628,757.7178,4.3916,2.6757,4.9109,9093.183,19.8622,0.87535,19.02475,46.8085,31.96275,14641.0176,70.1
2020-03-11,69.8,0.6261,0.48525,0.9645,65.69355,0.55315,0.85975,745.65385,4.34965,2.659,4.86465,8982.0318,19.6783,0.8711,18.78675,46.38615,31.61805,14509.8677,69.8
2020-03-12,69.89,0.62595,0.48825,0.9674,65.49005,0.55535,0.86245,748.3859,4.3503,2.65715,4.86445,8983.953,19.7096,0.8737,18.82575,46.0934,31.70125,14505.453,69.9
2020-03-13,69.23,0.613,0.48965,0.9746,64.4079,0.54895,0.85415,750.4041,4.2819,2.62515,4.76875,8901.68525,19.53175,0.8665,18.4691,45.49535,31.1741,14219.45525,69.2
2020-03-16,68.67,0.60395,0.4899,0.98125,64.54415,0.5432,0.83525,734.6147,4.22315,2.59305,4.6875,8920.358,19.26905,0.8559,18.2254,44.63945,30.90715,14018.2851,68.7
2020-03-17,69.14,0.6067,0.49535,0.9907,64.68635,0.54305,0.849,751.9565,4.2456,2.6155,4.714,9055.01,19.51605,0.86115,18.3032,45.0608,31.2287,14091.2147,69.1
2020-03-18,68.33,0.5947,0.491,0.9922,63.8506,0.541,0.8465,736.2958,4.1694,2.5915,4.6166,9020.846,19.121,0.8491,17.9727,44.1535,30.8178,13824.4238,68.3
2020-03-19,65.79,0.564,0.4874,0.9854,61.3689,0.5173,0.8204,712.7552,3.9627,2.4717,4.3795,8582.6788,18.4104,0.8159,17.0588,41.8819,28.7923,13131.6125,65.8
2020-03-20,67.08,0.5723,0.4963,0.9875,63.61405,0.5365,0.82945,723.01535,4.05815,2.52985,4.4416,9106.73,18.657,0.8317,17.41825,42.91535,29.24455,13376.083,67.1
2020-03-23,65.84,0.5608,0.4834,0.979,62.0134,0.525,0.8112,718.5174,3.9623,2.4794,4.3507,8929.9575,18.4319,0.8178,16.9551,42.1642,28.5871,13155.1978,65.8
2020-03-24,67.47,0.57745,0.498,0.97765,63.7967,0.53465,0.83455,727.78925,4.11065,2.56305,4.478,9571.2475,18.9389,0.841,17.53225,44.2449,29.55965,13598.95025,67.5
2020-03-25,67.61,0.58125,0.494,0.97515,64.51875,0.53885,0.84015,718.1636,4.1135,2.57785,4.5065,9590.6525,19.07225,0.8425,17.6029,44.1169,29.55655,13726.2215,67.6
2020-03-26,67.49,0.58005,0.48885,0.9848,64.23765,0.53105,0.8251,710.7065,4.1185,2.54495,4.4979,9570.8525,18.99665,0.8399,17.577,44.0258,29.6464,13692.083,67.5
2020-03-27,68.56,0.5955,0.489,0.9834,64.9309,0.5395,0.8373,724.1567,4.2247,2.5635,4.6166,9708.8288,19.4013,0.8532,18.024,44.7481,30.2936,14072.2715,68.6
2020-03-30,69.01,0.6026,0.485,0.9805,64.7946,0.5426,0.8468,735.4734,4.2726,2.6138,4.6723,9725.976,19.6613,0.8613,18.2121,45.1016,30.7387,14237.9323,69
2020-03-31,68.81,0.59965,0.4862,0.97395,65.092,0.54445,0.85075,732.1429,4.2552,2.595,4.6499,9796.78875,19.56055,0.8543,18.1199,45.3455,30.58155,14171.23,68.8
2020-04-01,68.31,0.596,0.48,0.971,64.0497,0.5402,0.8389,726.1056,4.2271,2.5537,4.6207,9719.949,19.5234,0.847,18.0224,45.0844,30.2922,14074.5516,68.3
2020-04-02,68.33,0.5931,0.4785,0.9746,63.7079,0.5419,0.8413,735.3848,4.2145,2.5978,4.5979,9756.497,19.6242,0.8515,17.9618,44.8688,30.1769,13994.1955,68.3
2020-04-03,68.07,0.5898,0.47625,0.97485,63.73085,0.544,0.8357,724.9528,4.1864,2.57595,4.572,9740.5595,19.4501,0.84485,17.8618,44.6191,29.99135,13916.3335,68.1
2020-04-06,67.98,0.5877,0.48005,0.97615,63.97995,0.5433,0.8346,726.01525,4.16695,2.5656,4.55705,9667.69,19.37645,0.84565,17.8,44.7651,29.81405,13849.158,68
2020-04-07,68.58,0.59575,0.4856,0.97325,64.86825,0.5512,0.8394,727.3215,4.21605,2.58855,4.61855,9761.366,19.554,0.852,17.97495,45.37825,30.1643,13970.342,68.6
2020-04-08,68.37,0.59505,0.483,0.9698,64.6909,0.54735,0.83555,726.16935,4.2081,2.5974,4.6133,9627.91175,19.54735,0.84925,17.92525,45.00365,30.15415,13958.38675,68.4
2020-04-09,68.81,0.60055,0.48455,0.9657,65.45695,0.553,0.84255,730.0287,4.24475,2.6064,4.6569,9730.4375,19.6695,0.8566,18.08645,45.843,30.38485,14127.9415,68.8
2020-04-14,69.47,0.61275,0.4881,0.95325,65.9656,0.5601,0.85015,745.7168,4.31575,2.648,4.75005,9620.1875,20.05835,0.86675,18.4214,46.7375,30.98065,14358.571,69.5
2020-04-15,68.87,0.60785,0.48165,0.9463,65.0795,0.5533,0.845,739.9967,4.286,2.632,4.71205,9509.8335,19.83875,0.85925,18.22945,46.36375,30.77545,14268.67225,68.9
2020-04-16,67.98,0.5948,0.4768,0.9478,64.16405,0.54685,0.84045,730.44425,4.20935,2.59645,4.6105,9313.10475,19.47375,0.84935,17.90555,45.46505,30.1519,13943.60025,68
2020-04-17,68.44,0.6015,0.48065,0.94325,64.77255,0.55335,0.8433,732.71735,4.2534,2.6165,4.6625,9347.34,19.53225,0.85545,18.06965,46.2313,30.5261,14106.68,68.4
2020-04-20,68.6,0.60205,0.4822,0.94805,64.88895,0.55415,0.84675,734.6817,4.26045,2.6439,4.66635,9313.726,19.57565,0.85745,18.0895,45.97935,30.65635,14101.51675,68.6
2020-04-21,68.52,0.59965,0.4828,0.9515,64.5883,0.5528,0.8483,739.93825,4.2492,2.6295,4.6474,9294.6025,19.5471,0.85465,18.03445,45.8942,30.48115,14062.3927,68.5
2020-04-22,68.22,0.5963,0.4853,0.9474,64.2871,0.54965,0.84705,737.176,4.22715,2.62075,4.6214,9260.554,19.39765,0.8534,17.94985,45.81675,30.3159,13989.7948,68.2
2020-04-23,67.88,0.59425,0.4817,0.94155,64.01855,0.54935,0.84195,730.8682,4.2079,2.58555,4.6057,9210.8975,19.2136,0.84795,17.867,45.568600000000004,30.1344,13958.3387,67.9
2020-04-24,68.35,0.59895,0.485,0.94255,64.45,0.5563,0.84345,740.42205,4.2395,2.6156,4.64235,9255.28675,19.42245,0.85455,18.0113,45.5576,30.35475,14081.31475,68.4
2020-04-28,68.22,0.59995,0.48325,0.9318,64.37165,0.5542,0.84355,736.2287,4.252,2.61875,4.65,9248.2315,19.4939,0.85295,17.9994,45.7447,30.4175,14072.72785,68.2
2020-04-29,69.03,0.60965,0.48905,0.9352,64.97345,0.5621,0.8505,742.79765,4.3159,2.6581,4.7251,9379.467,19.7664,0.8632,18.2587,46.44775,30.8605,14293.2453,69
2020-04-30,69.2,0.61255,0.49175,0.936,65.35605,0.56365,0.8501,746.36155,4.32465,2.6508,4.7474,9307.7085,19.8359,0.8644,18.2659,46.357,30.88475,14351.4342,69.2
2020-05-01,68.95,0.61015,0.48565,0.9422,65.35625,0.5576,0.8535,743.4373,4.30285,2.62365,4.73005,9076.00375,19.7414,0.8631,18.14375,45.8192,30.7577,14295.2048,69
2020-05-04,68.38,0.6029,0.48405,0.94315,64.3596,0.5506,0.85165,740.0598,4.2517,2.6202,4.6735,9028.4325,19.5068,0.8551,18.008,45.27475,30.50075,14125.3443,68.4
2020-05-05,68.65,0.60605,0.48645,0.94035,64.58975,0.5555,0.8521,744.9264,4.27395,2.6151,4.7001,9166.51875,19.6209,0.85725,18.04875,45.889,30.6431,14209.44855,68.6
2020-05-06,68.7,0.6054,0.48685,0.9413,64.35705,0.5586,0.85095,739.8594,4.29125,2.60415,4.693,9121.866,19.61345,0.8576,18.0809,45.78865,30.6084,14179.679,68.7
2020-05-07,68.41,0.60125,0.488,0.9387,63.8858,0.5567,0.8499,737.94425,4.2713,2.6004,4.6603,9045.8225,19.52105,0.85425,17.9921,45.55225,30.38415,14083.981,68.4
2020-05-08,69.18,0.61215,0.4935,0.9367,65.07465,0.5641,0.85275,744.68055,4.3298,2.6338,4.74465,9182.2625,19.74795,0.86405,18.2941,46.378,30.88605,14340.8383,69.2
2020-05-11,69.48,0.6151,0.49485,0.9384,65.7388,0.56695,0.8557,747.40805,4.35145,2.6673,4.7678,9180.3725,19.7647,0.86835,18.36075,46.47235,30.9334,14382.57625,69.5
2020-05-12,68.89,0.6061,0.49235,0.9405,65.1618,0.56145,0.8516,743.9878,4.30125,2.6365,4.6978,9060.29555,19.49975,0.86015,18.1048,45.90415,30.52925,14136.97995,68.9
2020-05-13,68.92,0.6075,0.495,0.93915,65.13315,0.55975,0.8542,745.4633,4.30735,2.63655,4.70835,9042.6405,19.4932,0.86095,18.1633,45.8754,30.5466,14175.4052,68.9
2020-05-14,67.87,0.59695,0.4891,0.92925,63.805,0.5522,0.8421,733.47255,4.23685,2.58775,4.62695,8885.60325,19.16955,0.84835,17.84585,45.0488,30.06775,13937.29025,67.9
2020-05-15,68.14,0.5998,0.49105,0.92775,64.34355,0.5552,0.84255,736.94435,4.25635,2.60675,4.6492000000000004,8915.74485,19.24905,0.8539,17.94515,45.3254,30.28695,14015.82775,68.1
2020-05-18,67.69,0.59515,0.4915,0.9238,63.7435,0.54990000000000006,0.8379,732.4809,4.22805,2.59185,4.61355,8835.0055,19.0805,0.8479,17.8057,44.9744,30.17855,13901.21675,67.7
2020-05-19,68.4,0.60385,0.4947,0.9254,64.8686,0.55345,0.8422,738.9917,4.29035,2.62675,4.6805,8940.0005,19.293,0.85645,18.0865,45.84205,30.66655,14093.55745,68.4
2020-05-20,69.07,0.6108,0.49755,0.9318,65.83815,0.55805,0.85025,749.2073,4.3365,2.6582,4.7339,9012.355,19.46925,0.86465,18.2837,46.2036,30.93705,14228.8917,69.1
2020-05-21,69.27,0.61245,0.50205,0.9332,65.9456,0.5587,0.85345,754.81405,4.3511,2.6666,4.74665,9009.147,19.5157,0.8672,18.3352,46.42525,30.97775,14253.24325,69.3
2020-05-22,69.24,0.6117,0.5003,0.9329,65.8128,0.55885,0.8541,755.9695,4.3533,2.66245,4.74235,8998.116,19.49335,0.86785,18.3158,46.2537,31.0346,14238.8475,69.2
2020-05-25,69.2,0.60985,0.5006,0.9329,65.6473,0.55975,0.85345,757.25085,4.3523,2.662,4.73045,8970.904,19.47555,0.8691,18.3196,46.32115,30.9529,14190.90545,69.2
2020-05-26,69.39,0.61255,0.5016,0.93225,66.0758,0.5613,0.855,757.54065,4.3664,2.6738,4.7488,9022.86325,19.5541,0.87085,18.37655,46.5262,31.01955,14280.3785,69.4
2020-05-27,69.92,0.6193,0.50265,0.9317,66.57165,0.56465,0.85375,763.96855,4.42505,2.694,4.80095,9128.4835,19.74325,0.87775,18.5567,46.8562,31.30315,14444.5535,69.9
2020-05-28,69.95,0.6189,0.50445,0.93335,66.71435,0.56125,0.8505,765.98165,4.43405,2.6947,4.79825,9122.5875,19.72895,0.8775,18.5701,46.85925,31.3782,14436.7713,69.9
2020-05-29,69.97,0.6203,0.50325,0.93415,66.62955,0.55945,0.8544,767.90045,4.43565,2.698,4.809,9133.919,19.74415,0.87785,18.6003,46.9897,31.3748,14447.7179,70
2020-06-02,70.3,0.628,0.50225,0.9254,67.6136,0.56445,0.8518,769.83385,4.47205,2.696,4.86755,9096.5815,19.87145,0.8838,18.7844,47.4423,31.6324,14621.0963,70.3
2020-06-03,71.32,0.6414,0.50965,0.9235,69.5823,0.57325,0.86615,780.2952,4.5544,2.73175,4.9713,9120.717,20.23775,0.8962,19.19615,48.3375,32.2015,14916.72015,71.3
2020-06-04,71.52,0.64175,0.51185,0.93005,69.88975,0.57195,0.8672,781.5553,4.5748,2.73805,4.97385,9051.8855,20.30495,0.8983,19.19505,48.4329,32.0907,14928.3892,71.5
2020-06-05,71.9,0.647,0.514,0.93195,70.59415,0.57115,0.8739,787.14025,4.60135,2.7637,5.01435,9106.5325,20.3983,0.90445,19.3298,48.89865,32.34805,15052.77925,71.9
2020-06-08,72.27,0.652,0.51345,0.935,71.3712,0.57735,0.87545,784.9755,4.6196,2.78205,5.0532,9053.0305,20.54615,0.9084,19.4107,49.2806,32.5234,15163.89075,72.3
2020-06-09,72.49,0.65575,0.5153,0.93585,70.91935,0.5807,0.8773,785.6869,4.63945,2.79055,5.0822,9105.0975,20.5725,0.91075,19.4922,49.5313,32.7482,15251.10625,72.5
2020-06-10,72.07,0.65125,0.51165,0.9361,70.195,0.57435,0.8732,779.7417,4.61055,2.7854,5.04735,9070.285,20.3776,0.90455,19.3721,49.24425,32.5697,15113.885,72.1
2020-06-11,71.99,0.65275,0.5124,0.93535,69.80185,0.5732,0.87565,776.283,4.60895,2.7677,5.0592,9089.55,20.1749,0.90245,19.29525,49.34625,32.5435,15137.9255,72
2020-06-12,71.3,0.641,0.51045,0.9402,68.4748,0.56785,0.87455,773.30245,4.5406,2.7412,4.968,9015.672,19.97035,0.8929,19.01525,48.5822,32.18145,14881.7768,71.3
2020-06-15,71.48,0.6425,0.51315,0.9397,68.9049,0.57065,0.87495,776.0116,4.55455,2.7499,4.9795,9030.3385,19.9063,0.8955,19.07295,48.73525,32.29205,14920.45675,71.5
2020-06-16,71.81,0.64825,0.5132,0.93395,69.5864,0.5722,0.878,783.02125,4.59025,2.76805,5.02415,9120.8845,20.1103,0.9008,19.1879,49.28525,32.53305,15053.9865,71.8
2020-06-17,71.63,0.64425,0.51315,0.93825,69.08615,0.5719,0.8731,782.4739,4.5699,2.7558,4.9931,9042.0575,20.05065,0.8983,19.0901,49.09505,32.31365,14954.65375,71.6
2020-06-18,71.57,0.6434,0.5133,0.9387,68.7055,0.57265,0.87465,781.73105,4.5623,2.7544,4.9865,9047.82375,20.0451,0.89715,19.053,49.00295,32.17645,14925.27195,71.6
2020-06-19,71.37,0.6413,0.51635,0.9355,68.5582,0.57225,0.8725,777.89695,4.54445,2.7467,4.9702,9016.693,19.9316,0.8944,18.9844,48.8342,32.1747,14886.177,71.4
2020-06-22,71.44,0.6416,0.51895,0.9376,68.5774,0.5736,0.8727,778.77415,4.543,2.7425,4.9725,9056.1945,19.8768,0.89605,18.99425,48.8875,32.11145,14893.14075,71.4
2020-06-23,71.79,0.6468,0.5183,0.9357,69.1732,0.5744,0.8748,783.5701,4.58,2.7675,5.0125,9172.5573,20.0428,0.9014,19.1448,49.1741,32.4572,15012.6853,71.8
2020-06-24,71.68,0.6477,0.51705,0.93295,68.97035,0.57245,0.87725,779.9928,4.5731,2.76795,5.01975,9171.44,20.0091,0.8992,19.14115,49.0001,32.4271,15035.708,71.7
2020-06-25,71.28,0.64145,0.5165,0.9344,68.6961,0.57015,0.87505,774.4547,4.53785,2.7438,4.97145,9054.079,19.8,0.89295,18.93945,48.5746,32.0661,14894.14915,71.3
2020-06-26,71.43,0.64315,0.5179,0.9342,68.9457,0.57325,0.877,770.5581,4.5499,2.7527,4.98465,9070.0255,19.87655,0.89445,18.98965,48.6623,32.1202,14926.8687,71.4
2020-06-29,71.48,0.64305,0.5204,0.9354,68.9832,0.5723,0.8783,771.3064,4.5512,2.75995,4.98385,9144.1955,19.84935,0.8955,18.99735,48.6467,32.03545,14925.8339,71.5
2020-06-30,71.39,0.64255,0.522,0.93395,69.20585,0.5713,0.8778,768.3935,4.54105,2.7533,4.98005,9104.9385,19.8387,0.89505,18.91505,48.56635,31.963,14907.4819,71.4
2020-07-01,71.72,0.6462,0.52165,0.93525,69.67005,0.57495,0.8767,774.60005,4.5627,2.7667,5.0083,9205.1415,19.9934,0.90025,19.05515,48.7905,32.16655,15000.56415,71.7
2020-07-02,71.95,0.6483,0.5196,0.9385,69.67605,0.57605,0.88185,778.80285,4.58165,2.77825,5.0246,9248.022,20.12,0.9036,19.11385,49.0115,32.28505,15043.1535,71.9
2020-07-03,72.27,0.6513,0.5226,0.94105,70.04405,0.57935,0.88365,781.95085,4.60275,2.7918,5.04775,9365.7165,20.2717,0.90875,19.1834,48.85725,32.3436,15112.1142,72.3
2020-07-06,72.55,0.65495,0.52475,0.9415,70.5676,0.5812,0.8873,784.0407,4.62165,2.8048,5.076,9473.853,20.38695,0.91225,19.2978,48.8838,32.39775,15195.49545,72.5
2020-07-07,72.45,0.65605,0.5249,0.9411,70.4237,0.5799,0.88875,782.9957,4.59935,2.802,5.0844,9434.0065,20.3835,0.9132,19.2649,48.99505,32.4135,15222.0005,72.4
2020-07-08,72.46,0.6546,0.5217,0.94355,70.471,0.5806,0.89085,783.55625,4.5962,2.80165,5.07325,9422.9685,20.48735,0.91355,19.26815,49.05085,32.44985,15179.5197,72.5
2020-07-09,72.49,0.65725,0.5211,0.942,70.5361,0.57965,0.8882,784.65795,4.59595,2.80285,5.09375,9434.8255,20.48645,0.91425,19.34125,49.30525,32.5109,15240.9706,72.5
2020-07-10,72.56,0.6565,0.5212,0.9448,70.26195,0.58225,0.8919,788.5222,4.5962,2.80425,5.088,9452.62995,20.53365,0.9146,19.3635,49.2363,32.47705,15221.28105,72.6
2020-07-13,72.56,0.6574,0.51975,0.94395,70.23005,0.58075,0.8925,788.9129,4.6044,2.79955,5.09545,9446.841,20.5602,0.91325,19.3581,49.44145,32.4887,15237.54635,72.6
2020-07-14,72.24,0.6533,0.5205,0.94105,70.02725,0.57585,0.8894,788.33715,4.5802,2.7893,5.0636,9378.123,20.561,0.9094,19.2524,49.12655,32.3743,15143.4943,72.2
2020-07-15,72.33,0.65615,0.5216,0.93625,70.36555,0.575,0.89185,787.6097,4.59185,2.79815,5.0857,9484.667,20.65885,0.91255,19.3207,49.4934,32.44465,15210.86955,72.3
2020-07-16,72.32,0.6561,0.52185,0.93765,70.1863,0.5748,0.8859,789.12435,4.5842,2.79845,5.08685,9552.819,20.7738,0.91205,19.33465,49.3059,32.49205,15211.0227,72.3
2020-07-17,72.26,0.6543,0.5209,0.93705,70.18025,0.5749,0.8883,789.413,4.5824,2.79385,5.07275,9533.154,20.77075,0.91115,19.2989,49.19355,32.4258,15174.8535,72.3
2020-07-20,72.23,0.6541,0.52215,0.93745,70.21435,0.57295,0.88935,788.7138,4.5787,2.7907,5.0719,9610.37875,20.7824,0.91025,19.2963,49.0722,32.3387,15169.8874,72.2
2020-07-21,72.4,0.65765,0.51895,0.9362,70.4968,0.57395,0.88905,787.73325,4.59465,2.8006,5.09775,9697.0615,20.89355,0.9135,19.36515,49.2642,32.41555,15250.2462,72.4
2020-07-22,72.73,0.6645,0.5221,0.9311,70.94535,0.57585,0.8937,793.08085,4.6292,2.82745,5.1505,9706.686,20.9475,0.91935,19.54365,49.66975,32.7645,15404.1072,72.7
2020-07-23,73.06,0.6666,0.52345,0.93385,71.4162,0.57595,0.8936,799.05345,4.6692,2.8334,5.167,9719.034,21.0712,0.923,19.61535,49.8325,32.93935,15452.1214,73.1
2020-07-24,72.8,0.66425,0.5208,0.93345,70.7526,0.572,0.88965,796.9672,4.65495,2.8284,5.14895,9641.5975,21.0534,0.91985,19.5442,49.6593,32.794,15397.9795,72.8
2020-07-27,72.91,0.6667,0.51965,0.93565,70.4702,0.5702,0.89295,797.93995,4.6669,2.83715,5.1679,9670.4845,21.1344,0.92035,19.599,49.8925,32.82165,15459.10675,72.9
2020-07-28,72.98,0.66935,0.51935,0.93385,70.5194,0.56915,0.89345,797.8987,4.67985,2.84175,5.18805,9675.458,21.2184,0.9217,19.5875,50.0933,32.91195,15516.53715,73
2020-07-29,72.62,0.6657,0.5152,0.929,69.96175,0.56785,0.8904,796.3104,4.6614,2.8289,5.15945,9622.695,20.98455,0.9175,19.51965,49.826,32.76375,15430.9263,72.6
2020-07-30,72.47,0.66535,0.51265,0.9273,69.92165,0.5653,0.88815,791.43385,4.65535,2.82275,5.1565,9624.2915,20.902,0.91465,19.4931,49.7682,32.67535,15421.15025,72.5
2020-07-31,72.72,0.6701,0.5101,0.9281,69.8479,0.56385,0.89865,795.7773,4.6813,2.8412,5.1933,9783.481,20.9222,0.91775,19.6346,50.1587,32.9314,15531.2435,72.7
2020-08-03,72.29,0.66325,0.50665,0.92965,70.2415,0.56345,0.88865,791.38995,4.62565,2.81085,5.1404,9686.785,20.69585,0.91215,19.45875,49.6194,32.5795,15371.81375,72.3
2020-08-04,72.14,0.6613,0.5058,0.9287,70.21685,0.5624,0.88555,788.7987,4.6169,2.7877,5.12525,9631.836,20.6045,0.91025,19.4383,49.60495,32.48305,15327.2815,72.1
2020-08-05,72.14,0.6636,0.50725,0.9245,70.0463,0.56185,0.8823,790.11535,4.6217,2.7931,5.1429,9708.482,20.59155,0.9104,19.4806,49.7982,32.55625,15379.9257,72.1
2020-08-06,72.02,0.66405,0.50575,0.92285,70.09385,0.5594,0.88115,786.7333,4.61175,2.7814,5.14655,9608.8085,20.5972,0.90925,19.46765,49.76555,32.57365,15389.359,72
2020-08-07,72.47,0.66825,0.5087,0.9245,70.5371,0.56305,0.89025,792.31065,4.64965,2.8003,5.1791,9733.065,20.7993,0.91515,19.63885,50.0753,32.79105,15486.02575,72.5
2020-08-10,71.84,0.6601,0.5052,0.9214,69.8287,0.5598,0.8831,784.0009,4.6018,2.7702,5.116,9637.47,20.5836,0.9061,19.3954,49.4621,32.3819,15298.8084,71.8
2020-08-11,71.88,0.66095,0.5049,0.9217,70.064,0.5628,0.8813,782.56485,4.59535,2.776,5.1225,9636.65225,20.5456,0.90745,19.4154,49.50515,32.33235,15317.1859,71.9
2020-08-12,71.26,0.6538,0.50155,0.9171,69.73755,0.55755,0.87125,775.2761,4.5474,2.7476,5.0671,9571.634,20.3087,0.89875,19.2348,48.88915,32.01265,15151.8152,71.3
2020-08-13,71.47,0.6576,0.5035,0.917,70.1692,0.5569,0.8708,778.66425,4.56235,2.7537,5.09705,9694.68525,20.42175,0.9018,19.3328,49.2103,32.15995,15240.5379,71.5
2020-08-14,71.16,0.6537,0.50065,0.9158,69.9165,0.5535,0.8649,775.58245,4.54165,2.74395,5.0664,9658.44,20.2925,0.89785,19.2204,48.9262,31.9143,15149.1708,71.2
2020-08-17,71,0.65365,0.49905,0.90945,69.61045,0.55175,0.86665,774.28115,4.53995,2.73715,5.06615,9677.307,20.3383,0.89565,19.21865,48.96085,31.8334,15156.51,71
2020-08-18,70.93,0.65475,0.4987,0.90615,69.2202,0.55065,0.8637,776.2062,4.5375,2.74045,5.0745,9657.575,20.3938,0.89475,19.249,49.0322,31.84215,15173.504,70.9
2020-08-19,71.4,0.6603,0.4986,0.9121,69.5923,0.55305,0.8693,781.53115,4.57055,2.76105,5.1174,9739.44,20.5997,0.90135,19.40755,49.36405,32.05755,15302.4528,71.4
2020-08-20,71.19,0.65575,0.50065,0.91395,69.55865,0.55365,0.86715,778.01465,4.5404,2.7361,5.08215,9686.0836,20.60205,0.89865,19.27675,49.069,31.89895,15197.0066,71.2
2020-08-21,70.81,0.65365,0.49415,0.90775,69.0908,0.55085,0.86105,774.50995,4.51385,2.7303,5.06595,9655.0645,20.52955,0.89345,19.20325,49.04665,31.8262,15148.0121,70.8
2020-08-24,71.04,0.6542,0.4996,0.9119,69.1882,0.55425,0.86185,777.87655,4.52465,2.7349,5.07025,9652.722,20.65145,0.89705,19.22265,48.96485,31.83335,15161.7394,71
2020-08-25,70.92,0.6537,0.4988,0.9104,69.23665,0.55365,0.86435,775.1575,4.51725,2.72885,5.0663,9544.03,20.5834,0.8949,19.19,48.57485,31.70965,15151.78575,70.9
2020-08-26,71.09,0.656,0.499,0.91085,69.87385,0.5544,0.86375,778.18005,4.5277,2.73455,5.0841,9567.761,20.58695,0.8973,19.2559,48.75555,31.83175,15200.1762,71.1
2020-08-27,71.74,0.66315,0.50215,0.9169,70.31715,0.56055,0.8721,786.6949,4.5687,2.76635,5.1396,9691.9385,20.74665,0.9059,19.4608,49.2737,32.22245,15368.5015,71.7
2020-08-28,71.85,0.6649,0.5031,0.9145,70.99805,0.5621,0.87205,787.8733,4.57515,2.77725,5.153,9744.111,20.7831,0.9078,19.51645,49.0784,32.257,15409.0578,71.9
2020-08-31,72.38,0.6739,0.505,0.91455,71.1066,0.56595,0.88205,796.41505,4.62075,2.8071,5.22295,9793.45825,20.9381,0.9153,19.77425,49.46005,32.67405,15617.6327,72.4
2020-09-01,72.42,0.67575,0.50445,0.91325,71.43695,0.5644,0.87985,800.96655,4.61855,2.8081,5.2371,9825.4075,20.9736,0.91765,19.82615,49.7403,32.73975,15660.5065,72.4
2020-09-02,72.73,0.67685,0.506,0.9215,71.79685,0.56875,0.88495,803.28565,4.6253,2.81065,5.2456,9885.3955,21.16255,0.9218,19.85705,49.3271,32.90845,15685.66045,72.7
2020-09-03,72.83,0.67695,0.5077,0.92425,71.9192,0.5722,0.8839,803.0997,4.62045,2.79955,5.24655,9988.399,21.1852,0.9223,19.86005,49.43685,32.86255,15687.97795,72.8
2020-09-04,72.36,0.6711,0.50495,0.92245,71.2675,0.5662,0.88035,798.7097,4.5893,2.78205,5.2011,9875.2395,21.1061,0.9156,19.68535,49.30905,32.59535,15552.40705,72.4
2020-09-07,72.31,0.671,0.5063,0.9209,71.3072,0.5669,0.87725,796.20865,4.58315,2.78365,5.2005,9867.0565,21.10295,0.91585,19.6774,49.07275,32.58915,15553.7806,72.3
2020-09-08,72.2,0.669,0.50905,0.91935,71.1214,0.56705,0.8771,794.90585,4.57295,2.7874,5.185,9847.684,21.01165,0.915,19.60435,49.06695,32.5582,15504.0752,72.2
2020-09-09,71.68,0.6621,0.51085,0.91735,70.14285,0.56225,0.87645,787.96525,4.53635,2.7626,5.1315,9775.9095,20.78495,0.90755,19.3926,48.73385,32.1784,15345.4919,71.7
2020-09-10,72.1,0.6678,0.51415,0.91855,70.89695,0.565,0.87885,791.64355,4.56595,2.7817,5.1757,9863.408,20.85705,0.9129,19.5515,49.115,32.44505,15476.933,72.1
2020-09-11,71.92,0.6656,0.51965,0.9158,70.67675,0.56245,0.8772,791.36515,4.55165,2.7706,5.1586,9917.45,20.84825,0.911,19.4881,48.89665,32.3222,15427.277,71.9
2020-09-14,72.2,0.6688,0.52205,0.919,70.97975,0.5647,0.881,792.02645,4.56805,2.77615,5.1834,9935.0255,20.9134,0.91425,19.57375,49.1802,32.45555,15500.1094,72.2
2020-09-15,72.07,0.6698,0.52195,0.9163,70.76775,0.564,0.8815,790.5315,4.54885,2.7733,5.191,9926.442,20.93125,0.91235,19.56155,49.2186,32.4364,15522.95005,72.1
2020-09-16,72.25,0.67225,0.52075,0.9193,70.77115,0.56755,0.8859,792.11225,4.55115,2.7777,5.21,9942.581,20.97085,0.91475,19.62865,49.51035,32.51945,15580.06635,72.2
2020-09-17,72.02,0.66895,0.5179,0.92015,70.3234,0.5687,0.8848,787.18695,4.5296,2.7711,5.1844,9897.119,20.8495,0.91095,19.4982,49.1787,32.3919,15506.2615,72
2020-09-18,72.65,0.6773,0.52275,0.9253,70.9878,0.5716,0.89145,789.3932,4.5746,2.7952,5.2491,9993.563,21.0776,0.91875,19.705,49.88485,32.7888,15698.1209,72.6
2020-09-21,72.6,0.6769,0.5228,0.9267,70.64805,0.5709,0.89265,787.06555,4.578,2.7841,5.246,9940.287,20.9856,0.91865,19.5976,49.72,32.74335,15690.5426,72.6
2020-09-22,71.93,0.6671,0.5208,0.9247,69.7067,0.567,0.888,776.046,4.5278,2.7583,5.1697,9802.305,20.9204,0.9086,19.3295,48.9611,32.3153,15461.5523,71.9
2020-09-23,71.53,0.66085,0.51915,0.9255,69.5181,0.56535,0.8792,768.83295,4.48605,2.7366,5.1217,9764.065,20.76635,0.90235,19.18015,48.6303,32.037350000000004,15317.84265,71.5
2020-09-24,71.13,0.6541,0.51415,0.92675,68.98465,0.56085,0.87565,765.0027,4.4605,2.7292,5.0694,9697.046,20.6712,0.89835,19.07325,48.12375,31.7566,15164.0006,71.1
2020-09-25,71.24,0.65515,0.5138,0.9288,69.11835,0.56155,0.8751,766.5911,4.46355,2.7297,5.07745,9753.56225,20.64705,0.90065,19.1615,48.4148,31.7381,15197.843,71.2
2020-09-28,71.25,0.6544,0.51305,0.93015,68.9705,0.56325,0.8767,768.62555,4.46255,2.7282,5.0717,9730.933,20.70355,0.901,19.07835,48.1655,31.7312,15177.1723,71.2
2020-09-29,71.29,0.6564,0.51015,0.9262,69.17475,0.5621,0.8774,767.82395,4.47715,2.73655,5.0871,9780.375,20.77505,0.90025,19.0858,48.43655,31.8078,15221.2599,71.3
2020-09-30,71.58,0.6603,0.51385,0.92525,69.84985,0.56245,0.88415,772.2209,4.5047,2.7452,5.11735,9835.1785,20.88695,0.9037,19.14935,48.7681,31.9684,15307.40485,71.6
2020-10-01,71.65,0.66185,0.51235,0.9248,69.82845,0.5648,0.8812,774.03365,4.5076,2.745,5.12935,9848.342,20.93595,0.9036,19.1685,48.8313,32.08055,15343.00705,71.7
2020-10-02,71.83,0.66385,0.51555,0.92635,70.06935,0.56575,0.8829,776.37265,4.5212,2.7606,5.1449,9848.2185,20.9561,0.9055,19.22645,48.5594,32.17015,15394.0179,71.8
2020-10-05,71.86,0.6646,0.51345,0.92525,70.15185,0.5668,0.8828,773.8271,4.52635,2.76375,5.15075,9875.965,20.95985,0.90565,19.24815,48.61425,32.2032,15413.4035,71.9
2020-10-06,71.82,0.66535,0.5121,0.92515,70.3109,0.56425,0.88185,770.47535,4.5314,2.76155,5.1565,9847.1825,20.8038,0.90425,19.2043,48.76355,32.17035,15438.78165,71.8
2020-10-07,71.3,0.65815,0.511,0.92635,69.5434,0.5609,0.8777,766.3499,4.4824,2.7376,5.10075,9697.8465,20.62975,0.89665,18.92905,48.3485,31.9071,15274.01675,71.3
2020-10-08,70.86,0.65505,0.50695,0.91855,69.47135,0.5567,0.8684,757.9584,4.4613,2.7201,5.0767,9635.7905,20.45395,0.89045,18.8294,48.0299,31.73845,15200.7629,70.9
2020-10-09,71.23,0.65955,0.5096,0.91945,69.86945,0.5608,0.87005,760.62605,4.4919,2.73975,5.1115,9701.98675,20.5532,0.89555,18.9218,48.3071,31.89915,15296.28385,71.2
2020-10-12,71.47,0.6657,0.51095,0.92215,70.31455,0.56355,0.8745,765.0225,4.4693,2.7563,5.1592,9785.7975,20.71325,0.902,19.0983,48.69265,32.19325,15433.2564,71.5
2020-10-13,71.38,0.6635,0.50855,0.9239,69.90635,0.5623,0.8714,763.42315,4.46885,2.75685,5.14215,9753.454,20.6896,0.90155,18.98605,48.61795,32.21295,15378.93485,71.4
2020-10-14,71.75,0.6661,0.51485,0.92925,70.23025,0.56705,0.8753,764.08335,4.48855,2.7613,5.1623,9801.6685,20.8023,0.9054,19.08145,48.8634,32.4191,15438.53285,71.8
2020-10-15,71.7,0.6654,0.51095,0.93225,70.02335,0.56635,0.87525,762.71475,4.4828,2.75875,5.1569,9788.04,20.7738,0.9034,19.0953,48.7788,32.3318,15421.6434,71.7
2020-10-16,71.23,0.6596,0.51115,0.9312,69.46575,0.5631,0.8723,755.37395,4.43915,2.7413,5.1119,9689.53,20.57625,0.8973,18.9579,48.3998,32.09615,15286.5599,71.2
2020-10-19,71.41,0.6627,0.51205,0.9328,69.83865,0.5653,0.8728,756.86975,4.43865,2.7502,5.13595,9741.696,20.668,0.8995,19.0533,48.6074,32.194,15359.3983,71.4
2020-10-20,71.1,0.6593,0.50905,0.93485,69.5891,0.56,0.8692,751.70095,4.41305,2.73115,5.1096,9688.4185,20.5751,0.8949,18.93675,48.3745,32.0176,15280.5965,71.1
2020-10-21,70.99,0.65935,0.5087,0.9335,69.479,0.5572,0.8646,748.95575,4.4061,2.73135,5.11,9662.7755,20.5717,0.89415,18.9171,48.4507,32.00485,15283.40345,71
2020-10-22,71.31,0.66445,0.5057,0.93515,69.5181,0.56085,0.87445,752.98805,4.42405,2.7548,5.1495,9722.57025,20.7375,0.9007,19.03745,48.90265,32.2657,15400.62235,71.3
2020-10-23,71.67,0.6672,0.51045,0.93675,69.8825,0.56545,0.8774,757.93925,4.4499,2.7665,5.17085,9781.156,20.86335,0.9056,19.10795,49.06585,32.43725,15463.6946,71.7
2020-10-27,71.84,0.6683,0.51315,0.93735,70.0412,0.56535,0.8818,754.9117,4.4766,2.7831,5.17935,9790.599,20.8794,0.9085,19.11875,49.3556,32.3471,15488.85525,71.8
2020-10-28,72.06,0.66975,0.5139,0.94,69.96545,0.5686,0.88375,756.34875,4.4977,2.7929,5.1906,9795.095,20.9096,0.91155,19.1495,49.37565,32.39245,15522.46125,72.1
2020-10-29,71.71,0.6649,0.51185,0.9417,69.42555,0.5658,0.8852,754.3291,4.46435,2.7623,5.1535,9724.1635,20.7881,0.9072,19.0138,49.12035,32.19115,15410.05495,71.7
2020-10-30,71.56,0.6625,0.5125,0.94165,69.26105,0.56745,0.88225,749.68505,4.44565,2.7557,5.13625,9689.0635,20.67335,0.9053,18.9528,49.09625,32.04845,15357.08155,71.6
2020-11-02,71.31,0.6594,0.51045,0.9418,69.06885,0.56645,0.8808,748.8806,4.41815,2.7428,5.11245,9643.726,20.56175,0.9022,18.86115,48.8665,31.91495,15286.541,71.3
2020-11-03,71.58,0.6631,0.51305,0.9401,69.48625,0.56955,0.87655,751.19285,4.44285,2.7535,5.1401,9707.787,20.6241,0.9049,18.96465,49.35205,32.09075,15369.00035,71.6
2020-11-04,71.91,0.6684,0.51345,0.9367,69.94475,0.5715,0.8806,760.0378,4.47015,2.7789,5.18205,9748.6215,20.7906,0.91125,19.12125,49.7323,32.3205,15491.84175,71.9
2020-11-05,71.97,0.66965,0.5167,0.93335,69.82775,0.57085,0.87965,757.34075,4.49535,2.7804,5.19335,9753.461,20.7625,0.90925,19.17545,50.04965,32.3823,15520.8134,72
2020-11-06,72.18,0.67655,0.51565,0.9326,70.1481,0.57305,0.8849,760.9497,4.4923,2.80125,5.2455,9728.7925,20.8022,0.9146,19.2949,50.3353,32.66925,15679.72315,72.2
2020-11-09,72.25,0.6794,0.5157,0.9343,70.2024,0.5716,0.8849,759.4334,4.4987,2.8046,5.2675,9654.28,20.7404,0.915,19.3738,50.4157,32.7233,15746.1143,72.3
2020-11-10,72.55,0.6825,0.5183,0.9375,71.7478,0.5776,0.8883,763.1033,4.48445,2.80815,5.2913,9597.66,20.81965,0.9193,19.45225,50.61035,32.93745,15816.2553,72.5
2020-11-11,72.63,0.68285,0.515,0.9379,71.81195,0.5777,0.89035,761.07055,4.50985,2.8137,5.2948,9594.045,20.7006,0.9203,19.47315,50.6628,33.011,15825.04925,72.6
2020-11-12,73.45,0.6897,0.52165,0.947,72.6875,0.58555,0.9012,766.94645,4.5658,2.8505,5.3481,9714.4275,20.8703,0.9305,19.664,51.2947,33.27975,15984.14245,73.4
2020-11-13,72.9,0.68335,0.52095,0.9448,71.7108,0.57875,0.89855,760.70525,4.5304,2.8257,5.29865,9683.077,20.6406,0.92165,19.48675,51.00865,32.97335,15836.97805,72.9
2020-11-16,73.1,0.6875,0.52035,0.9432,71.97095,0.58065,0.9018,760.34065,4.5474,2.8318,5.3304,9741.879,20.7333,0.9258,19.60095,51.2995,33.1203,15933.5002,73.1
2020-11-17,73.27,0.69105,0.52275,0.94335,72.2113,0.58245,0.90315,765.1306,4.54505,2.83645,5.3579,9750.718,20.8455,0.9293,19.69525,51.56445,33.31895,16015.4294,73.3
2020-11-18,73,0.6884,0.51965,0.94565,71.63835,0.58055,0.9028,761.92115,4.5145,2.82415,5.3369,9675.467,20.7931,0.9245,19.61975,51.25655,33.238,15946.0978,73
2020-11-19,73.18,0.6904,0.52175,0.9471,71.7015,0.58325,0.90425,767.06895,4.5173,2.82755,5.35205,9713.932,20.97955,0.9275,19.67675,51.2173,33.3291,15996.9135,73.2
2020-11-20,73.39,0.6913,0.52155,0.9498,71.78115,0.58215,0.9042,769.97,4.5523,2.83055,5.3599,9790.54075,20.98525,0.9294,19.70585,51.34285,33.3777,16022.60605,73.4
2020-11-23,73.68,0.69545,0.52245,0.95005,72.17725,0.58575,0.9094,774.175,4.5699,2.8437,5.39145,9854.5335,21.04085,0.9335,19.8318,51.5711,33.52765,16118.445,73.7
2020-11-24,73.63,0.6942,0.52095,0.95035,72.6064,0.58625,0.9068,771.8116,4.5602,2.84105,5.3813,9822.2396,21.0655,0.93275,19.79615,51.44455,33.4778,16084.9616,73.6
2020-11-25,73.8,0.69745,0.522,0.9473,72.88005,0.5862,0.9064,772.4608,4.5865,2.8491,5.4063,9875.897,21.12925,0.9358,19.8916,51.61565,33.57525,16147.36265,73.8
2020-11-26,74.11,0.70075,0.52335,0.9513,73.1093,0.58765,0.91125,775.37995,4.61005,2.86325,5.4317,9913.865,21.238,0.9384,19.97525,51.79245,33.70605,16232.5235,74.1
2020-11-27,74.12,0.701,0.52505,0.95225,72.99165,0.58845,0.91285,774.39475,4.6071,2.85275,5.4334,9884.102,21.2333,0.93835,19.98235,51.7934,33.73915,16238.6652,74.1
2020-11-30,74.34,0.7041,0.5281,0.9511,73.1384,0.5882,0.9146,777.4673,4.6348,2.8625,5.4576,9920.773,21.3131,0.9416,20.0673,52.143,33.8532,16319.9822,74.3
2020-12-01,74.33,0.7028,0.52665,0.95475,73.2845,0.58835,0.9122,778.0348,4.626,2.86565,5.44785,9923.542,21.2896,0.9412,20.03155,52.04675,33.81175,16264.5495,74.3
2020-12-02,74.51,0.70635,0.5263,0.9565,73.7076,0.5854,0.9138,781.0819,4.64125,2.87485,5.4758,9980.733,21.3565,0.94435,20.1419,52.03325,33.9419,16337.87575,74.5
2020-12-03,74.39,0.70565,0.52835,0.9537,73.74045,0.5829,0.91195,776.67375,4.63475,2.87445,5.4701,9967.315,21.3212,0.94475,20.1114,52.08225,33.90645,16321.68475,74.4
2020-12-04,74.35,0.70745,0.5257,0.951,73.44395,0.5823,0.9102,771.0498,4.64015,2.8747,5.48375,10003.353,21.34375,0.94355,20.09865,52.29115,33.9859,16362.6113,74.3
2020-12-07,73.97,0.7044,0.52465,0.9478,73.3245,0.58075,0.9002,761.7382,4.6001,2.87745,5.45965,9935.566,21.2412,0.9398,19.90005,51.98295,33.8376,16293.4766,74
2020-12-08,74.01,0.7039,0.52725,0.94935,73.25135,0.58135,0.90125,762.95725,4.6022,2.86595,5.45575,9928.5145,21.22615,0.9412,19.8855,52.02,33.84525,16279.44735,74
2020-12-09,74.04,0.7045,0.52675,0.9503,73.36665,0.58165,0.9028,763.78375,4.6018,2.86765,5.46075,9940.501,21.15085,0.9422,19.88805,51.82125,33.897,16294.02835,74
2020-12-10,73.75,0.702,0.52455,0.94285,73.19405,0.581,0.8998,762.30185,4.58925,2.85525,5.4421,9905.226,21.08105,0.93855,19.80415,51.64265,33.75915,16236.5582,73.8
2020-12-11,74.34,0.7094,0.53325,0.94125,73.7705,0.58405,0.9042,770.94045,4.645,2.87625,5.49865,10006.09,21.30325,0.9467,20.01575,52.2535,34.09735,16408.7768,74.3
2020-12-14,74.24,0.7082,0.53245,0.9406,73.6776,0.5843,0.9039,772.5046,4.6323,2.8682,5.4895,9971.458,21.31505,0.94605,19.9496,52.15805,34.04675,16379.958,74.2
2020-12-15,74.19,0.70835,0.53105,0.9395,73.72865,0.5826,0.90345,773.73075,4.63075,2.8741,5.49105,9984.1995,21.293,0.94455,19.94005,52.108,34.0433,16382.0107,74.2
2020-12-16,74.19,0.70875,0.52735,0.93855,73.49385,0.58335,0.90085,772.92735,4.63885,2.8701,5.49395,10007.5575,21.2873,0.94455,19.94705,52.19415,34.06255,16390.907,74.2
2020-12-17,74.3,0.71105,0.5264,0.9381,73.52615,0.58305,0.9062,777.6755,4.6481,2.8801,5.51245,10043.5935,21.3315,0.9449,20.0029,52.3244,34.17665,16444.098,74.3
2020-12-18,74.52,0.7146,0.52705,0.93875,73.78605,0.5831,0.9104,782.73715,4.669,2.8852,5.5397,10079.437,21.2665,0.94795,20.09635,52.58205,34.3347,16522.6246,74.5
2020-12-21,74.2,0.71005,0.52955,0.9352,73.387200000000007,0.58115000000000006,0.9099,780.132,4.645,2.87215,5.5047,10018.813,21.24825,0.94505,19.97195,52.23395,34.13565,16419.9065,74.2
2020-12-22,74.14,0.70845,0.52775,0.9361,73.20415,0.57925,0.91115,783.33325,4.6399,2.8689,5.49275,10010.409,21.3509,0.9445,19.93085,52.27475,34.0623,16383.26065,74.1
2020-12-23,73.77,0.7032,0.52575,0.93425,72.85855,0.5783,0.90795,780.62235,4.6044,2.8571,5.4517,9988.968,21.2419,0.9397,19.7926,51.92955,33.81685,16263.2581,73.8
2020-12-24,74.27,0.7102,0.52485,0.9363,73.5696,0.58195,0.91235,785.2682,4.64315,2.8827,5.5059,10084.85,21.4605,0.9452,19.984,52.38525,34.1322,16428.7018,74.3
2020-12-29,74.33,0.71125,0.528,0.9369,73.8242,0.58175,0.9134,778.9966,4.6498,2.8816,5.5149,10067.7475,21.42285,0.94565,19.9929,52.27865,34.1738,16447.6565,74.3
2020-12-30,74.7,0.71625,0.53015,0.9402,74.12115,0.58385,0.9177,780.74835,4.6775,2.899,5.5534,10120.6195,21.5269,0.9503,20.12665,52.58885,34.3968,16562.2081,74.7
2020-12-31,75.1,0.7227,0.52965,0.9384,74.5357,0.5872,0.92115,785.06905,4.71995,2.9114,5.6028,10153.938,21.6521,0.95555,20.3061,52.9775,34.70655,16686.4206,75.1
2021-01-05,74.44,0.7174,0.52865,0.93535,73.9819,0.58535,0.91685,779.2758,4.6364,2.88035,5.56215,9968.275,21.4682,0.9467,20.13595,52.38365,34.4675,16560.8204,74.4
2021-01-06,75.04,0.72575,0.53225,0.93445,74.5164,0.58955,0.91945,787.98315,4.69085,2.9106,5.62665,10098.8165,21.69445,0.95565,20.30505,53.10855,34.8759,16763.0115,75
2021-01-07,75.36,0.72935,0.53535,0.93535,75.1559,0.59135,0.92395,792.5847,4.7127,2.9291,5.6548,10134.3235,21.82035,0.9609,20.4047,53.3237,35.038,16842.15055,75.4
2021-01-08,75.2,0.72555,0.53505,0.9355,75.352,0.5919,0.92065,794.441,4.68525,2.9312,5.62545,10092.4055,21.82815,0.9619,20.2947,53.19325,34.90625,16744.9687,75.2
2021-01-11,74.82,0.72005,0.5323,0.93275,74.9248,0.59075,0.9165,788.9589,4.65995,2.90935,5.5839,10095.115,21.7023,0.9566,20.1495,52.74275,34.62145,16609.3937,74.8
2021-01-12,74.63,0.7173,0.53055,0.9309,74.7606,0.58985,0.91655,787.59545,4.6446,2.91045,5.5627,10131.8715,21.6266,0.9542,20.07005,52.64265,34.48065,16543.8074,74.6
2021-01-13,74.9,0.72255,0.5286,0.93025,74.88145,0.59175,0.91875,790.97555,4.6727,2.9231,5.6029,10209.634,21.69455,0.95585,20.2274,52.9268,34.70045,16666.69995,74.9
2021-01-14,74.63,0.71915,0.52685,0.9281,74.73045,0.59115,0.9126,791.2808,4.6498,2.9079,5.5761,10111.25025,21.5727,0.95365,20.10275,52.6067,34.5731,16586.8353,74.6
2021-01-15,74.83,0.72185,0.52735,0.9282,74.91725,0.5938,0.9129,792.05,4.66895,2.913,5.5967,10145.6035,21.6329,0.9562,20.1869,52.7271,34.69395,16649.1095,74.8
2021-01-18,74.17,0.7126,0.52475,0.92615,73.97855,0.59015,0.9095,786.71045,4.6137,2.88465,5.52545,9990.654,21.43855,0.9486,19.94,52.0688,34.2547,16436.8318,74.2
2021-01-19,74.22,0.7128,0.52435,0.9259,73.93515,0.58975,0.9079,785.5769,4.6284,2.8836,5.52645,10029.098,21.441,0.9476,19.94875,52.23575,34.26785,16443.9397,74.2
2021-01-20,74.08,0.71235,0.5222,0.9239,73.98825,0.58665,0.90645,783.7275,4.62185,2.88395,5.522,10019.2065,21.342,0.94575,19.94365,52.12445,34.2249,16434.27105,74.1
2021-01-21,74.55,0.7185,0.52565,0.92645,74.4402,0.593,0.9069,789.7393,4.6473,2.9049,5.56955,10080.557,21.5227,0.9523,20.1162,52.47475,34.5239,16577.9507,74.6
2021-01-22,74.83,0.7218,0.52575,0.93035,74.73875,0.59325,0.9134,795.965,4.6659,2.91065,5.5952,10105.204,21.62155,0.9552,20.188,52.6878,34.6991,16654.8134,74.8
2021-01-25,74.72,0.71925,0.52555,0.9317,74.66535,0.5911,0.91465,794.62745,4.6591,2.9108,5.57595,10094.6775,21.5523,0.95485,20.12605,52.48545,34.58515,16594.17675,74.7
2021-01-26,74.73,0.71895,0.52605,0.93315,74.5911,0.59245,0.91645,792.13915,4.65605,2.9085,5.5729,10079.6815,21.55415,0.95465,20.1353,52.4402,34.5653,16586.17675,74.7
2021-01-27,75.1,0.72375,0.5267,0.93345,75.02755,0.59505,0.91895,798.80295,4.6866,2.92575,5.61055,10179.55,21.68625,0.95875,20.27735,52.79035,34.79065,16696.91275,75.1
2021-01-28,74.38,0.71335,0.52215,0.9355,74.38455,0.59005,0.9149,794.85025,4.61325,2.88585,5.53,10022.57125,21.429,0.94995,19.95775,52.0193,34.3264,16456.98475,74.4
2021-01-29,74.68,0.7168,0.52275,0.9348,74.87695,0.59205,0.92025,800.809,4.6424,2.9048,5.5574,10085.38,21.50045,0.9535,20.08475,52.36045,34.46375,16529.0497,74.7
2021-02-01,74.76,0.71765,0.52325,0.94,75.1272,0.5916,0.9181,802.36865,4.6366,2.9011,5.5641,10068.632,21.4631,0.95365,20.096,52.35975,34.4974,16541.1151,74.8
2021-02-02,74.64,0.7157,0.5235,0.93755,75.0698,0.593,0.92,800.22425,4.6263,2.8986,5.5488,10034.116,21.46925,0.9535,20.02385,52.27115,34.40015,16495.09625,74.6
2021-02-03,75.18,0.7206,0.5272,0.94695,75.6342,0.5983,0.92105,801.66755,4.65435,2.91555,5.58585,10106.416,21.61255,0.9594,20.15155,52.57765,34.6248,16594.3374,75.2
2021-02-04,75.23,0.7212,0.52875,0.94555,75.76565,0.59915,0.92235,803.95775,4.6561,2.92015,5.5904,10100.407,21.6396,0.96155,20.15535,52.6188,34.64285,16603.1061,75.2
2021-02-05,74.86,0.7161,0.5231,0.9421,75.5414,0.5983,0.9182,803.142,4.6284,2.9106,5.5518,10039.724,21.54745,0.95755,20.0125,52.24755,34.43365,16487.84495,74.9
2021-02-09,75.25,0.72335,0.5259,0.9374,76.05665,0.5998,0.921,807.6203,4.6711,2.9368,5.6076,10126.90125,21.6842,0.96365,20.2513,52.77925,34.7548,16613.54175,75.3
2021-02-10,75.08,0.72325,0.52365,0.9352,75.6664,0.59705,0.91865,804.7965,4.664,2.92735,5.6066,10121.885,21.6451,0.9594,20.2405,52.70865,34.75075,16636.55875,75.1
2021-02-11,74.79,0.72055,0.5213,0.9341,75.37315,0.59475,0.91575,797.6849,4.6389,2.9182,5.5859,10075.091,21.54805,0.95635,20.165,52.4867,34.6152,16574.452,74.8
2021-02-12,74.92,0.7226,0.5233,0.93235,75.68875,0.59575,0.91815,799.95435,4.6521,2.92115,5.6022,10096.529,21.58405,0.9572,20.2223,52.6468,34.71805,16621.607,74.9
2021-02-15,74.85,0.7222,0.52045,0.93025,75.88515,0.5958,0.9163,797.4533,4.6495,2.9195,5.59915,10090.94,21.5775,0.9568,20.2111,52.54005,34.69885,16612.406,74.9
2021-02-16,74.93,0.7237,0.51975,0.92955,76.3431,0.5963,0.9141,795.85295,4.6592,2.91795,5.6106,10069.5626,21.60965,0.9569,20.2531,52.60035,34.68695,16646.90975,74.9
2021-02-17,74.61,0.7185,0.5181,0.92845,76.2724,0.59435,0.9134,796.38545,4.6257,2.9081,5.57,10005.1135,21.53345,0.95505,20.1076,52.2363,34.7359,16527.29675,74.6
2021-02-18,74.68,0.7195,0.51875,0.92725,76.07635,0.59715,0.91315,794.6518,4.63215,2.905,5.5779,10087.392,21.5724,0.955,20.1111,52.3463,34.78065,16560.37205,74.7
2021-02-19,74.95,0.72205,0.51665,0.9287,76.29905,0.59685,0.9151,798.5513,4.6721,2.9189,5.59775,10126.755,21.6615,0.95765,20.1647,52.4578,34.95805,16619.0642,74.9
2021-02-22,75.56,0.73085,0.52075,0.9264,77.0718,0.60275,0.9205,807.772,4.7194,2.9519,5.6665,10279.4065,21.90355,0.96695,20.42255,53.09715,35.4097,16824.1675,75.6
2021-02-23,75.71,0.73295,0.52075,0.9257,76.91945,0.6022,0.92405,814.96715,4.7409,2.9609,5.68315,10345.5905,21.9812,0.96795,20.45665,53.13245,35.6727,16874.342,75.7
2021-02-24,75.83,0.7343,0.5197,0.9273,77.3989,0.6041,0.9242,814.85275,4.74405,2.96695,5.69325,10348.1235,22.04365,0.9686,20.47855,53.20645,35.687,16905.4225,75.8
2021-02-25,76.68,0.7435,0.52565,0.93315,78.82955,0.6113,0.9303,822.9802,4.79795,3.0052,5.7655,10472.1985,22.32175,0.9804,20.7039,53.78945,36.1434,17117.22925,76.7
2021-02-26,76.12,0.73485,0.5255,0.93615,78.07415,0.60445,0.9276,823.03205,4.7403,2.98165,5.69865,10348.526,22.1447,0.97575,20.42035,53.2215,35.82395,16914.41075,76.1
2021-03-01,75.66,0.7272,0.52,0.9384,77.4415,0.6014,0.9232,816.9531,4.6974,2.949,5.6403,10354.626,22.1236,0.9675,20.253,53.4346,35.2813,16736.4484,75.7
2021-03-02,75.62,0.72675,0.5218,0.93545,77.6787,0.60365,0.91925,812.39755,4.69625,2.94555,5.63705,10359.8225,21.98235,0.96575,20.2418,53.45335,35.307,16733.7825,75.6
2021-03-03,75.81,0.7298,0.5229,0.93175,77.92075,0.60385,0.92185,819.93035,4.7217,2.9579,5.66155,10454.39,22.09105,0.97035,20.32965,53.5436,35.3661,16802.1856,75.8
2021-03-04,75.46,0.7255,0.5204,0.93225,77.6249,0.6016,0.91825,816.29635,4.68775,2.94155,5.6277,10334.7485,22.0244,0.9664,20.1475,52.75655,35.18095,16702.4612,75.5
2021-03-05,74.91,0.7171,0.51615,0.93055,77.3715,0.5995,0.90935,811.72135,4.6384,2.91895,5.5654,10229.4325,21.8357,0.9593,19.96445,52.23355,34.87975,16507.6422,74.9
2021-03-08,75.12,0.7184,0.5185,0.9317,77.85305,0.6023,0.90745,810.8581,4.653,2.9286,5.5775,10273.122,21.913,0.9636,20.03655,52.45215,34.8855,16547.6258,75.1
2021-03-09,74.87,0.7115,0.515,0.93135,77.6069,0.60075,0.90135,812.5686,4.6417,2.9317,5.5264,10220.7005,21.9729,0.9613,19.98785,52.1174,34.61095,16395.0947,74.9
2021-03-10,75.19,0.7167,0.51605,0.9303,77.80855,0.60255,0.90655,816.32135,4.6716,2.951,5.5632,10320.482,22.05105,0.9637,20.33205,52.2761,34.73845,16527.8189,75.2
2021-03-11,75.37,0.7193,0.5166,0.9309,78.04045,0.60345,0.9078,820.28975,4.6838,2.9639,5.58235,10361.5185,22.0825,0.967,20.3612,52.44865,34.9328,16582.38285,75.4
2021-03-12,75.44,0.72275,0.51635,0.9274,78.5051,0.60305,0.9055,816.12935,4.6923,2.9712,5.6072,10411.21625,22.07645,0.9684,20.40685,52.7002,35.0028,16661.19475,75.4
2021-03-15,75.29,0.7197,0.51655,0.9269,78.4941,0.60215,0.8975,817.54325,4.6814,2.9623,5.58695,10352.8855,22.093,0.9677,20.2671,52.39145,34.8803,16593.76335,75.3
2021-03-16,75.38,0.71985,0.51845,0.92955,78.6328,0.6037,0.89855,817.10175,4.6812,2.96145,5.5892,10369.44175,22.1444,0.9687,20.3235,52.17025,34.94155,16615.57795,75.4
2021-03-17,75.27,0.7186,0.51715,0.92905,78.4172,0.60375,0.89465,813.59895,4.6713,2.9574,5.5808,10355.028,22.1185,0.9675,20.3105,52.1398,34.9545,16587.444,75.3
2021-03-18,75.63,0.7249,0.5189,0.9259,78.99595,0.6048,0.89775,814.13525,4.71375,2.98005,5.6281,10458.4955,22.2363,0.97085,20.50525,52.58695,35.2682,16720.544,75.6
2021-03-19,74.97,0.71575,0.51465,0.9245,78.0704,0.60105,0.8949,810.55115,4.6538,2.9514,5.55855,10313.9645,22.1417,0.963,20.2564,51.91515,34.8463,16510.20595,75
2021-03-22,74.97,0.7151,0.51715,0.92625,77.8851,0.60165,0.89555,809.9223,4.651,2.943,5.5541,10301.0165,22.0948,0.961,20.3507,51.86085,34.76815,16500.9329,75
2021-03-23,74.49,0.7111,0.51345,0.91995,77.39965,0.59585,0.89085,802.3342,4.6294,2.9251,5.5222,10241.61825,21.97655,0.95345,20.2596,51.4641,34.5346,16410.0549,74.5
2021-03-24,73.6,0.69935,0.50915,0.91935,75.9634,0.59055,0.88005,793.3427,4.55275,2.8915,5.43305,10067.145,21.6851,0.9416,19.9252,50.6478,34.037350000000004,16136.80225,73.6
2021-03-25,73.53,0.69785,0.5095,0.9179,75.9784,0.5906,0.8772,791.4317,4.5522,2.88595,5.42135,10066.4875,21.6386,0.9392,19.9135,50.64035,33.93995,16108.12325,73.5
2021-03-26,73.49,0.69655,0.50655,0.9175,76.1155,0.59115,0.8776,789.3305,4.55125,2.88965,5.41205,10047.735,21.71845,0.9391,19.9269,50.58655,33.8189,16079.857,73.5
2021-03-29,73.59,0.69795,0.50665,0.91545,76.5477,0.59245,0.8796,789.2419,4.56505,2.8951,5.42265,10062.696,21.75165,0.93975,19.9645,50.61095,33.8366,16112.5251,73.6
2021-03-30,73.96,0.70075,0.50895,0.91795,76.9774,0.59535,0.88235,793.9498,4.59905,2.90425,5.44755,10122.335,21.88795,0.945,19.99345,50.814,33.9303,16168.055,74
2021-03-31,73.9,0.69885,0.5083,0.91815,77.3417,0.5961,0.88165,791.7971,4.5898,2.90235,5.43355,10119.3515,21.87225,0.9411,19.91965,51.2842,33.9292,16123.1687,73.9
2021-04-01,73.78,0.69805,0.50625,0.9195,77.34045,0.5951,0.87665,786.5977,4.57575,2.89375,5.4264,10139.1775,21.81755,0.93855,19.91745,51.03705,33.8816,16107.504,73.8
2021-04-06,74.41,0.7059,0.5078,0.9231,77.82545,0.59765,0.88425,793.7846,4.6288,2.9196,5.4887,10246.1395,22.1688,0.9466,20.10155,51.7478,34.2873,16292.1722,74.4
2021-04-07,74.23,0.70585,0.5104,0.92075,77.4247,0.5945,0.88805,788.0463,4.6162,2.9123,5.48945,10213.6545,22.0728,0.94455,20.07685,51.8253,34.2602,16298.42955,74.2
2021-04-08,73.94,0.70105,0.5101,0.9213,76.94725,0.59075,0.8847,783.9843,4.59145,2.90305,5.45665,10175.7445,22.03925,0.9403,19.9168,52.24575,34.07105,16188.99775,73.9
2021-04-09,74.23,0.70505,0.51305,0.92235,77.0232,0.59195,0.88635,786.97685,4.61735,2.9161,5.4836,10251.4295,22.1333,0.94455,20.02765,52.56985,34.2231,16276.4319,74.2
2021-04-12,74.08,0.70185,0.5127,0.9232,76.9017,0.5904,0.88085,788.9145,4.60325,2.9046,5.4594,10229.4675,22.1223,0.94235,19.96905,52.458,34.09305,16189.2234,74.1
2021-04-13,73.96,0.70125,0.51055,0.9213,76.843,0.58935,0.882,789.60755,4.59125,2.89965,5.4503,10247.02125,22.0771,0.9405,19.94915,52.6376,34.04145,16176.43525,74
2021-04-14,74.22,0.70545,0.51275,0.92275,76.7953,0.58995,0.88475,791.62075,4.61335,2.9139,5.4828,10310.1555,22.2093,0.94435,20.0623,52.95285,34.23195,16275.0846,74.2
2021-04-15,74.95,0.71415,0.51855,0.9247,77.76735,0.5964,0.8943,798.88395,4.6669,2.948,5.5466,10433.735,22.48325,0.9543,20.31365,53.6059,34.62555,16481.8682,75
2021-04-16,75.12,0.7161,0.52045,0.9258,77.9439,0.59885,0.8989,801.5308,4.676,2.95715,5.5626,10462.223,22.39605,0.95655,20.30215,53.6538,34.64495,16523.64975,75.1
2021-04-19,74.81,0.71335,0.51625,0.9242,77.50905,0.5972,0.8932,797.5967,4.65775,2.94615,5.5439,10368.551,22.2708,0.95145,20.145,53.03575,34.52075,16455.55805,74.8
2021-04-20,75.16,0.7201,0.5146,0.92505,77.96165,0.59785,0.90085,801.8674,4.6809,2.9668,5.59325,10452.2545,22.4743,0.95645,20.22075,53.9193,34.78085,16617.7481,75.2
2021-04-21,75.04,0.71745,0.51465,0.9298,77.44515,0.59605,0.90475,801.10475,4.66285,2.95445,5.5693,10415.58475,22.4768,0.9533,20.12735,53.7298,34.69015,16555.159,75
2021-04-22,75.28,0.7209,0.5172,0.9299,77.8608,0.59865,0.90135,804.52445,4.6759,2.96615,5.59565,10463.8665,22.5786,0.95725,20.22415,53.9882,34.88795,16634.7677,75.3
2021-04-23,75,0.71715,0.51735,0.9287,77.402,0.59635,0.89545,802.2399,4.6569,2.94965,5.5656,10416.6075,22.53105,0.95305,20.16695,53.7464,34.69215,16540.3481,75
2021-04-27,75.34,0.7223,0.5201,0.92715,78.2432,0.5983,0.8959,803.5588,4.6877,2.9607,5.60605,10466.129,22.7344,0.9583,20.14315,53.97745,34.9449,16643.59825,75.3
2021-04-28,75.18,0.71965,0.51855,0.9302,78.3627,0.5958,0.89315,800.32285,4.6686,2.95235,5.5863,10434.93,22.6168,0.9553,20.0527,53.73085,34.857,16583.6151,75.2
2021-04-29,75.72,0.72805,0.5212,0.9317,78.98975,0.59935,0.89475,805.9878,4.70875,2.98685,5.65115,10523.964,22.74065,0.9636,20.2802,54.14145,35.24855,16780.4608,75.7
2021-04-30,75.48,0.72475,0.51935,0.9319,78.85645,0.5979,0.8897,803.4217,4.68805,2.9744,5.62605,10474.45125,22.5995,0.9609,20.24445,53.66045,34.8909,16709.1115,75.5
2021-05-03,74.96,0.71725,0.5188,0.9288,78.49225,0.59635,0.88085,801.7421,4.6417,2.9447,5.57075,10378.6125,22.3334,0.95535,20.06505,53.1285,34.51765,16536.199,75
2021-05-04,75.01,0.7184,0.5174,0.92785,78.47085,0.5963,0.8831,805.8652,4.6491,2.9494,5.5795,10379.0865,22.3692,0.95715,20.05305,53.10145,34.5101,16562.7122,75
2021-05-05,74.92,0.7171,0.51555,0.92705,78.40055,0.59645,0.88095,805.05235,4.6407,2.95265,5.5705,10354.926,22.3592,0.957,20.03215,52.965,34.3957,16542.063,74.9
2021-05-06,75.5,0.7228,0.51965,0.93195,79.02735,0.6018,0.8862,812.89705,4.6826,2.97685,5.6149,10422.778,22.5306,0.9651,20.1936,53.42575,34.6727,16668.8525,75.5
2021-05-07,75.44,0.724,0.52065,0.92955,78.9993,0.60005,0.8797,811.20585,4.67845,2.98035,5.6234,10333.29675,22.60875,0.96445,20.2105,53.40765,34.676,16701.59445,75.4
2021-05-10,75.49,0.72815,0.51885,0.9274,79.26275,0.59885,0.8825,811.85085,4.6811,2.98945,5.6547,10299.688,22.61635,0.9653,20.22365,53.5254,34.79755,16791.13925,75.5
2021-05-11,75.33,0.72615,0.51435,0.9271,79.0741,0.59825,0.8788,812.77975,4.6654,2.9881,5.6395,10314.9645,22.58505,0.96335,20.19715,53.26495,34.7608,16746.1086,75.3
2021-05-12,75.26,0.7247,0.5132,0.9275,78.87995,0.59715,0.8777,813.7657,4.663,2.9894,5.6287,10288.92875,22.6215,0.962,20.2597,53.1513,34.6624,16711.5822,75.3
2021-05-13,74.82,0.7177,0.51,0.9272,78.59895,0.59385,0.869,810.4269,4.63,2.9609,5.5742,10189.54625,22.4676,0.9564,20.04425,52.69535,34.31685,16546.21495,74.8
2021-05-14,74.86,0.7177,0.511,0.9292,78.6743,0.594,0.87345,811.00105,4.62695,2.9609,5.5748,10189.54625,22.48375,0.9576,20.06185,52.69535,34.3161,16544.06185,74.9
2021-05-17,75.26,0.7224,0.5129,0.9316,78.9836,0.5954,0.8763,818.1542,4.65455,2.98825,5.6112,10301.439,22.6942,0.96465,20.233,52.9438,34.52565,16652.7654,75.3
2021-05-18,75.24,0.7236,0.51065,0.92915,78.9954,0.5948,0.8718,820.0197,4.6555,2.98595,5.6193,10351.101,22.7681,0.9648,20.2514,52.9829,34.6387,16676.8094,75.2
2021-05-19,75.15,0.7235,0.51,0.92955,78.89405,0.592,0.8736,817.8806,4.64985,2.98515,5.6183,10338.819,22.74865,0.96285,20.1643,52.84625,34.5999,16670.8874,75.1
2021-05-20,74.7,0.7175,0.50825,0.92705,78.2936,0.589,0.8695,811.5643,4.6187,2.97045,5.57145,10267.428,22.51155,0.95685,20.0394,52.50395,34.3575,16535.5053,74.7
2021-05-21,74.7,0.7187,0.5069,0.9261,78.22695,0.58755,0.86775,809.68745,4.6235,2.9772,5.5786,10318.74075,22.5654,0.9564,20.0575,52.54505,34.41495,16567.83225,74.7
2021-05-24,74.64,0.717,0.507,0.92825,78.09925,0.58845,0.8652,808.9553,4.6153,2.9698,5.5665,10297.915,22.5066,0.9545,19.995,52.22265,34.37655,16531.1524,74.6
2021-05-25,74.93,0.7215,0.50925,0.9306,78.47035,0.59015,0.86925,810.53315,4.628,2.9899,5.60175,10331.884,22.6136,0.9577,20.11,52.64695,34.6663,16633.82185,74.9
2021-05-26,75.3,0.72565,0.51305,0.9348,78.92535,0.59275,0.875,813.63515,4.6494,3.00605,5.6324,10396.751,22.76185,0.96125,20.18685,52.80735,34.9455,16734.57785,75.3
2021-05-27,75.63,0.7281,0.51635,0.9414,79.4648,0.59755,0.88325,814.48915,4.65415,3.01725,5.6514,10422.7565,22.8023,0.96475,20.25905,52.9857,35.0507,16790.35035,75.6
2021-05-28,75.51,0.72765,0.51295,0.9396,79.976,0.5973,0.87925,813.1853,4.6399,3.01395,5.64605,10405.3975,22.79545,0.9636,20.193,52.8219,34.89085,16771.6051,75.5
2021-05-31,75.21,0.72515,0.5108,0.9388,79.5598,0.59435,0.87565,808.4335,4.6157,3.00065,5.6287,10369.6475,22.67725,0.9591,20.0504,52.53165,34.61505,16711.80715,75.2
2021-06-01,75.38,0.72845,0.5115,0.9382,79.6961,0.59555,0.87785,806.03,4.6371,3.00045,5.65305,10402.26725,22.70215,0.961,20.0433,52.9019,34.6906,16787.85895,75.4
2021-06-02,75.26,0.7263,0.513,0.9355,79.6134,0.59425,0.8761,805.1762,4.63315,2.99635,5.6352,10360.6745,22.64785,0.9602,20.03465,52.94815,34.73165,16737.94695,75.3
2021-06-03,74.97,0.7228,0.51,0.93345,79.26225,0.59215,0.8702,802.95855,4.6152,2.97975,5.6078,10323.3925,22.5188,0.95605,19.97385,52.82765,34.55345,16654.3965,75
2021-06-04,74.4,0.7139,0.5064,0.93255,78.68605,0.5889,0.8654,798.2473,4.57245,2.9488,5.53795,10208.772,22.30225,0.9482,19.76575,52.05135,34.1423,16450.04105,74.4
2021-06-08,74.94,0.7224,0.5098,0.93195,79.0342,0.59275,0.873,803.88675,4.6172,2.9763,5.6048,10299.9808,22.5425,0.9556,20,52.59615,34.4332,16649.8754,74.9
2021-06-09,74.76,0.72025,0.50855,0.9304,78.82055,0.5913,0.87195,803.40295,4.60795,2.9667,5.58865,10274.3675,22.452,0.95335,19.9574,52.50445,34.39555,16531.8985,74.8
2021-06-10,74.51,0.7178,0.5084,0.9284,78.62425,0.5898,0.8698,800.23935,4.5831,2.95555,5.5703,10228.652,22.3487,0.95045,19.89385,52.38145,34.2441,16478.894,74.5
2021-06-11,74.59,0.71935,0.50745,0.9278,78.6897,0.59025,0.86955,799.84535,4.5942,2.9612,5.58175,10239.9485,22.38615,0.9514,19.872,52.55575,34.3292,16508.72345,74.6
2021-06-14,74.25,0.7141,0.50605,0.9272,78.39035,0.5901,0.86835,796.8999,4.5634,2.9382,5.5422,10140.222,22.22815,0.94735,19.7131,52.1802,34.1283,16386.81025,74.3
2021-06-15,74.26,0.71345,0.50595,0.9269,78.5723,0.5887,0.86675,797.9582,4.5712,2.9348,5.5377,10138.127,22.2168,0.94685,19.718,52.27715,34.2028,16370.46735,74.3
2021-06-16,74.27,0.7134,0.5067,0.9275,78.54535,0.5885,0.8691,797.3672,4.56845,2.9392,5.5379,10155.25,22.24735,0.947,19.71445,52.30205,34.34305,16372.5304,74.3
2021-06-17,74.23,0.7096,0.50715,0.92945,78.5208,0.5913,0.87125,800.6772,4.5575,2.9321,5.50865,10143.741,22.21225,0.94715,19.6648,52.03055,34.3056,16283.5463,74.2
2021-06-18,73.6,0.7005,0.50245,0.92725,77.1846,0.58785,0.8648,793.4564,4.5163,2.9015,5.43845,10069.6905,22.0062,0.9403,19.4655,51.88955,33.8937,16092.23675,73.6
2021-06-21,73.26,0.6952,0.5033,0.92675,76.55545,0.5861,0.8658,788.87825,4.48685,2.88195,5.3975,10003.931,21.91615,0.9354,19.386,51.34745,33.80065,15998.29075,73.3
2021-06-22,73.46,0.6977,0.5016,0.9275,76.9598,0.586,0.8637,790.1453,4.5077,2.892,5.4171,10050.373,22.0752,0.93765,19.44835,51.7048,33.99195,16058.6128,73.5
2021-06-23,73.74,0.6998,0.5024,0.92795,77.56235,0.58685,0.8626,795.3927,4.53465,2.9154,5.4344,10091.12,22.2344,0.94175,19.6,52.04415,34.15725,16114.645,73.7
2021-06-24,74.21,0.705,0.5048,0.93055,78.23735,0.59115,0.8676,799.89305,4.56595,2.9356,5.4745,10180.202,22.4507,0.9488,19.734,52.3674,34.43575,16232.626,74.2
2021-06-25,74.33,0.70705,0.50745,0.9316,78.42245,0.59205,0.87095,797.9413,4.5715,2.93995,5.48805,10195.666,22.48775,0.949,19.743,52.43835,34.38385,16263.91825,74.3
2021-06-28,74.32,0.7068,0.50915,0.93215,78.2357,0.59265,0.87,798.6487,4.5664,2.9332,5.4859,10188.525,22.54335,0.94965,19.7077,52.44105,34.354,16274.071,74.3
2021-06-29,74.12,0.7043,0.5079,0.93165,77.8322,0.59105,0.869,796.07035,4.55145,2.9246,5.4671,10180.6595,22.57105,0.9463,19.6387,52.2547,34.19795,16216.5085,74.1
2021-06-30,73.74,0.69975,0.50495,0.93095,77.3084,0.5877,0.86745,791.4173,4.51875,2.9068,5.433,10146.3775,22.4445,0.9411,19.5157,51.94465,34.07785,16111.745,73.7
2021-07-01,73.79,0.69885,0.50585,0.9331,77.61775,0.5897,0.86685,791.65735,4.51905,2.9041,5.4267,10143.8115,22.3562,0.94055,19.47975,51.9455,34.24015,16084.7321,73.8
2021-07-02,73.67,0.6962,0.50585,0.933,77.69595,0.58785,0.8661,790.18705,4.5086,2.90035,5.4068,10112.31,22.3933,0.9399,19.4421,51.9069,34.2496,16016.082,73.7
2021-07-05,74.1,0.7024,0.50795,0.93425,78.00855,0.59225,0.8664,792.9394,4.54025,2.91985,5.4553,10186.5615,22.57515,0.9457,19.5699,52.50795,34.55175,16155.903,74.1
2021-07-06,74.49,0.70705,0.50965,0.9363,78.35175,0.59585,0.8719,800.23925,4.5672,2.9392,5.4926,10238.089,22.7352,0.95085,19.72425,52.53955,34.93605,16260.7364,74.5
2021-07-07,74.16,0.7018,0.50835,0.9366,77.5033,0.59355,0.87505,797.24485,4.5427,2.9184,5.4514,10165.574,22.67165,0.9457,19.60585,52.32005,34.897,16148.0676,74.2
2021-07-08,73.96,0.69835,0.50675,0.93645,77.13625,0.5925,0.87395,799.2267,4.52235,2.9132,5.42475,10129.5705,22.6527,0.9439,19.55555,52.10825,34.80925,16074.27175,74
2021-07-09,73.46,0.6926,0.5028,0.9343,76.0475,0.58495,0.86935,795.6243,4.49385,2.90165,5.3806,10070.408,22.62205,0.9381,19.425,51.74845,34.6681,15943.6528,73.5
2021-07-12,73.9,0.69875,0.50265,0.93495,76.94985,0.58865,0.87085,801.1868,4.52585,2.926,5.4276,10121.4,22.8142,0.94415,19.56115,52.15295,35.03535,16072.9975,73.9
2021-07-13,74.01,0.7003,0.5041,0.93465,77.2851,0.59,0.8717,802.05365,4.5285,2.9339,5.43875,10147.349,22.86305,0.946,19.6028,52.22575,35.18305,16119.15575,74
2021-07-14,74.07,0.69895,0.50585,0.93725,77.2375,0.5933,0.87435,803.93235,4.5263,2.9359,5.42835,10124.2945,22.83295,0.9478,19.5727,52.06745,35.03835,16084.5875,74.1
2021-07-15,74.21,0.70125,0.50705,0.93945,77.0849,0.593,0.87905,804.78965,4.53455,2.94385,5.4465,10157.61,22.8923,0.94995,19.61995,52.30445,35.315,16137.51625,74.2
2021-07-16,74.12,0.6993,0.5057,0.9427,76.9265,0.5924,0.8802,799.78945,4.5229,2.9381,5.43265,10150.347,22.93615,0.94875,19.53355,52.1302,35.1066,16091.5929,74.1
2021-07-19,74.18,0.6984,0.50775,0.9464,76.77165,0.59175,0.8823,800.2966,4.527,2.94305,5.42525,10125.0545,22.95815,0.9488,19.5765,52.0779,35.2203,16071.9305,74.2
2021-07-20,73.82,0.694,0.50735,0.9448,75.9965,0.58835,0.8841,797.96125,4.5,2.9318,5.3932,10075.1455,22.7667,0.94585,19.47815,51.96585,34.9429,15977.2684,73.8
2021-07-21,73.69,0.69195,0.50795,0.94525,76.0626,0.5876,0.87835,795.56955,4.4831,2.9311,5.37775,10045.38475,22.72885,0.94555,19.40195,51.62985,34.78775,15934.5712,73.7
2021-07-22,73.97,0.6958,0.50755,0.9466,76.62845,0.58985,0.8751,801.2485,4.49935,2.94255,5.40825,10099.538,22.85705,0.9494,19.4949,51.9171,34.9831,16020.0996,74
2021-07-23,74.1,0.69775,0.50685,0.945,76.8746,0.59255,0.87695,802.0637,4.515,2.9473,5.4217,10120.865,22.97865,0.9481,19.5314,51.9584,35.048,16056.6235,74.1
2021-07-26,74.15,0.69705,0.50685,0.9479,76.95785,0.59215,0.87685,803.6638,4.51945,2.9462,5.4168,10114.198,22.94165,0.9488,19.5641,51.8649,35.0616,16037.02985,74.2
2021-07-27,74.28,0.6995,0.50605,0.94765,77.12335,0.59255,0.8775,804.39005,4.5309,2.9578,5.4394,10120.01975,22.9917,0.9501,19.586,52.0559,35.2006,16094.7957,74.3
2021-07-28,74.03,0.6963,0.5015,0.94565,76.4851,0.58895,0.8765,803.49545,4.5278,2.94535,5.41875,10089.389,22.95355,0.94645,19.52255,51.85,35.07265,16019.42625,74
2021-07-29,73.82,0.6954,0.4997,0.94405,76.3167,0.58685,0.8704,800.1273,4.5096,2.94015,5.40765,10076.348,22.8908,0.9433,19.4573,51.7247,35.00995,16008.109,73.8
2021-07-30,74.13,0.70005,0.50175,0.94735,76.6415,0.58915,0.87265,802.8524,4.52175,2.96525,5.44205,10108.7245,23.0369,0.9476,19.5622,52.0032,35.23525,16078.399,74.1
2021-08-02,73.9,0.6963,0.5012,0.9491,76.39455,0.58695,0.86935,803.04285,4.5012,2.9426,5.41305,10070.24125,22.94655,0.9432,19.46575,51.81515,34.8359,15983.5675,73.9
2021-08-03,74.15,0.69965,0.50345,0.94965,76.4333,0.58915,0.87495,806.1368,4.5228,2.9562,5.44,10057.475,23.0587,0.94645,19.5363,52.0137,34.93945,16060.467,74.2
2021-08-04,74.69,0.70575,0.50685,0.9531,76.9338,0.59455,0.88455,808.6837,4.56105,2.98215,5.48795,10118.6925,23.3374,0.95265,19.6735,52.4266,35.1132,16186.024,74.7
2021-08-05,74.66,0.70465,0.50735,0.95425,77.2825,0.59535,0.88345,805.66165,4.55495,2.9782,5.47965,10097.6395,23.30805,0.95175,19.57305,52.2789,35.0775,16169.9565,74.7
2021-08-06,74.66,0.70435,0.50605,0.95345,77.39045,0.5956,0.88095,804.9665,4.5526,2.97165,5.47735,10110.9455,23.476,0.95225,19.57775,52.2434,35.47105,16156.7331,74.7
2021-08-09,74.52,0.701,0.5058,0.95365,77.27125,0.59635,0.8812,802.85535,4.5437,2.9603,5.4554,10073.372,23.4274,0.9504,19.5253,51.9818,35.3094,16072.178,74.5
2021-08-10,74.23,0.6971,0.50375,0.95275,76.918,0.59415,0.87755,800.8285,4.52085,2.9477,5.42495,10029.52675,23.34065,0.94665,19.4003,51.77185,35.1443,15985.2003,74.2
2021-08-11,74.58,0.7006,0.50665,0.95405,77.51085,0.59775,0.8773,808.3523,4.5412,2.9702,5.45225,10076.38,23.38955,0.9522,19.5096,52.1474,35.2927,16050.748,74.6
2021-08-12,74.78,0.7034,0.50705,0.955,77.6167,0.59915,0.8802,814.43175,4.55485,2.9803,5.47235,10114.894,23.46015,0.9546,19.57035,52.36375,35.4478,16038.2236,74.8
2021-08-13,74.57,0.7007,0.50735,0.95475,77.3748,0.59685,0.8774,818.0673,4.5382,2.9678,5.4526,10076.067,23.2457,0.95145,19.4959,52.03045,35.3188,15982.969,74.6
2021-08-16,74.78,0.7037,0.5076,0.95665,77.00945,0.59645,0.88185,822.66055,4.5571,2.98475,5.4767,10126.244,23.4719,0.954,19.58325,52.2488,35.5263,16068.9915,74.8
2021-08-17,74.67,0.70145,0.50725,0.95925,76.61585,0.59575,0.88305,823.15165,4.5438,2.97415,5.46105,10081.2401,23.45295,0.95185,19.5259,52.0818,35.5039,16017.6125,74.7
2021-08-18,73.46,0.68805,0.5004,0.95005,75.3449,0.5874,0.8689,807.66755,4.46105,2.917,5.36215,9897.603,22.8622,0.93715,19.17355,51.15735,34.6468,15709.9035,73.5
2021-08-19,73.3,0.68515,0.4991,0.94985,75.4384,0.58635,0.86915,804.4004,4.44825,2.90505,5.3375,9869.5895,22.88055,0.9342,19.09205,50.8694,34.58295,15626.5605,73.3
2021-08-20,73.13,0.68145,0.50015,0.95555,74.75165,0.58345,0.87645,801.99855,4.43085,2.889,5.30925,9857.178,22.7195,0.93005,19.07245,50.5947,34.42515,15548.986,73.1
2021-08-23,73.3,0.6845,0.5015,0.9561,75.19235,0.5844,0.87465,802.679,4.44215,2.89575,5.33075,9870.492,22.77675,0.93075,19.14615,50.9251,34.36805,15623.7135,73.3
2021-08-24,73.6,0.68905,0.50235,0.95575,75.6095,0.58705,0.87185,806.1886,4.4668,2.9085,5.36865,9917.1565,22.9092,0.9354,19.249,51.1361,34.60755,15729.28975,73.6
2021-08-25,73.97,0.69355,0.5055,0.95715,76.18305,0.591,0.87455,810.0665,4.49155,2.92345,5.3987,9990.593,22.84725,0.94035,19.36945,51.45665,34.7746,15827.5049,74
2021-08-26,74.21,0.6965,0.5063,0.95875,76.63245,0.592,0.8779,812.85035,4.5138,2.9239,5.42135,10040.0505,22.8243,0.9421,19.4362,51.70905,34.70315,15874.97675,74.2
2021-08-27,74.07,0.69405,0.507,0.9595,76.3455,0.59065,0.8813,813.32255,4.5026,2.9136,5.4052,10011.673,22.7267,0.9398,19.3831,51.515,34.7823,15815.31805,74.1
2021-08-30,74.42,0.7005,0.50885,0.95835,76.88685,0.59335,0.8842,815.7323,4.53065,2.9251,5.4563,10073.191,22.7995,0.94325,19.50755,51.62335,34.997,15964.3952,74.4
2021-08-31,74.63,0.70255,0.51035,0.96275,77.1892,0.5952,0.8864,818.61135,4.5445,2.9205,5.47025,10073.8676,22.7872,0.9451,19.513,51.48065,34.98875,16002.3335,74.6
2021-09-01,74.73,0.70425,0.51255,0.9624,77.60835,0.59655,0.8894,816.08495,4.55105,2.9209,5.4771,10042.60675,22.749,0.9471,19.51445,51.41555,35.12095,16044.57825,74.7
2021-09-02,74.85,0.70635,0.51285,0.95995,77.67025,0.59665,0.89245,818.801,4.5645,2.9342,5.4925,10076.0845,22.85925,0.9502,19.5772,51.62445,35.36695,16080.0595,74.9
2021-09-03,75.23,0.7114,0.514,0.9611,78.1829,0.5987,0.8931,823.08985,4.59575,2.95585,5.529,10151.6795,23.0885,0.9554,19.6919,51.9807,35.3708,16195.0225,75.2
2021-09-06,75.42,0.7141,0.51535,0.9599,78.41535,0.6012,0.89515,826.32085,4.60835,2.96065,5.5507,10184.852,23.2118,0.9584,19.7277,52.1418,35.68355,16256.488,75.4
2021-09-07,75.43,0.71445,0.51575,0.95865,78.4395,0.60125,0.89485,827.51175,4.61305,2.9628,5.55365,10155.9085,23.22855,0.9583,19.6992,52.229,35.67965,16262.669,75.4
2021-09-08,75.31,0.71105,0.51575,0.96095,78.42525,0.6001,0.89785,826.91565,4.59525,2.95655,5.52765,10125.3555,23.29225,0.95675,19.66585,52.2115,35.62365,16183.143,75.3
2021-09-09,75.22,0.709,0.515,0.9638,78.0857,0.5998,0.9002,828.89195,4.58095,2.9427,5.51375,10124.523,23.19495,0.95425,19.64995,52.18685,35.54215,16135.77695,75.2
2021-09-10,75.24,0.70995,0.513,0.96385,77.92055,0.6005,0.89865,832.41645,4.58285,2.9456,5.5214,10120.339,23.24735,0.9535,19.66525,52.18,35.45135,16162.72205,75.2
2021-09-13,75.32,0.71045,0.5137,0.9656,78.11045,0.60195,0.90155,834.3881,4.58205,2.9441,5.52625,10109.707,23.27075,0.95355,19.6599,52.2168,35.53315,16174.1054,75.3
2021-09-14,75.4,0.7112,0.5138,0.9658,78.2925,0.60225,0.8998,833.8821,4.58855,2.95075,5.5327,10141.7135,23.40025,0.95485,19.68355,52.403,35.496,16187.26805,75.4
2021-09-15,75.15,0.708,0.5129,0.9691,77.5862,0.5996,0.8992,830.80265,4.56095,2.9481,5.5077,10087.23075,23.3463,0.95125,19.61015,52.16895,35.3257,16114.7886,75.2
2021-09-16,75.47,0.71245,0.51465,0.97135,77.8423,0.60285,0.90025,832.4979,4.58195,2.9627,5.5435,10134.603,23.4218,0.95525,19.70815,52.3633,35.47075,16214.6499,75.5
2021-09-17,75.15,0.7062,0.5123,0.96965,77.60785,0.6005,0.8961,833.24545,4.56345,2.94945,5.4964,10077.4785,23.4635,0.9511,19.572,51.91805,35.32415,16069.5816,75.2
2021-09-20,74.93,0.70295,0.51265,0.97045,77.2753,0.59985,0.89865,825.93115,4.53565,2.94465,5.4733,10024.074,23.468,0.94965,19.48545,51.65715,35.25825,16007.22645,74.9
2021-09-21,74.78,0.7022,0.5137,0.9665,76.905,0.5982,0.8977,825.04995,4.53085,2.93975,5.4667,10004.59675,23.4421,0.94825,19.46465,51.78285,35.189,15989.7968,74.8
2021-09-22,74.88,0.70225,0.51385,0.96825,76.8086,0.5988,0.89825,825.1087,4.54565,2.9389,5.46705,10001.09635,23.49025,0.9495,19.5138,51.69175,35.2073,15983.21175,74.9
2021-09-23,74.71,0.69975,0.51345,0.9667,76.89555,0.59835,0.8941,827.48945,4.5258,2.93055,5.447,9964.4435,23.4539,0.947,19.424,51.6914,35.2674,15927.0101,74.7
2021-09-24,75.18,0.7062,0.5146,0.9684,77.9186,0.6015,0.8947,830.9503,4.56245,2.95335,5.498,10065.11775,23.47585,0.95315,19.5808,52.00365,35.56425,16077.3504,75.2
2021-09-27,74.86,0.70225,0.5137,0.9647,77.7637,0.5993,0.88765,825.84605,4.53955,2.9407,5.4671,10012.33025,23.44635,0.94975,19.45795,51.75365,35.63215,15986.723,74.9
2021-09-28,74.74,0.7004,0.5114,0.9634,77.7689,0.59925,0.8849,827.66275,4.52585,2.9294,5.45135,9982.45175,23.56145,0.9489,19.4088,51.7184,35.7169,15946.7078,74.7
2021-09-29,74.27,0.69455,0.51315,0.95925,77.5361,0.5945,0.88065,824.1184,4.4859,2.9088,5.40615,9912.96575,23.5366,0.94295,19.27445,51.4332,35.4217,15809.34745,74.3
2021-09-30,73.73,0.68735,0.51135,0.9558,76.9076,0.59235,0.876,814.6129,4.44575,2.8793,5.3511,9823.95075,23.3252,0.93575,19.12655,50.9653,34.95865,15640.9938,73.7
2021-10-01,73.9,0.68985,0.51265,0.9546,76.85275,0.5964,0.87615,819.19695,4.4579,2.8867,5.3718,9873.479,23.2635,0.93765,19.21955,51.20585,35.1582,15700.9895,73.9
2021-10-04,74.12,0.69335,0.51135,0.95425,76.92375,0.59755,0.87665,824.21985,4.4805,2.8944,5.39845,9920.106,23.346800000000002,0.9408,19.3299,51.3937,35.18755,15778.5663,74.1
2021-10-05,74.32,0.6956,0.51165,0.9556,77.1664,0.599,0.87675,825.399,4.4951,2.90485,5.4168,9923.4299,23.51125,0.9449,19.38085,51.6935,35.3295,15831.50895,74.3
2021-10-06,74.45,0.69665,0.51125,0.9561,77.77055,0.60085,0.87695,827.68995,4.5019,2.91165,5.42305,9929.3542,23.54505,0.94565,19.43725,51.86735,35.2923,15852.2711,74.5
2021-10-07,73.99,0.69185,0.50895,0.9495,77.0548,0.59855,0.87035,823.33615,4.4708,2.8923,5.3862,9860.593,23.42435,0.9399,19.3441,51.8766,35.1564,15746.5095,74
2021-10-08,74.17,0.6942,0.5097,0.9483,77.5595,0.6006,0.8709,827.97245,4.486,2.90315,5.40465,9869.09475,23.4987,0.9428,19.40635,51.91575,35.0606,15799.995,74.2
2021-10-11,74.09,0.69375,0.50865,0.94825,77.922,0.5994,0.86495,828.78855,4.474,2.8905,5.40035,9866.86025,23.4817,0.9383,19.45205,52.02085,35.08295,15788.36285,74.1
2021-10-12,74.01,0.6927,0.5099,0.9439,78.58335,0.59975,0.86555,831.13615,4.45935,2.8924,5.3901,9841.536,23.31975,0.93965,19.4226,52.20015,35.23415,15765.855,74
2021-10-13,74.11,0.69335,0.50995,0.94465,78.664,0.60075,0.86435,829.1427,4.47665,2.88885,5.39515,9857.7045,23.18385,0.94035,19.5216,52.3549,35.25685,15779.25965,74.1
2021-10-14,74.31,0.69755,0.51035,0.94395,79.08475,0.60135,0.86675,829.5963,4.49575,2.8962,5.42605,9917.418,23.1918,0.9409,19.6301,52.57785,35.28555,15875.5408,74.3
2021-10-15,74.86,0.7036,0.5144,0.94895,80.133,0.60685,0.8704,832.2885,4.527,2.9245,5.4737,9933.07375,23.33665,0.9487,19.77535,52.95165,35.61275,16012.5291,74.9
2021-10-18,75.34,0.70785,0.5151,0.9552,80.8683,0.61105,0.87665,839.12085,4.55095,2.94395,5.50635,9962.2823,23.6776,0.9551,19.8297,53.2715,35.89865,16111.0208,75.3
2021-10-19,75.47,0.70955,0.51595,0.95545,80.9916,0.61035,0.87735,840.0008,4.56515,2.9599,5.5187,10011.75225,23.6848,0.95655,19.8745,53.4624,36.0735,16149.71365,75.5
2021-10-20,75.9,0.7157,0.5187,0.9575,82.0371,0.6151,0.88415,843.13045,4.5792,2.97445,5.5655,10075.2675,23.9241,0.9629,19.9884,53.9258,36.30385,16287.5435,75.9
2021-10-21,76.23,0.72055,0.5211,0.9571,82.3481,0.61815,0.8875,846.43015,4.6065,2.99385,5.60135,10143.5435,24.04115,0.9674,20.1066,53.953,36.59675,16396.83615,76.2
2021-10-22,75.96,0.7163,0.5194,0.95935,81.7334,0.61615,0.8856,844.73265,4.58315,2.97945,5.56915,10115.9475,23.91545,0.96445,19.98765,53.6258,36.38805,16296.5416,76
2021-10-26,75.88,0.71675,0.52095,0.95615000000000006,81.5948,0.6177,0.88745,837.84495,4.57375,2.97525,5.57265,10147.389,23.70115,0.9655,19.97225,53.81895,36.3321,16309.64975,75.9
2021-10-27,75.75,0.71605,0.5201,0.95115,81.7479,0.61715,0.8872,835.41565,4.56935,2.9691,5.569,10133.8985,23.7639,0.96475,19.9298,53.6769,36.33595,16296.22445,75.8
2021-10-28,75.87,0.716,0.5216,0.9551,81.4844,0.61765,0.8857,839.68905,4.57625,2.9757,5.56905,10147.51075,23.85535,0.9664,19.91375,53.7188,36.3549,16295.4452,75.9
2021-10-29,75.92,0.718,0.5205,0.9536,81.5289,0.6145,0.8872,840.16775,4.59495,2.97645,5.58455,10175.85575,23.8035,0.9651,19.9841,53.79795,36.4134,16338.0915,75.9
2021-11-01,75.97,0.71655,0.52405,0.95405,81.74405,0.62015,0.88775,841.7672,4.5854,2.97185,5.57415,10151.723,23.8862,0.96695,19.9262,53.65615,36.1213,16302.58785,76
2021-11-02,76.07,0.71785,0.5259,0.95425,81.9175,0.619,0.8884,843.83275,4.59635,2.97835,5.5863,10227.56875,23.88285,0.9677,19.981,53.7468,36.1868,16334.6785,76.1
2021-11-03,75.64,0.71205,0.52285,0.95765,81.07755,0.61485,0.88395,840.6107,4.55615,2.9575,5.5409,10148.4935,23.7166,0.9604,19.82455,53.1812,35.95495,16198.0696,75.6
2021-11-04,76.06,0.7167,0.5239,0.96105,81.8006,0.6172,0.8879,844.9177,4.58495,2.9768,5.5782,10247.019,23.86075,0.96605,19.9594,53.36995,36.2346,16303.4919,76.1
2021-11-05,75.6,0.71045,0.52635,0.96,80.7853,0.615,0.8849,842.27405,4.5437,2.95475,5.5295,10186.07775,23.6864,0.9597,19.7967,52.90455,35.95235,16116.56,75.6
2021-11-08,75.62,0.71065,0.52705,0.9612,80.73695,0.6147,0.88545,841.6584,4.5489,2.9524,5.5311,10181.83875,23.5616,0.9599,19.809,52.91945,35.78125,16118.253,75.6
2021-11-09,75.96,0.7151,0.5275,0.966,80.9672,0.6175,0.8906,843.532,4.57505,2.96875,5.5693,10195.539,23.5027,0.96385,19.90195,52.9344,35.85155,16204.5237,76
2021-11-10,75.7,0.7125,0.5256,0.9662,80.41275,0.61465,0.88635,840.57195,4.55675,2.9567,5.55045,10147.782,23.34865,0.95995,19.7726,52.74905,35.6998,16147.0314,75.7
2021-11-11,75.36,0.70655,0.52695,0.96505,80.5361,0.6154,0.88235,837.3325,4.5162,2.93925,5.5054,10070.10475,23.2367,0.9559,19.62375,52.5479,35.4547,16011.1299,75.4
2021-11-12,75.01,0.7019,0.5254,0.96295,80.1886,0.61355,0.8835,827.54015,4.495,2.9252,5.4683,10010.8495,23.0118,0.9508,19.53525,52.3025,35.15815,15897.6845,75
2021-11-15,75.08,0.70405,0.52455,0.9603,80.25815,0.6151,0.88365,831.1311,4.49935,2.93165,5.4859,10022.50465,23.04005,0.952,19.5955,52.4047,35.10045,15943.214,75.1
2021-11-16,75.12,0.70455,0.5252,0.95825,80.44905,0.61935,0.8815,832.17935,4.4952,2.9341,5.4878,10013.41775,23.06875,0.95315,19.5636,52.4771,35.34375,15956.297,75.1
2021-11-17,74.74,0.69905,0.52075,0.9591,80.26145,0.6174,0.87865,827.2908,4.45825,2.91785,5.44435,9941.5401,22.91485,0.9487,19.4231,51.9901,35.2391,15833.8322,74.7
2021-11-18,74.91,0.7005,0.5194,0.965,79.9936,0.61865,0.88345,828.55145,4.4706,2.9249,5.45625,9976.872,22.86785,0.94995,19.48235,52.0279,35.2667,15868.428,74.9
2021-11-19,75.19,0.7036,0.5215,0.9672,80.43555,0.61915,0.8866,832.1126,4.49,2.94105,5.48085,10010.1178,22.9391,0.9548,19.55725,52.24055,35.34535,15940.0595,75.2
2021-11-22,74.89,0.699,0.5202,0.96635,79.7314,0.6196,0.8842,831.146,4.46085,2.92815,5.44525,9952.01325,22.9412,0.9524,19.41825,51.899,35.35195,15840.7395,74.9
2021-11-23,74.56,0.69505,0.51865000000000006,0.9617,79.7744,0.61835,0.8826,825.7542,4.43265,2.91085,5.4148,9902.72575,22.96445,0.9486,19.30255,51.71525,35.2112,15760.2605,74.6
2021-11-24,74.45,0.6934,0.5184,0.9602,79.88315,0.6168,0.8791,824.45265,4.4269,2.91295,5.4036,9886.15125,22.96885,0.94705,19.27895,51.6046,35.0791,15726.3135,74.4
2021-11-25,74.04,0.68875,0.51615,0.9559,79.437,0.6144,0.87145,818.8205,4.3997,2.9027,5.37095,9819.854,22.9543,0.9422,19.14035,51.2413,34.67855,15627.741,74
2021-11-26,73.64,0.68425,0.51405,0.9541,78.6511,0.61,0.8668,815.8998,4.37095,2.8975,5.3354,9762.53775,22.9044,0.9365,19.01705,50.9826,34.4862,15515.3705,73.6
2021-11-29,73.45,0.68235,0.51185,0.95655,77.5798,0.6045,0.8699,813.6683,4.3611,2.89145,5.3207,9759.31175,22.9696,0.93475,18.9864,51.08925,34.4075,15475.016,73.4
2021-11-30,73.32,0.68165,0.51175,0.95435,77.56495,0.6037,0.8687,810.17515,4.35065,2.88885,5.3166,9762.933,22.9375,0.9325,18.94475,51.1885,34.34495,15466.64025,73.3
2021-12-01,73.32,0.68235,0.51305,0.9571,77.27955,0.6022,0.87175,806.7084,4.34735,2.86895,5.32085,9772.95875,22.9713,0.9313,18.9724,51.2803,34.3666,15484.91165,73.3
2021-12-02,73.24,0.68105,0.51295,0.959,76.93485,0.6018,0.8732,802.3791,4.33855,2.8744,5.30725,9767.9605,22.9769,0.9299,18.90185,51.01915,34.3062,15470.0525,73.2
2021-12-03,73.21,0.6799,0.5114,0.96025,76.9205,0.60165,0.8718,800.24235,4.3333,2.87935,5.29765,9775.263,23.0571,0.9314,18.8635,50.98825,34.30095,15457.528,73.2
2021-12-06,72.81,0.67475,0.50985,0.9617,76.2704,0.5975,0.8662,799.4776,4.29765,2.8558500000000002,5.26075,9714.714,22.8622,0.9252,18.6997,50.7201,33.9939,15411.2935,72.8
2021-12-07,72.76,0.67455,0.50875,0.9577,76.55805,0.598,0.86065,797.65545,4.29795,2.8537,5.2609,9738.8165,22.82845,0.92375,18.70935,50.87625,33.97375,15531.5155,72.8
2021-12-08,72.97,0.6784,0.5122,0.9526,77.02555,0.60175,0.8574,798.37505,4.32,2.86525,5.2906,9753.6965,22.7705,0.92645,18.83815,51.17595,34.1778,15654.081,73
2021-12-09,73.01,0.68045,0.5153,0.95025,77.425,0.6001,0.8614,799.1886,4.32315,2.86875,5.306,9769.56175,22.70835,0.92675,18.874,51.34505,34.22665,15602.722,73
2021-12-10,72.97,0.6795,0.5141,0.95175,77.0519,0.60195,0.86405,799.9414,4.31115,2.86885,5.2984,9752.52425,22.74455,0.9277,18.82725,51.3175,34.17105,15621.707,73
2021-12-13,73,0.67955,0.51275,0.94865,77.1527,0.6009,0.86435,800.71385,4.32835,2.86125,5.2998,9766.83325,22.7615,0.9268,18.8412,51.49375,34.21535,15612.663,73
2021-12-14,72.62,0.6748,0.51095,0.9482,76.68095,0.59835,0.8647,798.8283,4.2943,2.85545,5.26545,9678.3195,22.55355,0.92355,18.7493,51.12705,33.98295,15506.905,72.6
2021-12-15,72.54,0.67385,0.50915,0.9477,76.6471,0.59815,0.86595,798.74815,4.28735,2.8541,5.257,9657.956,22.51335,0.9229,18.7381,51.1309,33.93675,15505.292,72.5
2021-12-16,72.81,0.67745,0.51105,0.94415,77.3343,0.6004,0.8701,801.72825,4.3117,2.8639,5.2862,9709.553,22.62345,0.92575,18.83105,51.6437,34.06555,15605.0625,72.8
2021-12-17,72.99,0.67975,0.5101,0.94695,77.36575,0.6,0.86885,805.33385,4.32865,2.8641,5.3044,9749.31525,22.71045,0.92675,18.90485,51.72385,33.9433,15629.15275,73
2021-12-20,72.5,0.67335,0.50875,0.9451,76.47575,0.5986,0.8679,799.53585,4.292,2.8473,5.2542,9674.357,22.49325,0.9202,18.68885,51.231,33.6322,15475.26725,72.5
2021-12-21,72.32,0.67115,0.50835,0.9443,76.2393,0.5951,0.86805,799.2391,4.28055,2.8353,5.2353,9649.46,22.60935,0.9175,18.68715,50.95205,33.5172,15389.80595,72.3
2021-12-22,72.7,0.67575,0.50955,0.94565,77.14025,0.5989,0.8727,804.71695,4.3045,2.8429,5.2713,9672.68585,22.7525,0.92185,18.8007,51.08755,33.74865,15498.665,72.7
2021-12-23,73.05,0.68075,0.50965,0.94385,77.72805,0.60045,0.8743,808.52685,4.33795,2.8646,5.3096,9726.2165,22.8587,0.92685,18.93405,51.42895,34.16175,15630.02175,73.1
2021-12-24,73.16,0.68245,0.50915,0.9431,78.0757,0.60255,0.87495,809.96585,4.3471,2.86525,5.3222,9723.8892,22.8757,0.92675,18.9585,51.35095,34.16345,15663.93425,73.2
2021-12-29,72.97,0.6807,0.5066,0.941,78.1682,0.60185,0.8723,807.88885,4.33695,2.84635,5.3079,9684.66,22.82555,0.92185,18.837,50.8228,34.41655,15547.1895,73
2021-12-30,73.22,0.68385,0.50665,0.94255,78.6393,0.6025,0.8738,809.6101,4.357,2.852,5.33275,9746.573,22.89015,0.9236,18.918,51.1058,34.8695,15607.1675,73.2
2021-12-31,73.19,0.6832,0.50605,0.94205,78.60555,0.60315,0.8704,812.15405,4.35645,2.8517,5.32765,9747.5565,22.82225,0.9238,18.9021,50.8455,34.83295,15576.961,73.2
2022-01-05,73.09,0.68125,0.5035,0.94105,79.15785,0.60405,0.86545,816.1035,4.34255,2.8558,5.3094,9743.579,22.65325,0.924,18.7841,50.79275,34.8698,15501.504,73.1
2022-01-06,72.86,0.67895,0.50115,0.9411,78.8227,0.60045,0.8666,814.4006,4.3235,2.85125,5.2935,9748.0255,22.59035,0.9216,18.7475,50.4846,34.66045,15452.90375,72.9
2022-01-07,72.53,0.6745,0.49825,0.9407,78.2049,0.59705,0.85745,811.15375,4.3009,2.8427,5.262,9707.742,22.6278,0.9181,18.6486,50.24855,34.56475,15344.8765,72.5
2022-01-10,72.74,0.67765,0.49845,0.9431,78.3126,0.59675,0.85655,812.60405,4.3191,2.8458,5.285,9729.36075,22.76735,0.91875,18.7621,50.3545,34.7668,15399.598,72.7
2022-01-11,72.65,0.67695,0.4983,0.942,78.0625,0.5973,0.85715,809.4969,4.3135,2.8425,5.27745,9685.463,22.72355,0.9175,18.7285,50.1197,34.70385,15370.1515,72.6
2022-01-12,72.69,0.67875,0.4977,0.9408,78.2327,0.5969,0.85305,807.6447,4.32495,2.8358,5.291,9708.8414,22.59555,0.9165,18.781,50.1681,34.62645,15407.96525,72.7
2022-01-13,73.16,0.68535,0.49995,0.94095,78.56855,0.599,0.8571,813.6476,4.36205,2.8612,5.34015,9814.21375,22.817,0.9227,18.9551,50.6611,35.0043,15557.78855,73.2
2022-01-14,73.18,0.6859,0.5003,0.9426,78.1343,0.5987,0.85855,815.7752,4.3623,2.8681,5.34225,9803.2265,22.80785,0.9232,18.95895,50.6786,35.0255,15565.1293,73.2
2022-01-17,72.67,0.67985,0.4973,0.94325,77.73065,0.596,0.85285,809.8374,4.31225,2.8462,5.29395,9719.81615,22.59315,0.9168,18.7659,50.41895,34.85255,15442.7945,72.7
2022-01-18,72.67,0.68015,0.498,0.9421,77.9078,0.5957,0.85035,808.0863,4.31715,2.8454,5.2986,9738.0485,22.39225,0.91605,18.7609,50.49435,34.8611,15459.813,72.7
2022-01-19,72.57,0.6774,0.4982,0.9429,77.70115,0.59805,0.84705,806.71575,4.3026,2.841,5.2787,9712.22325,22.4592,0.9148,18.70505,50.52215,34.8421,15417.627,72.6
2022-01-20,72.48,0.6781,0.4977,0.937,77.4865,0.59735,0.84775,806.4983,4.30745,2.8392,5.28315,9739.212,22.26035,0.91325,18.7437,50.47695,34.86455,15396.262,72.5
2022-01-21,72.06,0.6734,0.4956,0.9359,76.63625,0.59565,0.8434,804.14065,4.27115,2.82325,5.24505,9654.87325,22.22895,0.9075,18.6111,50.17335,34.6296,15252.5115,72.1
2022-01-24,71.82,0.67115,0.49515,0.9348,76.40375,0.5919,0.8436,801.8901,4.2547,2.80975,5.22695,9622.614,22.1513,0.9028,18.5865,49.95245,34.4367,15188.12625,71.8
2022-01-25,71.67,0.66925,0.49655,0.93495,76.29115,0.5912,0.8457,800.8581,4.2373,2.8028,5.21065,9598.719,22.08695,0.89925,18.53055,49.90515,34.3827,15148.4755,71.7
2022-01-26,71.54,0.66815,0.49455,0.9339,76.05215,0.5911,0.84365,799.90925,4.226,2.7999,5.20195,9588.28675,22.0339,0.898,18.51345,49.9626,34.2293,15123.577,71.5
2022-01-27,71.3,0.66385,0.4935,0.93515,76.127,0.5909,0.84205,797.981,4.1971,2.7922,5.1718,9527.908,22.0365,0.896,18.4125,49.64105,34.11195,15026.2465,71.3
2022-01-28,70.98,0.65755,0.49095,0.9345,75.91745,0.5899,0.8373,792.2492,4.18485,2.7614,5.12265,9459.51465,21.88655,0.88975,18.2792,49.3672,33.7488,14886.9355,71
2022-01-31,70.74,0.65455,0.48835,0.93545,75.558,0.5872,0.83525,789.0601,4.16645,2.74125,5.10265,9417.339,21.88405,0.88765,18.20565,49.11625,33.50645,14825.55925,70.7
2022-02-01,70.79,0.657,0.489,0.92975,75.6634,0.58535,0.83515,792.01355,4.18205,2.74985,5.123,9448.9746,21.819,0.8881,18.2738,49.027,33.49055,14881.0515,70.8
2022-02-02,71.42,0.66475,0.49155,0.93085,76.2269,0.5898,0.84305,801.3562,4.2314,2.7823,5.1812,9560.4352,22.04975,0.89635,18.48935,49.7254,33.91555,15056.58925,71.4
2022-02-03,71.11,0.66185,0.4881,0.9296,75.75205,0.58595,0.8393,797.7279,4.2129,2.7652,5.1598,9502.51225,21.9486,0.89205,18.4087,49.5329,33.761,14990.90425,71.1
2022-02-04,71.53,0.66715,0.49025,0.93395,76.69895,0.58285,0.8454,800.7135,4.2466,2.79035,5.1993,9591.95,22.08765,0.89655,18.5561,49.94375,34.008,15110.94925,71.5
2022-02-08,71.22,0.66415,0.49065,0.93125,76.5732,0.58045,0.8415,795.45255,4.2224,2.77845,5.17545,9561.436,21.8854,0.8923,18.4896,49.617,34.14395,15053.9565,71.2
2022-02-09,71.28,0.6643,0.4905,0.92995,76.75325,0.58195,0.84455,794.835,4.2303,2.7804,5.1776,9560.9385,21.8322,0.8935,18.49215,49.65805,34.1666,15089.576,71.3
2022-02-10,71.59,0.66815,0.49375,0.93145,77.22145,0.5852,0.8472,798.8402,4.2502,2.7967,5.20625,9592.9645,21.87025,0.8968,18.5906,49.9843,34.27275,15160.327,71.6
2022-02-11,71.42,0.66555,0.49145,0.93215,77.2537,0.58385,0.8483,799.0927,4.23245,2.788,5.19045,9545.65175,21.79845,0.89585,18.51795,49.88465,34.1594,15103.9924,71.4
2022-02-14,71.28,0.66425,0.48975,0.9308,76.65115,0.5846,0.8455,796.3694,4.22435,2.7842,5.1818,9532.9844,21.6496,0.8943,18.49635,50.0712,34.12585,15070.17275,71.3
2022-02-15,71.09,0.66215,0.48885,0.92835,76.39555,0.58535,0.8428,793.322,4.21065,2.7731,5.1662,9486.955,21.4404,0.8918,18.4551,50.0569,34.01465,15050.67125,71.1
2022-02-16,71.19,0.664,0.49025,0.92885,76.8215,0.58475,0.84495,794.70845,4.21495,2.7785,5.18085,9496.8605,21.48535,0.89295,18.519,50.0291,34.06655,15109.321,71.2
2022-02-17,71.54,0.66895,0.49235,0.92955,77.237,0.58785,0.84895,800.49905,4.23785,2.79875,5.21815,9537.5555,21.5519,0.8982,18.6587,50.22225,34.29705,15221.959,71.5
2022-02-18,71.57,0.6689,0.4917,0.9318,76.8867,0.58885,0.8504,801.4426,4.2388,2.8002,5.21715,9576.9765,21.47165,0.8985,18.64325,50.2394,34.3413,15244.2325,71.6
2022-02-21,71.65,0.66985,0.49245,0.9316,77.0696,0.591,0.8535,801.91105,4.23775,2.8053,5.2253,9597.61185,21.529,0.9011,18.67105,50.006,34.44705,15292.679,71.6
2022-02-22,71.76,0.67075,0.49335,0.9319,76.96185,0.5928,0.85535,801.71395,4.2482,2.80675,5.23335,9610.1715,21.65515,0.9031,18.6673,49.97005,34.4665,15296.4555,71.8
2022-02-23,72.18,0.67505,0.49655,0.93415,77.6476,0.5956,0.86135,804.52465,4.2774,2.8237,5.26705,9696.08155,21.8919,0.908,18.8177,50.54605,34.67395,15401.2675,72.2
2022-02-24,72.23,0.67515,0.49895,0.9371,77.58485,0.5985,0.86095,808.4585,4.2659,2.82855,5.2695,9679.964,21.84955,0.9101,18.82015,50.3434,34.53155,15411.9875,72.2
2022-02-25,71.88,0.6694,0.5002,0.9353,77.299,0.59785,0.85725,804.987,4.2323,2.81045,5.2268,9627.64625,21.7831,0.90665,18.75325,50.6418,34.37535,15290.77025,71.9
2022-02-28,71.79,0.66895,0.50035,0.93125,77.31725,0.5982,0.85395,806.05135,4.2237,2.81025,5.2257,9610.80535,21.87465,0.9081,18.754,50.3636,34.35225,15280.49125,71.8
2022-03-01,72.38,0.67615,0.5041,0.9321,77.93305,0.6033,0.857,812.969,4.2672,2.83615,5.28305,9714.24755,22.09825,0.917,18.95585,50.9462,34.64595,15422.98275,72.4
2022-03-02,72.42,0.6765,0.5078,0.9312,77.79415,0.60805,0.86135,815.41935,4.2704,2.8386,5.28735,9698.9811,22.152,0.9185,18.97515,50.9726,34.2678,14811.522,72.4
2022-03-03,72.56,0.6777,0.5064,0.92995,78.34555,0.61035,0.857,815.6798,4.277,2.84025,5.296,9747.021,21.9744,0.91885,19.019,51.3121,34.8575,15482.058,72.6
2022-03-04,72.61,0.6771,0.5083,0.9267,78.1475,0.61475,0.8612,820.8484,4.2783,2.83705,5.2928,9738.3915,22.1437,0.92085,19.00045,51.3995,34.9959,15463.272,72.6
2022-03-07,73.86,0.68875,0.52165,0.93135,79.2304,0.63395,0.87705,842.85785,4.35235,2.8786,5.38285,9909.3915,22.5583,0.939,19.3683,52.4569,35.74615,15731.0535,73.9
2022-03-08,73.58,0.6841,0.5219,0.9332,78.9828,0.63005,0.8764,844.48725,4.3223,2.8616,5.3489,9856.1715,22.6266,0.9329,19.3337,52.6535,35.7374,15631.6865,73.6
2022-03-09,73.37,0.68145,0.51975,0.93625,78.946,0.62435,0.8775,843.02185,4.3028,2.85015,5.32805,9811.17725,22.62075,0.9297,19.34055,52.40775,35.60575,15569.42975,73.4
2022-03-10,73.31,0.68265,0.5183,0.93445,79.1635,0.6175,0.8749,838.2601,4.3118,2.85655,5.33795,9795.00405,22.5445,0.92795,19.4217,52.26795,35.58315,15590.02025,73.3
2022-03-11,73.68,0.6861,0.52415,0.9334,79.81055,0.62375,0.8761,845.1723,4.33745,2.8741,5.36785,9797.509,22.7442,0.93275,19.45025,52.35285,35.85905,15670.525,73.7
2022-03-14,73.33,0.68025,0.52145,0.935,79.94635,0.6223,0.8667,840.72105,4.3011,2.855,5.32595,9729.2765,22.70165,0.9277,19.3191,52.1046,35.6043,15562.76125,73.3
2022-03-15,72.98,0.67395,0.51795,0.9373,79.6575,0.61545,0.86435,837.34925,4.28585,2.836,5.27585,9659.38925,22.5689,0.92115,19.22545,51.60265,35.3318,15433.4585,73
2022-03-16,73.09,0.67425,0.51715,0.93895,79.84135,0.6153,0.8612,838.36255,4.302,2.83455,5.2758,9662.00425,22.6093,0.9215,19.3011,51.6568,35.33745,15430.213,73.1
2022-03-17,73.66,0.6843,0.5201,0.9352,81.34955,0.61915,0.8673,837.99385,4.34305,2.86275,5.34915,9793.7022,22.74615,0.92905,19.6018,52.1933,35.6931,15657.1266,73.7
2022-03-18,73.99,0.6893,0.5237,0.93395,81.81645,0.62095,0.87045,832.46765,4.3759,2.89025,5.38845,9858.714,22.9296,0.93305,19.6023,52.26185,35.9987,15762.5685,74
2022-03-21,74.3,0.69165,0.5254,0.93245,82.4274,0.6261,0.8716,838.0032,4.4018,2.9032,5.4112,9919.29885,23.07345,0.93765,19.59685,52.44005,36.201,15814.5785,74.3
2022-03-22,74.01,0.6872,0.523,0.93065,82.4125,0.6255,0.8659,840.44565,4.37045,2.89445,5.3785,9854.4486,23.15345,0.9344,19.57005,52.31655,36.0368,15711.11075,74
2022-03-23,74.8,0.6961,0.5245,0.93365,84.28725,0.63135,0.8757,844.68265,4.4274,2.93265,5.44865,9993.5598,23.3141,0.9447,19.87155,53.03065,36.4652,15921.548,74.8
2022-03-24,74.92,0.69685,0.52795,0.93005,84.3084,0.6333,0.8758,849.94805,4.44195,2.9508,5.45145,9997.70765,23.4438,0.94605,19.89335,53.1714,36.51495,15940.0962,74.9
2022-03-25,74.83,0.6961,0.5278,0.9276,84.96245,0.63235,0.8729,848.9636,4.4337,2.9393,5.4462,9988.3404,23.31065,0.94475,19.9022,53.16205,36.41645,15920.8519,74.8
2022-03-28,74.74,0.69485,0.52805,0.92575,84.928,0.63335,0.8683,851.3998,4.4235,2.92465,5.4399,9964.8442,23.4043,0.9445,19.8814,52.9554,36.2538,15892.6099,74.7
2022-03-29,74.28,0.68915,0.52675,0.92175,85.5511,0.628,0.8633,841.41775,4.39,2.9099,5.39525,9897.91705,23.2683,0.9382,19.8182,52.48995,35.8875,15760.864,74.3
2022-03-30,74.63,0.6947,0.5304,0.92535,85.0973,0.62595,0.8686,842.35855,4.42695,2.92365,5.43705,9978.6711,23.31415,0.94215,19.99415,52.78415,36.08965,15886.053,74.6
2022-03-31,74.75,0.6975,0.53075,0.92865,85.30075,0.62405,0.87155,843.87045,4.4315,2.93155,5.4596,10003.8945,23.1849,0.9434,19.91155,52.97165,36.25255,15942.4095,74.7
2022-04-01,74.32,0.69235,0.52705,0.92525,84.54635,0.6256,0.8658,842.7285,4.39165,2.91615,5.4227,9943.87775,23.08035,0.93925,19.83685,52.46285,35.8672,15813.62105,74.3
2022-04-04,74.37,0.6923,0.5279,0.92255,84.8656,0.62655,0.86645,842.6676,4.4025,2.92085,5.4234,9944.894,23.16085,0.93915,19.87455,52.45905,35.6742,15812.1335,74.4
2022-04-05,74.59,0.69455,0.52945,0.92125,85.1171,0.6332,0.86715,842.9754,4.41675,2.93065,5.44215,9958.1115,23.26225,0.94225,19.93915,52.47325,35.6374,15869.4262,74.6
2022-04-06,74.66,0.69395,0.53115,0.91725,86.0116,0.6371,0.8675,847.2783,4.4236,2.92845,5.439,9972.06325,23.1866,0.9446,19.9736,52.28045,35.6777,15875.1477,74.7
2022-04-07,74.36,0.6906,0.52795,0.92125,85.3789,0.63295,0.8671,840.66745,4.39375,2.9112,5.41235,9915.29175,23.1524,0.93895,19.8644,52.31815,35.48995,15791.60565,74.4
2022-04-08,74.23,0.68835,0.52655,0.92005,85.23495,0.6335,0.8661,841.71445,4.38135,2.90555,5.39565,9897.44275,23.07695,0.9381,19.87335,52.28535,35.46725,15734.64935,74.2
2022-04-11,73.75,0.68235,0.5239,0.91855,85.1334,0.6266,0.8601,840.3482,4.3469,2.8833,5.34925,9805.373,22.94405,0.9314,19.7936,51.8006,35.37305,15599.8864,73.8
2022-04-12,73.81,0.68195,0.52395,0.9198,85.5131,0.6273,0.863,844.1178,4.346,2.88945,5.34515,9796.2135,22.9544,0.9315,19.8969,51.806,35.6302,15599.26615,73.8
2022-04-13,74.4,0.6885,0.5294,0.92165,86.4722,0.63555,0.86925,844.99615,4.38255,2.9117,5.39635,9883.419,23.1646,0.93895,19.9889,52.4207,35.76925,15762.864,74.4
2022-04-14,73.58,0.6819,0.51895,0.9144,85.4216,0.62525,0.8558,834.6797,4.33945,2.8817,5.346,9791.4036,22.9425,0.92295,19.7785,51.9497,35.47925,15609.3735,73.6
2022-04-19,73.1,0.6732,0.51765,0.9149,85.833,0.62465,0.84845,830.9645,4.28925,2.8641,5.2808,9663.114,22.72555,0.91795,19.66115,51.33995,35.23025,15432.10065,73.1
2022-04-20,73.51,0.67615,0.51895,0.91325,87.22335,0.62615,0.8527,837.85135,4.3294,2.89765,5.30305,9706.13675,22.87415,0.92490000000000006,19.79935,51.72885,35.4641,15522.7145,73.5
2022-04-21,73.59,0.67795,0.51935,0.91215,87.0386,0.6257,0.84655,837.09885,4.34625,2.9033,5.3173,9723.5005,22.9181,0.9243,19.77175,51.6581,35.511,15571.1563,73.6
2022-04-22,73.26,0.6716,0.5157,0.91285,86.40135,0.61955,0.84625,834.5638,4.34125,2.8916,5.2686,9642.49925,22.7857,0.9167,19.65205,51.147,35.19855,15426.98855,73.3
2022-04-26,72.97,0.662,0.5194,0.9214,84.4348,0.61725,0.84295,827.36765,4.34165,2.8827,5.19485,9559.2815,22.57255,0.90895,19.4065,50.77045,34.6094,15215.07775,73
2022-04-27,72.59,0.65705,0.5221,0.91775,83.7706,0.6171,0.8409,830.18275,4.30515,2.8631,5.15475,9474.668,22.5532,0.9057,19.2956,50.3136,34.38505,15096.3815,72.6
2022-04-28,72.4,0.6531,0.5207,0.9168,84.0442,0.61925,0.83675,827.54305,4.28905,2.8472,5.12475,9437.2995,22.45195,0.9028,19.2207,49.98175,34.0102,14992.2378,72.4
2022-04-29,72.4,0.6504,0.52095,0.9126,84.99105,0.61815,0.83115000000000006,825.5528,4.31445,2.8312,5.1037,9428.8494,22.3518,0.9006,19.1917,49.7487,34.0468,14932.85955,72.4
2022-05-02,71.61,0.64355,0.5124,0.91365,83.76125,0.6115,0.82805,814.5413,4.2391,2.8017,5.0502,9329.54505,22.0416,0.8923,18.96895,49.19455,33.63195,14778.16095,71.6
2022-05-03,71.82,0.64615,0.51605,0.91125,83.96395,0.614,0.83055,817.7675,4.2562,2.813,5.07105,9367.23725,22.25015,0.894,19.0795,49.4349,33.8405,14837.86605,71.8
2022-05-04,71.62,0.64465,0.51595,0.90705,83.8722,0.6123,0.8265,811.74335,4.2463,2.8065,5.0593,9345.49175,22.24365,0.8921,19.0069,49.3202,33.79415,14805.99975,71.6
2022-05-05,72.51,0.65585,0.51955,0.905,84.52925,0.61725,0.8353,830.47015,4.3346,2.84445,5.14745,9507.85815,22.3399,0.90125,19.32955,50.12495,34.30425,15061.5963,72.5
2022-05-06,71.68,0.6415,0.5196,0.9036,83.8601,0.6094,0.8242,817.9126,4.29005,2.8066,5.03545,9299.8261,22.0612,0.89065,19.05575,48.9192,33.67075,14729.8027,71.7
2022-05-09,71.39,0.6374,0.51785,0.90725,83.3751,0.60565,0.8241,812.20705,4.26605,2.7899,5.003,9243.89725,21.93135,0.88535,18.95915,49.03675,33.46195,14633.11125,71.4
2022-05-10,70.89,0.63035,0.5104,0.90905,82.12515,0.5967,0.82095,805.2722,4.24805,2.76315,4.9481,9174.74775,21.79905,0.8774,18.7923,48.83165,33.05555,14465.5875,70.9
2022-05-11,70.85,0.6306,0.51165,0.90695,82.2145,0.59865,0.8205,805.497,4.23805,2.7636,4.9501,9162.621,21.85975,0.876,18.7364,48.76115,32.95515,14470.06335,70.8
2022-05-12,70.79,0.62945,0.5142,0.9066,81.7341,0.5981,0.81715,808.1195,4.23685,2.75825,4.94115,9158.49925,21.8372,0.8746,18.72835,48.6187,32.94385,14508.82425,70.8
2022-05-13,70.64,0.62385,0.51125,0.90835,80.5172,0.6011,0.81235,803.8932,4.2467,2.74275,4.8972,9114.452,21.6632,0.87125,18.60105,48.3,32.71935,14408.12855,70.6
2022-05-16,70.75,0.62665,0.5112,0.90595,80.8692,0.6024,0.81045,802.73875,4.2512,2.75605,4.9192,9156.92375,21.79805,0.8737,18.6657,48.53325,32.85055,14471.54215,70.8
2022-05-17,71.21,0.6331,0.51295,0.90335,81.8567,0.6059,0.8117,808.6587,4.2862,2.7806,4.96965,9262.256,21.9401,0.8791,18.84265,49.0328,33.2093,14628.0928,71.2
2022-05-18,71.31,0.6357,0.50915,0.9063,82.1356,0.60315,0.8154,807.2755,4.28905,2.792,4.99,9308.238,21.99205,0.88115,18.8717,49.30805,33.3361,14698.338,71.3
2022-05-19,70.88,0.6301,0.51035,0.90445,80.9458,0.60085,0.8105,803.4721,4.26025,2.77605,4.94545,9271.923,21.8267,0.8757,18.771,48.88395,33.0393,14588.391,70.9
2022-05-20,71.41,0.6379,0.51205,0.90765,81.7246,0.60335,0.81755,810.00545,4.29305,2.80455,5.006,9340.45225,21.9868,0.8812,18.9415,49.5844,33.35895,14779.5059,71.4
2022-05-23,71.92,0.645,0.5146,0.9105,82.15685,0.6092,0.82605,818.6018,4.31565,2.8338,5.0624,9447.64,22.1396,0.88815,19.12905,50.01735,33.72385,14942.716,71.9
2022-05-24,71.62,0.6433,0.51225,0.90895,82.3199,0.60305,0.8234,813.42075,4.28825,2.827,5.04955,9430.7795,22.025,0.8854,19.03785,49.87345,33.6848,14908.4781,71.6
2022-05-25,71.97,0.6475,0.51715,0.9122,82.171,0.6042,0.8305,818.4077,4.31455,2.84545,5.0823,9485.878,22.1421,0.88915,19.16045,50.2379,33.8966,15005.814,72
2022-05-26,72.12,0.64705,0.51415,0.9141,82.36625,0.60515,0.83055,819.4566,4.34205,2.8454,5.079,9468.6067,22.20675,0.8899,19.1042,50.1666,33.89895,15009.945,72.1
2022-05-27,72.34,0.65045,0.514,0.91255,82.46735,0.6045,0.8296,817.2254,4.3783,2.8568,5.1058,9494.94575,22.21285,0.89155,19.1281,50.4611,34.03155,15093.6935,72.3
2022-05-30,72.57,0.65495,0.51785,0.9125,83.1459,0.6093,0.83235,818.13085,4.3754,2.8605,5.14055,9521.3435,22.31905,0.89575,19.1475,50.80695,34.2228,15185.0175,72.6
2022-05-31,72.37,0.6531,0.5174,0.9098,83.7111,0.6075,0.82755,810.0073,4.35705,2.8583,5.12595,9516.9752,22.3132,0.8943,18.96995,50.643,34.2355,15140.1652,72.4
2022-06-01,72.31,0.6518,0.51735,0.90745,84.1246,0.60825,0.82415,806.407,4.35305,2.85715,5.11385,9503.8961,22.3861,0.89395,18.95075,50.6033,34.1983,15115.2435,72.3
2022-06-02,72.02,0.6472,0.5185,0.90285,84.12955,0.60745,0.81985,809.38835,4.3344,2.84315,5.0783,9428.0875,22.2475,0.88995,18.9581,50.17985,33.9725,15015.6882,72
2022-06-03,72.59,0.65555,0.5212,0.9031,85.0609,0.60925,0.82425,814.06205,4.3761,2.8746,5.14265,9466.1445,22.51815,0.8987,19.2679,50.8797,34.68515,15202.20575,72.6
2022-06-07,71.96,0.6469,0.51725,0.9017,85.7854,0.60575,0.81455,812.4094,4.31135,2.84475,5.0754,9355.7935,22.2825,0.89195,19.09585,50.22125,34.22105,14999.9945,72
2022-06-08,71.91,0.64735,0.5148,0.89605,86.17525,0.60575,0.81155,812.4243,4.3149,2.8438,5.0789,9360.68225,22.31095,0.88985,19.10425,50.3088,34.2497,15012.04775,71.9
2022-06-09,71.77,0.64365000000000006,0.51395,0.8982,86.47115,0.6009,0.80895,811.514,4.3119,2.82985,5.0513,9355.4545,22.24615,0.88675,19.05305,50.03575,34.08125,14927.53255,71.8
2022-06-10,71.51,0.6397,0.51225,0.90065,85.83175,0.60205,0.8124,808.93265,4.28115,2.81405,5.02095,9330.0255,22.1528,0.8837,18.91815,49.74305,33.8673,14818.6515,71.5
2022-06-13,71.3,0.63245,0.51555,0.90285,85.327,0.6033,0.81045,814.18455,4.26825,2.79165,4.96465,9203.72925,22.04325,0.88055,18.81475,49.2307,33.6843,14676.0035,71.3
2022-06-14,70.82,0.6259,0.51565,0.9032,84.0615,0.6017,0.8073,808.66285,4.22675,2.769,4.9133,9232.031,21.88305,0.8723,18.6481,48.84915,33.3558,14533.3995,70.8
2022-06-15,70.53,0.62375,0.5184,0.9023,84.3466,0.5974,0.80705,805.3549,4.192,2.75835,4.8964,9187.841,21.86865,0.8684,18.52915,48.6564,33.28795,14480.358,70.5
2022-06-16,70.75,0.62835,0.51735,0.8967,84.5885,0.6021,0.80995,806.8643,4.20955,2.7635,4.9322,9259.9964,21.9844,0.8724,18.67455,49.0553,33.5319,14596.57225,70.8
2022-06-17,71.28,0.6344,0.51495,0.9027,84.6004,0.60215,0.8214,817.9003,4.24985,2.789,4.9799,9398.6405,22.3095,0.8783,18.85535,49.5324,33.91185,14740.2855,71.3
2022-06-20,71.21,0.63075,0.5169,0.9102,85.08505,0.601,0.82145,816.41135,4.23075,2.7769,4.9514,9357.17975,22.2781,0.8761,18.7806,49.24345,34.0763,14658.63175,71.2
2022-06-21,71.34,0.63395,0.51675,0.9089,85.672,0.60175,0.8212,817.7005,4.23275,2.7881,4.9765,9396.7265,22.40855,0.8788,18.84385,49.43545,34.3474,14724.7584,71.3
2022-06-22,71.1,0.6295,0.51415,0.907,85.73165,0.599,0.8154,815.5488,4.22755,2.77045,4.94155,9329.196,22.3189,0.87375,18.7317,49.15135,34.292,14626.434,71.1
2022-06-23,70.75,0.626,0.5115,0.9076,85.02645,0.5929,0.8118,814.20695,4.20295,2.75725,4.9137,9289.8445,22.16275,0.8695,18.64855,49.06435,34.092,14546.9895,70.7
2022-06-27,71.1,0.63085,0.51375,0.9113,84.9408,0.5973,0.8132,809.82225,4.2225,2.7783,4.95155,9342.892,22.34315,0.8741,18.70125,49.42235,34.6526,14668.52595,71.1
2022-06-28,70.98,0.62965,0.5132,0.9093,85.10665,0.5954,0.81035,809.41515,4.21935,2.7689,4.9406,9318.19175,22.22665,0.87245,18.67035,49.3331,34.4639,14638.10495,71
2022-06-29,70.57,0.62515,0.5123,0.90395,85.0579,0.5937,0.80445,807.13125,4.18925,2.7507,4.9054,9278.78975,21.8787,0.86745,18.56285,49.2548,34.41295,14540.99075,70.6
2022-06-30,70.34,0.62135,0.5127,0.9031,84.89195,0.5952,0.80115,807.87935,4.16125,2.73595,4.8756,9234.817,21.9181,0.86535,18.4746,49.06295,34.2302,14458.81625,70.3
2022-07-01,70.48,0.62305,0.5129,0.9052,84.53545,0.5951,0.8027,806.47595,4.1722,2.7464,4.8894,9308.3705,22.0848,0.8666,18.53665,49.20385,34.2709,14501.4905,70.5
2022-07-04,70.4,0.6207,0.51305,0.91155,83.8038,0.5949,0.80005,805.2652,4.15715,2.7376,4.8711,9273.261,22.14965,0.86685,18.49315,49.0547,34.24715,14448.9657,70.4
2022-07-05,70.45,0.62245,0.5136,0.90295,84.86175,0.5965,0.79985,807.09985,4.1638,2.7494,4.8841,9314.96775,22.19965,0.8686,18.52475,49.13775,34.2534,14545.10125,70.5
2022-07-06,70.3,0.6175,0.51615,0.90685,83.55085,0.6017,0.8048,807.19605,4.1436,2.73245,4.8454,9256.0188,22.2007,0.8675,18.4089,49.00555,34.29285,14426.654,70.3
2022-07-07,70.27,0.61605,0.51675,0.9068,83.65035,0.60465,0.80385,805.393,4.1344,2.7279,4.83465,9233.052,22.3457,0.86565,18.37215,48.85585,34.3987,14406.331,70.3
2022-07-08,70.34,0.6184,0.5136,0.9032,84.12095,0.6077,0.8024,803.0543,4.1422,2.73705,4.85325,9260.5415,22.23615,0.8656,18.4107,48.9626,34.60255,14458.195,70.3
2022-07-11,70.31,0.61685,0.5147,0.904,84.5794,0.60835,0.80055,802.89205,4.1362,2.7308,4.8417,9241.956,22.1958,0.86475,18.39725,48.89,34.5035,14405.2998,70.3
2022-07-12,70.12,0.61185,0.5148,0.90825,83.85715,0.6101,0.79645,803.08385,4.11775,2.71295,4.8029,9167.0435,22.21015,0.8603,18.29,48.60155,34.44255,14294.6533,70.1
2022-07-13,70.24,0.6133,0.51635,0.90755,84.11715,0.61155,0.7987,801.5525,4.12515,2.71965,4.8142,9184.169,22.272,0.863,18.3245,48.81715,34.5533,14348.1565,70.2
2022-07-14,70.03,0.61135,0.5155,0.9047,84.32045,0.61015,0.79415,801.4188,4.1118,2.7141,4.7989,9166.88915,22.1981,0.8532,18.2635,48.6864,34.4068,14302.535,70
2022-07-15,70.4,0.61335,0.51775,0.9081,85.1606,0.61145,0.8038,812.1675,4.13515,2.7276,4.81475,9198.41065,22.4348,0.8599,18.3603,48.99325,34.54385,14364.65875,70.4
2022-07-18,70.92,0.6196,0.52065,0.9093,85.56985,0.6129,0.8055,816.2921,4.1831,2.7552,4.8638,9289.35375,22.6603,0.86515,18.53875,49.4929,34.88815,14532.7195,70.9
2022-07-19,70.38,0.6149,0.51545,0.9021,84.97915,0.6072,0.79805,810.1308,4.1521,2.7406,4.8269,9212.74075,22.56685,0.8597,18.40885,49.17815,34.65265,14422.4805,70.4
2022-07-20,71.1,0.62395,0.5193,0.90465,86.1394,0.60965,0.803,816.75065,4.2088,2.7766,4.8979,9340.535,22.85995,0.86855,18.6446,49.8856,35.1331,14609.791,71.1
2022-07-21,71.04,0.62225,0.51925,0.903,86.07275,0.61035,0.80145,817.48105,4.2079,2.77275,4.88425,9329.084,22.8817,0.86675,18.62735,49.7722,35.0498,14573.0985,71
2022-07-22,71.12,0.62385,0.52065,0.9009,85.73885,0.61145,0.80345,817.71145,4.21965,2.78005,4.89685,9379.5865,22.9655,0.8676,18.66405,49.8698,35.1259,14601.211,71.1
2022-07-25,71,0.6231,0.5199,0.9025,84.8195,0.61085,0.8062,816.07415,4.20975,2.77405,4.8907,9357.405,22.83195,0.8649,18.641,49.76235,35.0307,14583.657,71
2022-07-26,71.26,0.62725,0.5193,0.89915,85.5287,0.61255,0.8049,822.513,4.2335,2.79375,4.9231,9374.2525,23.0138,0.8689,18.762,50.0122,34.90175,14661.97,71.3
2022-07-27,71.13,0.62385,0.5177,0.9006,85.46745,0.6149,0.80275,819.7078,4.2219,2.78175,4.89675,9357.43825,22.94755,0.8666,18.6787,49.77235,34.6705,14570.0185,71.1
2022-07-28,71.1,0.6266,0.51495,0.89605,84.85105,0.61395,0.80355,817.2118,4.22505,2.7896,4.9185,9369.23725,23.06515,0.8658,18.7416,50.0669,34.84525,14643.6435,71.1
2022-07-29,71.38,0.6295,0.51725,0.8993,84.6583,0.61725,0.8061,817.12255,4.2468,2.8013,4.9415,9359.092,23.1719,0.8683,18.8501,50.20575,34.89005,14705.1215,71.4
2022-08-01,71.27,0.62925,0.5163,0.9008,83.341,0.61485,0.80605,821.6118,4.24555,2.8027,4.9395,9353.803,22.82605,0.8683,18.87815,49.87515,34.86835,14689.843,71.3
2022-08-02,71.6,0.6328,0.51625,0.90215,82.69435,0.61615,0.81335,827.3228,4.2873,2.81945,4.9674,9406.5735,22.8504,0.8715,19.01375,50.00705,35.07135,14782.2095,71.6
2022-08-03,70.83,0.62345,0.5126,0.9016,83.31165,0.613,0.80175,816.252,4.2072,2.7793,4.894,9284.73,22.5619,0.86185,18.70445,49.078,34.695,14566.911,70.8
2022-08-04,71.34,0.6283,0.51705,0.9035,84.1137,0.6178,0.8069,822.47615,4.24155,2.79845,4.9318,9363.2415,22.7366,0.8674,18.8575,49.73585,35.02615,14702.2215,71.3
2022-08-05,71.32,0.6294,0.51845,0.904,83.86755,0.61505,0.8104,817.99975,4.2459,2.80365,4.9407,9381.208,22.51995,0.86615,18.87795,50.02,34.831,14724.814,71.3
2022-08-08,71.05,0.62485,0.5177,0.90225,84.4766,0.6141,0.80815,814.24205,4.22505,2.78745,4.90495,9327.449,22.3384,0.86335,18.7561,49.53575,34.72915,14618.367,71.1
2022-08-09,71.22,0.6276,0.51985,0.89945,84.5691,0.61575,0.8077,819.95945,4.2411,2.7972,4.9264,9329.2755,22.28765,0.86565,18.84685,49.98445,34.83495,14684.5863,71.2
2022-08-10,71.37,0.6288,0.52075,0.9034,84.92885,0.61575,0.8105,822.62765,4.2483,2.8026,4.9358,9348.68475,22.23125,0.867,18.88415,50.08,35.09335,14707.6335,71.4
2022-08-11,72.16,0.63955,0.5245,0.90445,85.1529,0.62165,0.81755,833.01395,4.3103,2.8434,5.0182,9470.1385,22.6017,0.87745,19.1702,50.8554,35.5094,14952.68025,72.2
2022-08-12,72.5,0.64295,0.5278,0.90635,85.731,0.6238,0.8208,839.30695,4.33725,2.85825,5.0381,9472.26275,22.6238,0.88125,19.28365,51.1929,35.6902,15041.8165,72.5
2022-08-15,72.7,0.6445,0.53165,0.9052,85.91505,0.62845,0.82345,839.4291,4.35085,2.8674,5.0505,9470.929,22.79915,0.8841,19.325,51.33925,35.9953,15081.3015,72.7
2022-08-16,72.16,0.63585,0.5278,0.9059,84.7779,0.626,0.82075,832.9954,4.3175,2.8394,4.98385,9394.6855,22.57105,0.876,19.07995,50.65025,35.61175,14885.25025,72.2
2022-08-17,72.09,0.6352,0.5245,0.9068,85.12635,0.6243,0.8162,832.525,4.3106,2.8368,4.978,9380.31675,22.45275,0.87555,19.06585,50.59845,35.4648,14868.7622,72.1
2022-08-18,71.38,0.6273,0.52075,0.90535,84.5883,0.61585,0.81065,825.15045,4.25505,2.80465,4.92065,9276.19925,22.26445,0.867,18.81965,49.8374,35.04565,14678.821,71.4
2022-08-19,71.25,0.62315,0.5231,0.9032,84.90105,0.61845,0.80765,827.35635,4.2438,2.7917,4.88925,9261.56775,22.27135,0.864,18.71355,49.6491,34.8995,14585.45065,71.2
2022-08-22,70.91,0.6184,0.52325,0.89785,84.9218,0.61665,0.8035,827.2956,4.22195,2.77385,4.8522,9211.0695,22.18205,0.86195,18.6027,49.33715,34.68605,14473.6535,70.9
2022-08-23,71.15,0.619,0.52575,0.89795,84.88965,0.6228,0.8069,830.63615,4.2411,2.7787,4.85725,9224.64825,22.36755,0.8649,18.65665,49.43795,34.80945,14498.2195,71.1
2022-08-24,71.06,0.6188,0.5239,0.8961,84.6766,0.6219,0.8028,829.2539,4.2402,2.77685,4.85405,9182.994,22.36265,0.86295,18.6912,49.4228,34.6992,14501.579,71.1
2022-08-25,71.14,0.6205,0.52505,0.89435,84.85025,0.6214,0.8037,829.11215,4.25215,2.7817,4.8683,9200.46525,22.26275,0.8635,18.7735,49.52675,34.7728,14550.727,71.1
2022-08-26,71.06,0.62,0.52465,0.89095,84.79435,0.6221,0.8031,827.29705,4.2508,2.77325,4.86485,9189.9505,22.25645,0.86215,18.74445,49.52835,34.7541,14525.361,71.1
2022-08-29,70.61,0.6113,0.52385,0.89155,84.68645,0.6156,0.79865,823.9408,4.2285,2.7429,4.7974,9074.7535,22.2666,0.8557,18.5719,48.82375,34.24655,14313.5905,70.6
2022-08-30,70.86,0.61435,0.5251,0.89215,85.152,0.615,0.79985,828.63535,4.2485,2.75565,4.821,9143.0645,22.37465,0.85815,18.71095,49.1227,34.5535,14391.15,70.9
2022-08-31,70.75,0.61315,0.5257,0.8936,84.9581,0.61195,0.80285,827.59925,4.2376,2.74415,4.8126,9108.3445,22.4183,0.8577,18.69495,48.71975,34.44985,14359.97425,70.7
2022-09-01,70.47,0.6096,0.5264,0.89505,85.0453,0.60805,0.8023,823.2039,4.20965,2.73405,4.7845,9063.2295,22.3693,0.8535,18.5803,48.4377,34.3601,14292.073,70.5
2022-09-02,70.3,0.6069,0.52565,0.89385,85.06005,0.6094,0.7983,822.4102,4.1893,2.72195,4.76345,9042.811,22.34985,0.85085,18.55535,48.28495,34.51135,14228.7715,70.3
2022-09-05,70.66,0.60885,0.53015,0.8972,85.3364,0.61375,0.8005,833.63745,4.21385,2.7327,4.7788,9065.779,22.40265,0.8548,18.6777,48.5893,34.6588,14274.4895,70.7
2022-09-06,70.95,0.61240000000000006,0.5284,0.89715,85.9871,0.61465,0.8026,837.6714,4.2447,2.74905,4.8067,9117.1065,22.3021,0.85845,18.82335,48.90015,34.8624,14400.588,71
2022-09-07,70.24,0.6015,0.5239,0.8958,86.15885,0.6083,0.7928,833.9497,4.191,2.7089,4.7215,8975.88425,22.1352,0.8474,18.58245,48.023,34.4359,14153.297,70.2
2022-09-08,70.5,0.6048,0.5256,0.8978,87.18495,0.60565,0.79445,835.501,4.2139,2.7216,4.7473,9011.521,22.0601,0.85025,18.69165,48.325,34.5598,14267.234,70.5
2022-09-09,70.66,0.6084,0.52655,0.8958,87.3997,0.6053,0.79395,840.0483,4.22765,2.736,4.77525,9052.994,22.1009,0.85275,18.8087,48.5024,34.69095,14327.822,70.7
2022-09-12,70.77,0.6117,0.52635,0.89335,87.19785,0.6062,0.796,844.6048,4.23185,2.7539,4.80125,9071.5114,22.272,0.85525,18.88775,48.6837,34.7996,14390.2445,70.8
2022-09-13,70.91,0.61405,0.52515,0.89195,87.4254,0.60595,0.79735,843.889,4.2489,2.76725,4.81945,9117.10925,22.29615,0.85745,18.97785,48.83615,34.94865,14445.5275,70.9
2022-09-14,70,0.6003,0.52185,0.89035,86.7584,0.6015,0.79045,834.7472,4.18035,2.7152,4.7119,8968.483,22.0115,0.84335,18.67085,47.516,34.32365,14141.8684,70
2022-09-15,70.08,0.6018,0.52125,0.8894,86.0484,0.6029,0.79185,839.14995,4.1893,2.72645,4.72285,8969.83,22.05295,0.84545,18.71325,47.8115,34.2906,14205.491,70.1
2022-09-16,69.73,0.59595,0.51985,0.88915,85.36685,0.59595,0.78915,831.7377,4.18275,2.70265,4.67745,8897.536,22.03975,0.83955,18.6294,47.49645,34.1956,14091.24025,69.7
2022-09-19,69.9,0.598,0.52385,0.8902,85.5947,0.5975,0.7933,830.8911,4.18765,2.717,4.6938,8952.062,22.0722,0.8415,18.77125,47.68825,34.30125,14148.682,69.9
2022-09-20,69.46,0.594,0.5202,0.88425,85.07265,0.59255,0.78765,825.4522,4.1658,2.70415,4.66245,8896.63725,21.94385,0.8362,18.6525,47.3878,34.08965,14062.9515,69.5
2022-09-21,69.16,0.5895,0.51835,0.88195,84.69645,0.5915,0.7883,821.4978,4.14945,2.69285,4.6274,8849.8725,21.8616,0.8317,18.5174,47.01555,34.0908,13963.7835,69.2
2022-09-22,68.87,0.58245,0.5185,0.88335,84.1436,0.59325,0.7874,820.32265,4.13105,2.66095,4.57215,8751.313,21.7589,0.827,18.39815,46.5858,33.99175,13801.1545,68.9
2022-09-23,68.96,0.58455,0.5194,0.8804,83.0616,0.59425,0.78755,822.8711,4.14455,2.6708,4.58845,8778.48025,21.80225,0.82925,18.5077,47.26525,34.1085,13862.6045,69
2022-09-27,67.95,0.56875,0.5279,0.876,82.16445,0.59025,0.7785,811.8907,4.06375,2.61995,4.46455,8603.76625,21.53145,0.81615,18.1164,46.41995,33.4169,13493.59625,67.9
2022-09-28,67.41,0.5623,0.5257,0.87375,81.37325,0.5873,0.77255,804.65135,4.0255,2.595,4.4139,8503.38225,21.3857,0.80985,17.86765,45.87105,33.16445,13349.004,67.4
2022-09-29,68.39,0.57025,0.52755,0.8789,82.2671,0.58845,0.77835,817.45345,4.1323,2.63885,4.4763,8703.44125,21.6695,0.81925,18.1796,46.7288,33.55635,13561.9725,68.4
2022-09-30,68.42,0.5733,0.51335,0.8806,82.94505,0.5834,0.7842,821.9403,4.1274,2.65865,4.5003,8749.99175,21.74385,0.82105,18.257,46.9289,33.62975,13621.61,68.4
2022-10-03,67.04,0.5625,0.50545,0.87585,81.44155,0.5738,0.7761,804.76875,3.9888,2.61225,4.4155,8565.4695,21.3054,0.8075,17.85885,45.76005,33.05255,13424.0655,67
2022-10-04,67.92,0.5714,0.50435,0.87935,82.68445,0.58155,0.77915,819.4162,4.0519,2.6553,4.4854,8743.849,21.64175,0.81775,18.2148,46.78805,33.70945,13650.748,67.9
2022-10-05,68.09,0.5748,0.50245,0.88475,82.68785,0.57615,0.7773,817.42315,4.07605,2.66565,4.51215,8764.26375,21.56075,0.8184,18.2519,46.85485,33.73215,13729.101,68.1
2022-10-06,68.4,0.57735,0.5081,0.8868,83.4877,0.58225,0.7849,812.2738,4.0941,2.674,4.532,8771.3905,21.58425,0.82125,18.2313,47.0627,33.86445,13784.23375,68.4
2022-10-07,67.42,0.566,0.5077,0.88265,82.0389,0.5779,0.77805,799.475,4.0136,2.63075,4.44295,8596.1255,21.21085,0.80895,17.8375,46.34905,33.31475,13516.082,67.4
2022-10-10,67.07,0.5615,0.5063,0.88225,81.69825,0.5766,0.77105,793.0907,3.9817,2.61095,4.40765,8564.27925,21.16995,0.80525,17.7841,46.2273,33.11445,13411.4295,67.1
2022-10-11,66.98,0.558,0.5033,0.8858,81.3034,0.5741,0.7688,797.7448,3.9858,2.60365,4.38025,8544.37575,21.19285,0.8014,17.67325,45.94015,32.89825,13325.043,67
2022-10-12,67.25,0.5583,0.5089,0.89135,81.5844,0.5753,0.76985,799.5973,4.00825,2.6092,4.3826,8574.09275,21.281,0.80335,17.7869,45.96905,32.86715,13362.9125,67.3
2022-10-13,67.57,0.5619,0.50565,0.89385,82.4785,0.57845,0.7759,800.8199,4.0255,2.63365,4.4104,8629.37975,21.39435,0.80585,17.89705,46.2514,33.0903,13451.888,67.6
2022-10-14,67.97,0.5655,0.5,0.89655,83.31795,0.5788,0.77825,809.03265,4.06795,2.65475,4.439,8686.92855,21.53145,0.80485,18.03715,46.56965,33.34755,13654.0025,68
2022-10-17,67.09,0.5558,0.49525,0.89465,82.57245,0.5704,0.7702,799.9074,3.99725,2.61865,4.3629,8574.049,21.24755,0.79285,17.72615,45.7778,32.7672,13414.238,67.1
2022-10-18,68.14,0.5666,0.49905,0.89945,84.31295,0.57575,0.77725,808.93485,4.08195,2.6718,4.44765,8775.218,21.54925,0.80515,18.13435,46.6638,33.39255,13785.38,68.1
2022-10-19,68.45,0.56965,0.5023,0.9024,84.98325,0.57765,0.78205,809.07395,4.0989,2.6876,4.4716,8811.062,21.66805,0.8087,18.22425,46.91495,33.5125,13922.2485,68.4
2022-10-20,68.36,0.56595,0.505,0.9037,84.8557,0.57965,0.77965,811.51575,4.0882,2.6747,4.4426,8771.09385,21.71265,0.80675,18.12145,46.971,33.3684,13851.6325,68.4
2022-10-21,68.43,0.5663,0.5053,0.90325,85.03845,0.5796,0.7804,811.64955,4.09885,2.6817,4.4452,8818.70725,21.685,0.8072,18.1816,46.86555,33.3749,13902.669,68.4
2022-10-25,68.8,0.5711,0.5045,0.9012,85.07395,0.5771,0.78165,820.528,4.14705,2.7067,4.48305,8901.7361,21.7532,0.81105,18.4251,47.2193,33.62065,14194.6955,68.8
2022-10-26,68.99,0.57315,0.50105,0.8984,84.9064,0.57615,0.78155,820.75085,4.189,2.71185,4.4991,8954.0365,21.8184,0.81295,18.52935,47.41815,33.621,14245.647,69
2022-10-27,69.44,0.58345,0.50185,0.8998,85.23915,0.5789,0.79155,826.3403,4.19325,2.74485,4.5796,9082.8585,22.0063,0.81955,18.81945,48.2703,34.00055,14495.819,69.4
2022-10-28,69.51,0.5819,0.50365,0.9029,85.30945,0.5838,0.7891,826.589,4.197,2.7486,4.5675,9058.72875,22.00745,0.82045,18.66005,48.00315,33.8782,14454.398,69.5
2022-10-31,69.62,0.58085,0.50035,0.9055,86.0907,0.5831,0.7908,825.3879,4.2153,2.74655,4.5593,9033.08965,22.10715,0.82005,18.6578,47.9038,33.6603,14423.96075,69.6
2022-11-01,70.06,0.58245,0.5073,0.90995,86.6132,0.5891,0.793,831.6513,4.25105,2.75675,4.572,9084.7645,22.14475,0.8242,18.768,48.21375,33.753,14473.885,70.1
2022-11-02,70.17,0.58435,0.50795,0.9147,86.0689,0.59105,0.79585,828.7252,4.24895,2.77245,4.58695,9131.93025,22.0154,0.82615,18.8076,48.3272,33.95365,14529.8665,70.2
2022-11-03,70.08,0.5818,0.5106,0.91745,85.7399,0.5924,0.79755,827.6687,4.2367,2.7598,4.5669,9103.716,21.98475,0.82445,18.7165,48.1643,34.0062,14454.823,70.1
2022-11-04,69.88,0.57715,0.51605,0.9178,85.55385,0.59175,0.79295,824.2857,4.2251,2.7383,4.5305,9059.23535,21.9187,0.8204,18.60155,47.84355,33.93355,14350.836,69.9
2022-11-07,70.62,0.5891,0.52,0.9164,86.6036,0.5932,0.7967,830.4838,4.28205,2.7953,4.6242,9270.96175,22.0456,0.82925,18.96165,48.56685,34.46825,14652.97955,70.6
2022-11-08,70.85,0.5944,0.5153,0.91665,87.0826,0.5928,0.80145,823.8087,4.303,2.81595,4.66595,9336.5385,22.1399,0.83255,19.05855,48.70065,34.70405,14783.9172,70.9
2022-11-09,70.88,0.59505,0.5161,0.916,86.70475,0.5913,0.7997,818.43185,4.3217,2.81755,4.6707,9340.798,22.00195,0.83295,19.0699,48.75395,34.67355,14799.7862,70.9
2022-11-10,70.24,0.5889,0.5176,0.9158,86.1531,0.58765,0.79655,803.70135,4.2621,2.7737,4.62265,9221.87985,21.6671,0.82565,18.76265,47.96335,34.18565,14644.1773,70.2
2022-11-11,70.89,0.6005,0.5146,0.9106,85.1419,0.58955,0.80095,807.73265,4.35225,2.7854,4.70885,9420.3445,21.68105,0.83055,19.13345,49.1224,34.9461,14932.9345,70.9
2022-11-14,71.22,0.611,0.51785,0.9127,85.15205,0.5913,0.8101,803.52615,4.34695,2.8225,4.7894,9467.446,21.91195,0.83905,19.164,49.3749,34.99045,15161.967,71.2
2022-11-15,70.83,0.609,0.51845,0.91055,85.4701,0.5901,0.8115,806.52925,4.2868,2.79775,4.7725,9450.15825,21.71995,0.83595,18.92225,49.4858,34.91095,15069.708,70.8
2022-11-16,71.19,0.61375,0.518,0.91055,85.5721,0.5933,0.81585,812.88125,4.31705,2.7849,4.8027,9536.14125,21.89705,0.84215,19.0554,49.77975,35.2262,15205.65875,71.2
2022-11-17,71.35,0.614,0.5157,0.91155,85.64075,0.5911,0.8187,818.7077,4.3473,2.79185,4.80305,9579.93575,21.96125,0.84135,19.07425,49.92125,35.2651,15217.993,71.3
2022-11-18,71.62,0.614,0.5164,0.9167,86.1442,0.59205,0.81755,822.08465,4.37645,2.79585,4.806,9616.77575,21.99505,0.84315,19.1304,50.13615,35.23135,15236.413,71.6
2022-11-21,71.84,0.6145,0.51785,0.92285,86.2113,0.59575,0.823,827.70085,4.3805,2.81595,4.80625,9639.9695,22.0744,0.8453,19.1521,50.20005,35.17705,15244.211,71.8
2022-11-22,71.76,0.611,0.51585,0.9236,86.7498,0.59595,0.821,829.7686,4.37675,2.79715,4.7669,9600.33825,22.16095,0.84365,19.0629,50.0088,35.11725,15178.76975,71.8
2022-11-23,72.16,0.6165,0.51845,0.92735,87.019,0.5981,0.82425,833.1382,4.39785,2.8208,4.8195,9677.2011,22.24175,0.8497,19.22555,50.3511,35.30695,15321.567,72.2
2022-11-24,72.81,0.625,0.51725,0.9268,86.9531,0.59985,0.8345,836.6563,4.4716,2.84685,4.88655,9804.0628,22.5125,0.8603,19.4991,51.1594,35.54065,15530.626,72.8
2022-11-25,72.74,0.6252,0.5166,0.9257,86.88715,0.60085,0.83445,833.32915,4.46955,2.79965,4.8839,9794.0711,22.35875,0.86045,19.3984,51.03665,35.47385,15528.7186,72.7
2022-11-28,72.57,0.6225,0.51585,0.9269,86.56175,0.5998,0.83485,831.41105,4.4585,2.78535,4.8646,9756.132,22.37265,0.85745,19.2247,50.8567,35.38915,15419.328,72.6
2022-11-29,72.19,0.6168,0.5154,0.92745,85.6057,0.59645,0.83185,826.0186,4.44115,2.7796,4.8204,9697.6385,22.0614,0.85065,19.12915,50.3725,34.9417,15288.9347,72.2
2022-11-30,72.44,0.6208,0.51845,0.9279,86.07705,0.60025,0.8434,822.3117,4.44945,2.79825,4.8498,9772.9445,22.04465,0.8532,19.21905,50.73335,35.11245,15371.01,72.4
2022-12-01,73.14,0.6321,0.52225,0.92855,86.4713,0.6056,0.8479,820.24465,4.51505,2.78755,4.93095,9943.8816,22.1393,0.858,19.5354,51.47585,35.603,15578.109,73.1
2022-12-02,73.25,0.63585,0.5197,0.93555,86.164,0.605,0.85505,828.0039,4.50135,2.79485,4.94585,9895.41625,22.1562,0.86135,19.47355,51.64655,35.67755,15584.686,73.2
2022-12-05,73.54,0.64075,0.5211,0.94015,86.25135,0.6076,0.86145,829.515,4.5099,2.80715,4.98595,9885.17125,22.27565,0.86495,19.60505,52.105,35.71865,15615.07875,73.5
2022-12-06,72.81,0.63345,0.5187,0.94385,86.4944,0.60275,0.8606,825.60715,4.4074,2.77485,4.921,9797.88875,22.1818,0.8586,19.2873,51.8146,35.52075,15186.9725,72.8
2022-12-07,72.92,0.6316,0.52065,0.9435,86.63025,0.60385,0.8623,836.4911,4.421,2.7768,4.9146,9864.0135,22.19445,0.8586,19.35315,52.17965,35.27485,15158.404,72.9
2022-12-08,73.02,0.63405,0.51985,0.945,86.63345,0.60375,0.8674,837.5167,4.42475,2.78665,4.9392,9914.9575,22.11405,0.86015,19.433,52.3012,35.1676,15131.6045,73
2022-12-09,73.21,0.63755,0.5209,0.94225,87.1276,0.6037,0.86705,837.2626,4.446,2.803,4.9635,9958.8499,22.123,0.8621,19.57725,52.55165,35.27565,15205.57,73.2
2022-12-12,73.31,0.6387,0.52245,0.9445,87.37735,0.60745,0.8728,836.82485,4.43795,2.8192,4.9734,9952.54285,22.22835,0.8657,19.57425,52.55065,35.36485,15057.3575,73.3
2022-12-13,73.49,0.63945,0.5209,0.947,88.10025,0.60635,0.87145,835.21765,4.461,2.8315,4.97105,9993.0055,22.2481,0.86565,19.64165,52.7794,35.611,15075.04,73.5
2022-12-14,73.73,0.6445,0.5217,0.9437,87.2589,0.60595,0.8742,834.59535,4.49905,2.8416,5.0124,10090.9371,22.3126,0.8681,19.80065,53.3654,36.0372,15235.983,73.7
2022-12-15,73.67,0.64605,0.5201,0.94085,87.44935,0.6051,0.87515,838.57295,4.4839,2.8439,5.0241,10073.53525,22.35495,0.87025,19.7459,53.26765,35.9818,15208.0195,73.7
2022-12-16,73.06,0.6353,0.521,0.9474,87.3887,0.59695,0.8665,832.6242,4.4273,2.8093,4.94105,9921.79825,22.2927,0.8628,19.4494,52.57825,35.48785,14945.4335,73.1
2022-12-19,73.4,0.6386,0.52435,0.9532,86.9167,0.60255,0.873,829.6053,4.45215,2.8252,4.9723,9960.564,22.23125,0.86615,19.6082,52.9192,35.4838,15074.158,73.4
2022-12-20,73.03,0.6349,0.52275,0.9477,87.17815,0.59895,0.8664,825.4018,4.42835,2.81515,4.9397,9902.85325,22.12785,0.8613,19.51235,52.5102,35.19885,15012.2155,73
2022-12-21,72.64,0.63375,0.5202,0.9477,83.373,0.5967,0.8622,815.4145,4.41765,2.81035,4.93655,9888.085,21.95945,0.8562,19.4935,52.4468,35.0099,15054.7375,72.6
2022-12-22,72.11,0.62965,0.5203,0.93625,83.1579,0.593,0.8565,805.51135,4.3891,2.79345,4.9049,9814.67,21.82055,0.8499,19.3378,52.14605,34.7032,14938.4525,72.1
2022-12-23,71.65,0.6237,0.51875,0.9358,82.69015,0.58895,0.8516,800.86205,4.35285,2.76615,4.8623,9718.806,21.77965,0.84425,19.13295,51.61895,34.4844,14750.511,71.6
2022-12-28,71.75,0.62645,0.5211,0.93125,83.76265,0.5894,0.84805,795.27835,4.36215,2.7783,4.88665,9811.77375,21.69085,0.8436,19.2317,51.90925,35.0123,14784.225,71.8
2022-12-29,72.45,0.6325,0.52535,0.9369,84.76135,0.59475,0.85985,802.26305,4.40985,2.80075,4.9286,9931.832,21.9683,0.8534,19.4326,52.4137,35.5054,14920.681,72.4
2022-12-30,72.41,0.6335,0.52515,0.93655,83.9039,0.59385,0.85875,801.0608,4.4154,2.7985,4.9395,9919.027,21.91435,0.851,19.4773,52.457,35.3034,14991.779,72.4
2023-01-04,71.48,0.62615,0.5223,0.9285,82.03505,0.593,0.85515,798.717,4.3231,2.7588,4.89305,9766.37525,21.5302,0.84145,19.21905,51.90005,35.0738,14720.789,71.5
2023-01-05,71.62,0.6302,0.52185,0.9221,83.1045,0.5929,0.84995,799.75535,4.33785,2.77575,4.9263,9823.243,21.2976,0.84425,19.3572,52.1869,35.2219,14830.4968,71.6
2023-01-06,71.21,0.6244,0.52365,0.9221,83.373,0.5929,0.84615,792.67585,4.29195,2.7455,4.87915,9745.32375,21.239,0.8393,19.18035,51.5481,34.88835,14663.4111,71.2
2023-01-09,71.97,0.6359,0.52515,0.9217,83.83705,0.59645,0.8541,794.6843,4.3619,2.78715,4.9645,9940.70725,21.39485,0.84875,19.53485,52.60525,35.143,14924.577,72
2023-01-10,71.71,0.637,0.52325,0.92155,83.89295,0.59395,0.85325,791.09035,4.31355,2.78625,4.97405,9916.49825,21.2949,0.8478,19.44095,52.4649,35.57965,14938.9255,71.7
2023-01-11,71.79,0.63725,0.5241,0.92385,84.2891,0.5931,0.85575,793.3763,4.3193,2.787,4.97725,9923.57625,21.37175,0.84855,19.3963,52.1167,34.92445,14943.51275,71.8
2023-01-12,71.66,0.6369,0.524,0.92115,84.01985,0.59175,0.8554,793.1635,4.3159,2.7804,4.97515,9860.80475,21.21755,0.8472,19.3831,51.9567,35.06455,14934.0314,71.7
2023-01-13,71.36,0.6377,0.5223,0.91545,82.4068,0.5876,0.8534,788.45235,4.3079,2.76315,4.97995,9780.72405,21.11105,0.8426,19.417,52.0076,35.05755,14949.6021,71.4
2023-01-16,71.35,0.63985,0.5225,0.91575,81.79205,0.5901,0.85645,790.1828,4.29375,2.7725,4.9972,9690.5295,21.06385,0.84395,19.446,52.047,35.12135,14998.08525,71.3
2023-01-17,71.43,0.6395,0.5242,0.91795,82.1182,0.59055,0.857,791.5092,4.30345,2.7623,4.99515,9621.279,21.08915,0.8446,19.3506,52.1944,34.98065,14989.242,71.4
2023-01-18,71.9,0.6425,0.52355,0.92055,82.7861,0.5957,0.8606,795.02955,4.34785,2.7804,5.02525,9743.514,21.2089,0.84875,19.47355,52.54045,35.2315,15055.0615,71.9
2023-01-19,71.98,0.64245,0.5213,0.92995,82.5099,0.59555,0.86835,796.7023,4.3437,2.77735,5.027,9692.96525,21.2378,0.84915,19.4836,52.20545,35.187,15060.31465,72
2023-01-20,71.67,0.64005,0.5167,0.9258,82.32645,0.59085,0.86155,789.1177,4.33605,2.75255,5.01215,9667.3162,21.02565,0.84595,19.43765,52.07525,35.05235,15009.175,71.7
2023-01-23,72.49,0.649,0.52235,0.92885,83.906,0.59635,0.8673,801.80705,4.3973,2.7813,5.07925,9783.676,21.1996,0.85535,19.7095,52.6542,35.31535,15219.052,72.5
2023-01-24,72.47,0.649,0.52425,0.9226,84.60685,0.59685,0.8674,801.8071,4.3973,2.7813,5.08265,9783.6765,21.258,0.8554,19.70945,52.82535,35.4516,15219.053,72.5
2023-01-25,72.24,0.64775,0.52555,0.9147,84.43745,0.595,0.86595,799.61505,4.38885,2.77105,5.07245,9643.379,21.20405,0.85505,19.6715,52.9309,35.46435,15189.741,72.2
2023-01-26,72.12,0.648,0.52225,0.9122,83.7508,0.59365,0.868,798.01205,4.39055,2.7576,5.07375,9697.3215,21.2139,0.85085,19.67915,52.86955,35.33545,15195.603,72.1
2023-01-27,72.36,0.65055,0.52385,0.9126,84.34055,0.597,0.8661,799.13565,4.4078,2.75085,5.0932,9724.097,21.3218,0.85275,19.75655,53.07755,35.3379,15255.401,72.4
2023-01-30,72.36,0.65,0.52425,0.913,84.552,0.59775,0.8647,799.14255,4.40405,2.7534,5.0895,9740.2515,21.3021,0.8529,19.73985,52.99045,35.40875,15253.87725,72.4
2023-01-31,72.08,0.6468,0.52325,0.91735,84.24895,0.5959,0.8657,795.7904,4.36685,2.7473,5.0687,9682.597,21.20045,0.8499,19.4748,52.71905,35.2862,15167.462,72.1
2023-02-01,71.72,0.64335,0.5226,0.91265,83.5808,0.5923,0.85595,792.8324,4.3471,2.74435,5.04395,9643.81775,21.13885,0.84535,19.3166,52.70885,35.15585,15084.94975,71.7
2023-02-02,72.29,0.6527,0.52655,0.91305,83.83935,0.59225,0.8667,795.6087,4.4002,2.7629,5.1171,9774.1835,21.3482,0.8515,19.55295,53.48385,35.36005,15305.817,72.3
2023-02-03,71.94,0.6473,0.53005,0.91545,83.25895,0.594,0.8625,792.87785,4.35135,2.75815,5.0771,9631.825,21.38355,0.84865,19.2177,53.19475,34.8539,15179.1852,71.9
2023-02-07,71.13,0.6315,0.52465,0.91555,83.699,0.58815,0.84845,793.06935,4.28355,2.72085,4.9556,9507.234,21.27525,0.8379,18.9305,52.24795,34.4862,14829.1995,71.1
2023-02-08,71.05,0.63235,0.5245,0.90775,82.7525,0.5892,0.84705,793.3147,4.2919,2.7166,4.9629,9576.942,21.141,0.83735,18.98915,52.2977,34.7698,14871.29175,71
2023-02-09,71,0.6309,0.52295,0.91065,82.96965,0.58875,0.8485,797.8993,4.2774,2.71665,4.9517,9526.5915,21.15565,0.8371,18.9601,52.0453,34.6364,14886.087,71
2023-02-10,71.17,0.6327,0.5223,0.9114,83.2665,0.58945,0.85105,799.92265,4.29035,2.73675,4.9666,9550.2915,21.24765,0.8387,19.0278,52.2088,34.5707,14950.704,71.2
2023-02-13,71.14,0.6306,0.52335,0.91255,83.05,0.59075,0.84225,800.0423,4.28905,2.73685,4.9501,9543.18615,21.28435,0.8391,19.0091,52.0261,34.31725,14861.66625,71.1
2023-02-14,71.74,0.6364,0.52385,0.9135,84.08435,0.59295,0.8488,809.18265,4.34505,2.76835,4.99565,9670.099,21.5008,0.84505,19.24885,52.64695,34.7856,15001.5395,71.7
2023-02-15,71.34,0.63295,0.5197,0.90715,84.0083,0.58945,0.8445,806.8847,4.31495,2.75965,4.96595,9595.20665,21.4649,0.8408,19.1252,52.38215,34.77745,14943.95075,71.3
2023-02-16,71.03,0.626,0.52085,0.91085,83.95285,0.58565,0.8391,805.81855,4.2855,2.76505,4.91235,9517.7052,21.4937,0.8367,18.9797,51.83595,34.6491,14792.3815,71
2023-02-17,70.93,0.62435,0.5219,0.9096,83.81585,0.58565,0.84105,807.6592,4.27805,2.7637,4.9006,9462.96165,21.51195,0.83525,18.89595,51.647,34.4891,14753.393,70.9
2023-02-20,70.87,0.623,0.51835,0.90725,83.74055,0.5834,0.84055,808.9344,4.28745,2.7568,4.88575,9471.158,21.48105,0.8332,18.94765,51.60465,34.4332,14839.862,70.9
2023-02-21,70.94,0.62505,0.5196,0.90555,83.90985,0.5854,0.84155,810.2524,4.2852,2.77055,4.89965,9474.196,21.5033,0.8352,18.9803,51.71,34.3465,14838.69075,70.9
2023-02-22,70.95,0.6234,0.51395,0.9089,84.0468,0.58485,0.8435,812.63315,4.2848,2.7691,4.88925,9469.4475,21.6164,0.83505,18.95855,51.61675,34.3369,14787.0525,70.9
2023-02-23,71.09,0.62305,0.5169,0.9134,84.02145,0.5871,0.8435,813.08035,4.2956,2.7642,4.88725,9471.2951,21.5934,0.83505,19.02015,51.62125,34.3425,14828.597,71.1
2023-02-24,71.12,0.6237,0.51865000000000006,0.91455,83.78165,0.5881,0.8442,809.4379,4.2982,2.7655,4.89385,9474.0045,21.60965,0.83705,18.933,51.6065,34.2505,14862.7755,71.1
2023-02-27,70.82,0.61675,0.5157,0.91595,84.05375,0.5843,0.83855,810.718,4.2829,2.7473,4.8404,9390.0205,21.54465,0.83225,18.79205,51.03455,33.99835,14675.5715,70.8
2023-02-28,70.8,0.61665,0.5112,0.91415,83.98465,0.5813,0.83715,811.69645,4.2947,2.7555,4.8381,9416.24675,21.5966,0.83075,18.789,51.0879,34.1254,14688.60675,70.8
2023-03-01,70.93,0.6168,0.51335,0.9208,84.10685,0.5836,0.8424,816.18065,4.28025,2.77435,4.8414,9406.201,21.78385,0.83235,18.79355,50.9893,34.1399,14655.172,70.9
2023-03-02,71.38,0.6243,0.51925,0.92490000000000006,85.05465,0.58565,0.849,816.14745,4.29885,2.7906,4.9002,9511.212,21.72095,0.8384,19.10045,51.50865,34.2678,14811.522,71.4
2023-03-03,71.35,0.6229,0.5204,0.9234,85.0975,0.587,0.84625,812.3862,4.3031,2.7872,4.88955,9517.913,21.6349,0.83845,19.0816,51.4461,34.1754,14775.192,71.3
2023-03-06,71.09,0.6215,0.51665,0.92065,84.42765,0.5848,0.84565,806.52065,4.2881,2.7797,4.8787,9508.9515,21.5645,0.8358,19.03685,50.9537,34.0675,14745.092,71.1
2023-03-07,70.93,0.61955,0.5153,0.9208,84.31765,0.5802,0.8435,805.16725,4.28745,2.77375,4.8632,9476.019,21.43175,0.83395,18.93625,50.7621,34.1372,14661.656,70.9
2023-03-08,70.49,0.611,0.51645,0.92715,83.8903,0.5792,0.8402,804.01495,4.23295,2.7556,4.7963,9378.8515,21.44915,0.82735,18.6975,50.06155,33.7761,14450.153,70.5
2023-03-09,70.59,0.6108,0.51555,0.9268,83.65825,0.57905,0.8433,804.88175,4.25725,2.76175,4.7945,9427.699,21.39635,0.82665,18.8056,50.11575,33.74975,14488.178,70.6
2023-03-10,70.5,0.61055,0.5117,0.92715,83.00125,0.5761,0.8443,809.2841,4.25505,2.7612,4.7927,9417.7355,21.3586,0.8262,18.815,50.05365,33.69015,14466.9875,70.5
2023-03-13,70.77,0.615,0.5094,0.93005,82.62835,0.5756,0.8463,808.23305,4.2839,2.77705,4.82695,9501.7515,21.37585,0.8303,18.9961,50.4592,33.85575,14560.1295,70.8
2023-03-14,71.13,0.6215,0.511,0.93455,82.8335,0.57975,0.85415,809.62805,4.2885,2.79055,4.8717,9549.349,21.47595,0.8378,19.04245,51.0422,34.20425,14659.6365,71.1
2023-03-15,71.2,0.623,0.51255,0.93285,83.7624,0.58035,0.8529,812.95275,4.2817,2.79105,4.8898,9584.8565,21.5075,0.8383,19.0747,51.38975,34.2027,14693.4595,71.2
2023-03-16,70.82,0.6175,0.51135,0.93025,82.3282,0.58305,0.8488,808.27665,4.2608,2.7849,4.84625,9487.8885,21.32845,0.834,18.8887,51.00475,33.99335,14559.10875,70.8
2023-03-17,71.02,0.62,0.5119,0.9305,82.7049,0.58395,0.85135,810.80505,4.27895,2.7878,4.8667,9535.6015,21.30785,0.83495,18.9903,51.29955,33.9388,14616.5045,71
2023-03-20,71.54,0.6275,0.51465,0.93345,83.21275,0.58745,0.8591,816.62855,4.3142,2.8049,4.9251,9628.989,21.357,0.8408,19.1642,51.7954,34.26465,14802.731,71.5
2023-03-21,71.15,0.624,0.50835,0.93085,81.85635,0.58225,0.8534,815.31845,4.3009,2.7908,4.8912,9584.6415,21.2394,0.8347,19.091,51.56505,33.87385,14717.0445,71.1
2023-03-22,70.57,0.6186,0.5062,0.9264,81.9769,0.57435,0.8481,807.7679,4.25255,2.76485,4.85455,9492.418,21.33555,0.82705,18.9143,51.13735,33.5931,14589.684,70.6
2023-03-23,71,0.6245,0.5081,0.93035,81.75645,0.57385,0.856,808.94615,4.3032,2.7712,4.901,9582.954,21.3384,0.8294,19.0579,51.62505,34.00715,14691.367,71
2023-03-24,70.85,0.62435,0.5083,0.9346,81.4933,0.5763,0.85635,803.72585,4.2627,2.76275,4.90075,9580.652,21.2576,0.82875,18.9584,51.36215,33.91155,14672.2275,70.8
2023-03-27,70.64,0.6201,0.50695,0.9334,81.09665,0.57615,0.85155,806.6261,4.25755,2.7464,4.8675,9397.6165,21.23535,0.82625,18.8191,51.14355,33.72105,14587.8555,70.6
2023-03-28,70.69,0.6213,0.5047,0.931,81.26605,0.5744,0.84775,806.01255,4.27625,2.72565,4.8771,9418.909,21.34165,0.82575,18.87105,51.17725,33.7459,14609.8725,70.7
2023-03-29,71.13,0.6258,0.50725,0.9341,82.17065,0.5769,0.8506,811.97555,4.3087,2.75105,4.91235,9441.132,21.43675,0.83065,19.01365,51.43685,34.1061,14704.427,71.1
2023-03-30,70.75,0.62125,0.5049,0.9307,82.42435,0.5732,0.843,811.0109,4.27905,2.74655,4.8766,9359.133,21.2592,0.82605,18.9087,51.1553,33.82865,14589.13085,70.8
2023-03-31,71.28,0.6275,0.50595,0.934,83.61755,0.57485,0.8484,814.5578,4.316,2.7704,4.92565,9441.9929,21.4197,0.83305,19.1111,51.6699,34.1172,14733.702,71.3
2023-04-03,70.99,0.6228,0.50645,0.9324,82.9009,0.57615,0.84125,821.56665,4.2884,2.75465,4.8889,9348.229,21.39785,0.83065,18.96275,51.18325,33.9815,14614.628,71
2023-04-04,71.44,0.62955,0.5076,0.92875,83.59165,0.5779,0.84605,824.14395,4.3329,2.7763,4.9416,9410.19925,21.5731,0.83585,19.1682,51.83245,34.39235,14784.98425,71.4
2023-04-05,72.13,0.6367,0.50945,0.94075,83.77695,0.58085,0.85565,835.2231,4.38075,2.7986,4.9979,9512.299,21.63505,0.8435,19.3859,52.42115,34.6524,14943.351,72.1
2023-04-06,71.56,0.6301,0.50635,0.94,82.63445,0.57845,0.84915,830.9444,4.33435,2.77495,4.9462,9432.599,21.3431,0.83765,19.2259,51.67295,34.2869,14780.57225,71.6
2023-04-11,70.91,0.62225,0.50185,0.9348,83.0797,0.572,0.8401,820.81005,4.28535,2.7488,4.88445,9287.0825,21.38515,0.82895,18.96615,51.0144,34.0309,14589.897,70.9
2023-04-12,70.58,0.6198,0.4984,0.93015,82.8146,0.5673,0.83425,820.4913,4.2675,2.73735,4.8654,9225.726,21.21575,0.8254,18.8937,50.90265,34.1386,14528.4252,70.6
2023-04-13,70.54,0.62125,0.49735,0.9251,82.73495,0.56505,0.8347,823.0942,4.27165,2.73475,4.87645,9216.2455,21.2747,0.82485,18.9379,50.99765,34.36445,14566.4505,70.5
2023-04-14,71.31,0.63135,0.50365,0.9299,83.6223,0.5707,0.841,820.6604,4.3238,2.7707,4.9559,9268.21975,21.6206,0.83645,19.2265,51.68155,34.7811,14796.3242,71.3
2023-04-17,70.42,0.61965,0.4999,0.92405,83.0021,0.5647,0.82805,812.2063,4.2616,2.73885,4.8642,9149.136,21.2819,0.82525,18.90275,50.7238,34.38435,14533.892,70.4
2023-04-18,70.37,0.61875,0.4997,0.9214,83.23735,0.566,0.82835,815.791,4.2501,2.746,4.85705,9163.69,21.29425,0.82505,18.87035,50.7197,34.6686,14527.945,70.4
2023-04-19,70.52,0.6203,0.4996,0.92245,83.3032,0.56555,0.83115000000000006,817.74155,4.26735,2.74945,4.869,9208.3545,21.2918,0.8271,18.92255,50.89015,34.76315,14583.254,70.5
2023-04-20,70.19,0.6163,0.49575,0.9189,83.0865,0.5623,0.8295,818.5389,4.24785,2.73175,4.8374,9148.9745,21.16685,0.82225,18.86645,50.67755,34.7285,14483.052,70.2
2023-04-21,70.06,0.61605,0.4951,0.91615,82.4552,0.5618,0.8314,819.00775,4.2392,2.73375,4.83535,9145.2635,21.1413,0.82125,18.8493,50.60925,34.50185,14471.015,70.1
2023-04-24,69.96,0.6139,0.49335,0.9185,82.3639,0.55875,0.8318,817.8069,4.2366,2.7242,4.81805,9113.3465,21.17035,0.81985,18.80835,50.4062,34.3477,14417.75275,70
2023-04-26,70.23,0.6148,0.49525,0.9278,82.082,0.56025,0.83785,821.46505,4.2544,2.74415,4.8261,9157.447,21.08455,0.82225,18.8719,50.36825,34.20135,14435.506,70.2
2023-04-27,70.03,0.61315,0.4916,0.92785,81.88005,0.5551,0.8364,822.17285,4.24945,2.73435,4.81315,9088.4165,20.8885,0.8188,18.8338,50.13805,34.16165,14393.69875,70
2023-04-28,70.21,0.6156,0.4927,0.9276,82.6443,0.5583,0.837,824.0422,4.25495,2.74405,4.8324,9030.856,21.0089,0.82145,18.898,50.3815,34.1612,14434.9003,70.2
2023-05-01,70.59,0.6175,0.49175,0.9329,84.3845,0.56115,0.8372,826.46205,4.2782,2.75435,4.8473,9058.726,21.0861,0.82455,18.9835,50.5339,34.20025,14487.1717,70.6
2023-05-02,70.67,0.618,0.49425,0.93155,84.92245,0.5624,0.83725,828.12,4.2816,2.7566,4.8512,9062.971,21.11395,0.82555,19.0344,50.5748,34.25265,14496.7399,70.7
2023-05-03,71.24,0.6242,0.49985,0.93585,84.9037,0.5663,0.85025,835.77265,4.3246,2.7833,4.89995,9180.422,21.21965,0.83245,19.1895,51.1189,34.50265,14646.856,71.2
2023-05-04,70.94,0.62385,0.4957,0.93475,83.9328,0.56295,0.84875,827.72425,4.3026,2.778,4.8965,9098.856,21.22805,0.82825,19.126,51.0504,34.40845,14634.2793,70.9
2023-05-05,71.66,0.6305,0.50075,0.93935,84.51535,0.57135,0.8524,833.9939,4.3574,2.79785,4.9488,9249.437,21.45435,0.83605,19.30965,51.5765,34.8383,14786.80275,71.7
2023-05-08,71.57,0.63015,0.4986,0.93335,84.99465,0.5712,0.84285,833.94055,4.35805,2.7969,4.9455,9253.754,21.3841,0.83485,19.3144,51.5478,34.8552,14770.72025,71.6
2023-05-09,71.93,0.63315,0.5021,0.9344,85.50375,0.5762,0.8467,838.0374,4.3838,2.8112,4.9688,9346.87875,21.36565,0.83925,19.4228,51.79085,35.1272,14840.7238,71.9
2023-05-10,72.05,0.63375,0.5018,0.9369,85.6608,0.5776,0.8479,839.40195,4.3907,2.8199,4.9665,9350.9825,21.3273,0.841,19.46405,51.996,35.3506,14875.6975,72.1
2023-05-11,72.39,0.63735,0.50465,0.94025,85.4527,0.5802,0.8526,841.2702,4.42025,2.841,4.99225,9378.6065,21.42535,0.8445,19.56665,52.2587,35.4494,14954.1478,72.4
2023-05-12,71.67,0.628,0.50175,0.9375,84.46915,0.57485,0.8469,837.59505,4.36335,2.81155,4.92295,9270.8515,21.29705,0.83615,19.3261,51.5533,35.168,14732.881,71.7
2023-05-15,71,0.62025,0.4976,0.93065,84.25785,0.571,0.84045,830.08065,4.31605,2.78645,4.8655,9185.90375,20.9443,0.82965,19.09995,50.9644,34.6782,14553.5475,71
2023-05-16,71.45,0.62485,0.4989,0.9335,85.02335,0.57455,0.8414,834.2998,4.3458,2.8084,4.897,9244.657,21.17855,0.83495,19.2429,51.42905,35.076,14653.67015,71.4
2023-05-17,71.63,0.62435,0.49995,0.93795,85.1738,0.5744,0.8415,836.62905,4.36395,2.82425,4.893,9287.2075,21.32935,0.83675,19.2434,51.33055,35.04165,14643.5059,71.6
2023-05-18,71.74,0.6247,0.5002,0.9402,85.80565,0.57595,0.841,831.13215,4.3742,2.82705,4.8897,9286.1665,21.31635,0.8381,19.208,51.469,34.93945,14652.3395,71.7
2023-05-19,71.96,0.6234,0.5029,0.94175,86.34715,0.5792,0.8423,831.9585,4.40015,2.8377,4.87695,9294.896,21.50105,0.84085,19.17765,51.4905,34.7374,14618.7334,72
2023-05-22,72.14,0.62765,0.5035,0.9434,86.3301,0.5798,0.8471,829.3454,4.40665,2.84765,4.90725,9361.401,21.58175,0.84345,19.2296,51.88545,35.03855,14726.8704,72.1
2023-05-23,72.4,0.6285,0.50565,0.9451,87.23265,0.58165,0.8482,825.09485,4.4319,2.86405,4.91975,9355.2235,21.75235,0.84655,19.29715,52.0571,35.0027,14735.1835,72.4
2023-05-24,71.57,0.61985,0.4989,0.9388,85.8182,0.5755,0.83685,817.33425,4.37855,2.8411,4.85755,9238.8655,21.4453,0.83505,19.08055,51.3251,34.57215,14566.4775,71.6
2023-05-25,70.55,0.60895,0.4932,0.9323,84.9881,0.5668,0.82865,806.0063,4.301,2.81185,4.7695,9106.8485,21.15185,0.8232,18.75535,50.3434,33.99155,14292.0605,70.6
2023-05-26,70.48,0.6075,0.4926,0.93355,84.9589,0.56605,0.8289,805.3628,4.2965,2.8176,4.7599,9086.68175,21.06965,0.82205,18.67365,50.2638,33.979,14262.58275,70.5
2023-05-29,70.26,0.606,0.4906,0.927,85.18545,0.5647,0.8243,802.6167,4.2849,2.79545,4.7464,9070.3065,21.13425,0.8194,18.57875,50.0382,33.9072,14230.3965,70.3
2023-05-30,70.14,0.6056,0.48945,0.9244,84.82035,0.56475,0.822,798.847,4.2828,2.78725,4.7421,9052.2065,20.981,0.81835,18.5035,50.04185,34.0014,14217.9755,70.1
2023-05-31,69.9,0.60175,0.4853,0.9253,84.1307,0.56165,0.82005,796.1454,4.27475,2.77525,4.71315,9032.27,20.92135,0.81425,18.4731,49.77375,33.8906,14132.1,69.9
2023-06-01,69.81,0.6016,0.48355,0.9247,83.854,0.5627,0.8161,793.4503,4.26625,2.77335,4.7118,9017.985,20.8304,0.81285,18.49165,49.77155,33.79185,14132.1858,69.8
2023-06-02,70.18,0.60735,0.4846,0.92085,84.3427,0.56435,0.8165,796.66105,4.3068,2.78745,4.75715,9104.17775,21.0037,0.81785,18.6159,50.05325,33.98945,14260.57925,70.2
2023-06-06,70.3,0.60745,0.4884,0.91845,84.7909,0.56685,0.81625,794.63575,4.32185,2.79455,4.7625,9026.70825,21.12255,0.81965,18.6396,50.224,34.1691,14272.039,70.3
2023-06-07,70.24,0.6082,0.48945,0.9108,84.74355,0.56865,0.8147,790.35595,4.3252,2.80015,4.76965,9036.333,21.1395,0.81965,18.6766,50.24305,34.0957,14283.578,70.2
2023-06-08,69.96,0.6046,0.4857,0.90755,84.59265,0.56455,0.80785,790.36335,4.31625,2.7881,4.7392,9010.053,21.08995,0.81525,18.59085,49.9105,33.95435,14202.055,70
2023-06-09,70.18,0.609,0.48515,0.9079,84.7941,0.5649,0.81395,789.08135,4.33335,2.80875,4.7721,9043.651,21.0851,0.818,18.7106,50.2874,34.08875,14303.889,70.2
2023-06-12,70.57,0.61175,0.4867,0.90785,85.36665,0.5697,0.81685,791.4516,4.37135,2.8284,4.7955,9114.76925,21.2293,0.82225,18.8159,50.4457,34.2886,14359.30375,70.6
2023-06-13,70.58,0.6119,0.48875,0.9068,85.38455,0.56825,0.8182,785.955,4.38475,2.83125,4.7946,9101.4024,21.2054,0.82195,18.8095,50.44045,34.3368,14378.4272,70.6
2023-06-14,70.97,0.6164,0.4886,0.9091,86.3299,0.57105,0.82025,785.50935,4.4133,2.84805,4.82805,9168.951,21.3367,0.82715,18.92655,50.77745,34.49375,14488.4834,71
2023-06-15,71.08,0.61635,0.4878,0.90845,86.8992,0.57015,0.82265,791.301,4.4234,2.8549,4.82455,9205.1885,21.48905,0.82885,18.9568,50.60465,34.56495,14489.1563,71.1
2023-06-16,71.44,0.624,0.48815,0.90695,87.32565,0.57015,0.82555,793.57205,4.44965,2.8801,4.88165,9316.321,21.59975,0.83445,19.15775,51.2811,34.81455,14678.9806,71.4
2023-06-19,71.4,0.622,0.48525,0.9075,88.2525,0.56875,0.82185,798.18155,4.44425,2.87425,4.86545,9316.0065,21.5912,0.83295,19.14795,50.96435,34.80405,14635.9725,71.4
2023-06-20,71.22,0.61855,0.48375,0.90795,87.9021,0.5668,0.81805,794.21825,4.4392,2.86915,4.83785,9298.3535,21.52555,0.83035,19.0953,50.6863,34.48725,14552.937,71.2
2023-06-21,71.15,0.6169,0.48345,0.9087,87.3438,0.56525,0.8157,797.3433,4.439,2.8689,4.8294,9279.71875,21.5036,0.8295,19.1196,50.65715,34.3151,14512.5735,71.1
2023-06-22,71.59,0.6218,0.48695,0.91385,88.1246,0.5656,0.8178,801.8733,4.4729,2.8886,4.8667,9283.476,21.6542,0.8333,19.2503,51.01325,34.56275,14613.856,71.6
2023-06-23,71.3,0.61685,0.48475,0.91565,88.1633,0.56355,0.81195,802.5219,4.43725,2.8835,4.8305,9248.1255,21.71005,0.83105,19.09705,50.5524,34.3308,14506.7705,71.3
2023-06-26,71.46,0.6164,0.48415,0.9225,88.46265,0.5653,0.8116,802.52205,4.4452,2.89,4.8274,9270.657,21.6965,0.833,19.0977,50.56715,34.3489,14500.812,71.5
2023-06-27,71.55,0.61775,0.48545,0.9207,88.5761,0.5655,0.8109,804.2179,4.4586,2.88215,4.8374,9263.1625,21.74175,0.83505,19.1614,50.67945,34.33145,14541.83575,71.6
2023-06-28,71.11,0.6125,0.48115,0.92335,88.1418,0.5595,0.80935,798.48565,4.4262,2.86035,4.7979,9182.90675,21.658,0.82715,18.99665,50.2449,33.88655,14416.72025,71.1
2023-06-29,70.83,0.6086,0.4816,0.9196,87.85445,0.55805,0.8068,797.6312,4.40795,2.8431,4.7676,9124.43625,21.68745,0.8233,18.91165,49.9394,33.68295,14335.27395,70.8
2023-06-30,70.82,0.6075,0.48155,0.91815,87.966,0.55935,0.8052,801.65705,4.4062,2.8437,4.7614,9107.94425,21.6832,0.82385,18.9139,49.8492,33.67375,14313.00685,70.8
2023-07-03,71.31,0.6136,0.4832,0.9223,88.67445,0.56245,0.81295,805.5955,4.4418,2.86395,4.80775,9219.3415,21.6064,0.8294,19.0854,50.33745,33.7971,14471.759,71.3
2023-07-04,71.52,0.6161,0.48525,0.922,89.0665,0.56465,0.8162,801.33055,4.4599,2.8729,4.82555,9267.68475,21.59585,0.83175,19.1817,50.4932,34.0488,14595.411,71.5
2023-07-05,71.86,0.6192,0.48735,0.92655,89.5363,0.5693,0.8192,807.313,4.4761,2.8753,4.8477,9305.0285,21.63485,0.83625,19.28,50.7914,34.30985,14655.5355,71.9
2023-07-06,71.91,0.61845,0.4868,0.92835,89.31345,0.57,0.82165,806.397,4.4816,2.8866,4.837,9318.496,21.6705,0.8367,19.3031,50.8528,34.37965,14684.48255,71.9
2023-07-07,71.72,0.6164,0.4841,0.9294,88.77705,0.56615,0.82395,806.6519,4.4648,2.8789,4.82285,9330.7555,21.7358,0.83415,19.30875,50.8461,34.2934,14616.3865,71.7
2023-07-10,71.87,0.62025,0.48365,0.92745,88.38255,0.56585,0.82385,808.30985,4.48135,2.89285,4.85635,9395.2375,21.77545,0.83585,19.44735,51.3187,34.4549,14671.70725,71.9
2023-07-11,71.92,0.6215,0.48295,0.93,87.67815,0.56455,0.82465,805.9302,4.49265,2.8987,4.866,9437.4785,21.7401,0.83545,19.51075,51.3219,34.4622,14690.70775,71.9
2023-07-12,71.65,0.62195,0.47985,0.92490000000000006,86.7403,0.56395,0.8216,804.71005,4.47025,2.8933,4.86865,9400.7755,21.57545,0.8323,19.44495,51.2277,34.2337,14740.2175,71.6
2023-07-13,72.34,0.6315,0.4857,0.9286,87.48485,0.5666,0.8329,806.5203,4.52765,2.9172,4.9413,9450.3985,21.83255,0.8396,19.6529,51.94005,34.4641,14925.5055,72.3
2023-07-17,72.6,0.6353,0.4855,0.9321,88.0272,0.56635,0.8405,804.7346,4.5503,2.89095,4.9625,9531.08875,22.0306,0.84025,19.66635,52.19865,34.60475,15021.6705,72.6
2023-07-18,72.27,0.63275,0.48365,0.92855,87.72135,0.56265,0.83515,798.62545,4.53635,2.86955,4.9463,9488.0875,21.784,0.83605,19.6064,51.92505,34.4216,14952.205,72.3
2023-07-19,71.92,0.62835,0.48225,0.92395,87.4003,0.55975,0.82735,795.554,4.52575,2.8543,4.90945,9422.1095,21.40315,0.83205,19.52565,51.5475,34.2702,14855.76675,71.9
2023-07-20,71.98,0.62975,0.48595,0.92275,87.66435,0.561,0.82745,795.97260000000006,4.52415,2.8641,4.91915,9438.38,21.3328,0.8326,19.5651,51.69935,34.2962,14883.20125,72
2023-07-21,71.37,0.62215,0.4831,0.91905,87.16635,0.5586,0.81935,797.56525,4.4627,2.8333,4.8626,9343.13825,21.3304,0.8258,19.41295,51.01245,34.04095,14710.11985,71.4
2023-07-24,70.9,0.61605,0.47915,0.91615,87.1434,0.5539,0.8149,792.2096,4.4283,2.8181,4.8159,9262.313,21.2653,0.81995,19.336,50.4907,33.72875,14578.8245,70.9
2023-07-25,71.4,0.6214,0.48405,0.92035,87.8007,0.56125,0.818,795.85805,4.45035,2.8364,4.8546,9330.324,21.4181,0.8265,19.47035,50.8507,33.9067,14713.2,71.4
2023-07-26,71.26,0.6202,0.4815,0.9189,87.54745,0.56185,0.8184,794.4452,4.43815,2.8309,4.8417,9321.607,21.4031,0.82445,19.4231,50.77655,33.8955,14673.3154,71.3
2023-07-27,71.44,0.6245,0.4819,0.9201,87.27075,0.56245,0.8232,794.02055,4.4541,2.8268,4.8689,9373.746,21.2845,0.82675,19.48595,51.20745,34.0618,14785.0395,71.4
2023-07-28,71.05,0.61725,0.48235,0.92285,86.0138,0.562,0.8165,791.1911,4.42585,2.8088,4.817,9300.415,21.03745,0.82175,19.3798,50.5771,33.8716,14608.76475,71
2023-07-31,71.04,0.6171,0.48025,0.9261,87.34435,0.56045,0.81785,785.8152,4.4073,2.80475,4.8128,9315.742,21.12025,0.8221,19.38495,50.76035,33.84175,14614.47225,71
2023-08-01,71.44,0.62005,0.48365,0.9248,88.51835,0.5644,0.81905,794.78015,4.44295,2.79735,4.83535,9372.6768,21.2235,0.8255,19.5381,50.9983,33.9725,14687.43625,71.4
2023-08-02,70.88,0.61315,0.47965,0.9264,87.78775,0.5578,0.81415,791.60735,4.3979,2.77635,4.7806,9286.15925,21.03105,0.81915,19.3731,50.43545,33.66195,14531.6575,70.9
2023-08-03,70.59,0.6082,0.47805,0.92925,87.1429,0.55575,0.81155,789.07875,4.36995,2.77005,4.7465,9240.08,20.95405,0.81605,19.23405,50.22515,33.6365,14456.916,70.6
2023-08-04,70.65,0.60995,0.4789,0.9266,87.0002,0.5566,0.81375,793.179,4.3693,2.77315,4.7615,9242.268,21.1378,0.81655,19.31895,50.46195,33.95285,14486.315,70.6
2023-08-07,70.78,0.611,0.4793,0.92715,86.62145,0.5554,0.8171,796.10245,4.39285,2.7814,4.7712,9267.345,21.1864,0.81845,19.3644,50.6118,34.0113,14486.812,70.8
2023-08-08,70.69,0.60755,0.47635,0.9289,87.068,0.55335,0.81385,799.0802,4.38585,2.78045,4.7442,9252.98775,21.24605,0.81705,19.29245,50.27245,34.2142,14426.27725,70.7
2023-08-09,70.48,0.6056,0.475,0.9258,86.8279,0.55235,0.81285,798.3625,4.36835,2.77395,4.7329,9215.7195,21.1854,0.8161,19.2811,50.16565,34.0892,14373.918,70.5
2023-08-10,70.55,0.6061,0.47665,0.92725,87.14805,0.55235,0.8133,798.5974,4.3694,2.7732,4.7394,9217.26725,21.24835,0.81625,19.28005,50.20065,34.18405,14394.877,70.6
2023-08-11,70.11,0.6015,0.4741,0.9221,87.0581,0.54705,0.80805,793.5891,4.3464,2.75185,4.7031,9153.92805,21.12765,0.811,19.1334,49.7403,33.77275,14285.627,70.1
2023-08-14,69.79,0.5963,0.4703,0.92155,86.44265,0.54525,0.8019,792.7511,4.32685,2.74595,4.6604,9123.392,20.91675,0.8075,19.02555,49.40235,33.90265,14174.053,69.8
2023-08-15,70.03,0.5977,0.47105,0.9216,86.90855,0.54785,0.8042,795.41925,4.3463,2.76675,4.67465,9176.18975,21.08985,0.81045,19.1007,49.577,33.93445,14244.68675,70
2023-08-16,69.95,0.59555,0.469,0.9244,86.69125,0.54605,0.80385,796.9055,4.34385,2.76335,4.6606,9134.24825,21.10335,0.80905,19.00255,49.39865,33.8749,14227.692,70
2023-08-17,69.69,0.59145,0.46495,0.9268,86.5942,0.54435,0.80065,792.8388,4.32405,2.74555,4.63195,9038.83525,21.02605,0.80485,18.88615,49.05855,33.5175,14158.72255,69.7
2023-08-18,69.74,0.59405,0.46545,0.9247,86.4194,0.54545,0.80385,793.8291,4.32135,2.75725,4.6489,9096.3925,21.0145,0.8055,18.9484,49.393,33.5638,14221.55825,69.7
2023-08-21,69.55,0.59105,0.4641,0.92345,86.02435,0.5436,0.80065,793.30735,4.31765,2.75045,4.63035,9060.79775,20.9062,0.80265,18.8876,49.11845,33.1978,14076.45205,69.5
2023-08-22,69.65,0.59285,0.46435,0.9247,86.61835,0.5436,0.8031,794.5673,4.31835,2.75615,4.64535,9078.01875,20.81125,0.804,18.93,49.26955,33.27965,14117.24375,69.6
2023-08-23,70,0.5962,0.4678,0.9248,86.8097,0.54925,0.80705,797.2983,4.34545,2.7744,4.6723,9133.785,20.8089,0.80835,19.03605,49.44735,33.6495,14267.6664,70
2023-08-24,69.89,0.5962,0.46905,0.92155,86.4371,0.54895,0.8067,790.85935,4.34285,2.76905,4.6748,9105.466,20.8342,0.8062,18.96785,49.30725,33.78815,14311.783,69.9
2023-08-25,69.6,0.5918,0.47035,0.9222,86.4945,0.54855,0.80385,785.58495,4.3099,2.7548,4.64135,9047.143,20.747,0.80315,18.84885,48.8686,33.62015,14191.365,69.6
2023-08-28,69.56,0.5917,0.4698,0.92055,86.69295,0.54775,0.80425,783.17415,4.309,2.7508,4.6409,9050.0525,20.8264,0.80165,18.83235,48.9077,33.4843,14188.97,69.6
2023-08-29,69.49,0.59135,0.4684,0.91865,86.55295,0.5458,0.80425,781.6465,4.30975,2.75005,4.6399,9034.3515,20.8333,0.801,18.84575,48.86395,33.48225,14269.2805,69.5
2023-08-30,69.83,0.59525,0.47135,0.92085,87.00175,0.5477,0.8076,786.29555,4.33635,2.75925,4.6694,9059.70625,20.865,0.80435,18.9498,49.2309,33.7343,14385.7075,69.8
2023-08-31,69.88,0.59675,0.46895,0.9186,87.042,0.54605,0.80725,789.05275,4.3488,2.76895,4.6819,9092.98,20.8251,0.8049,19.03365,49.3699,33.81185,14399.5825,69.9
2023-09-01,69.97,0.5977,0.47165,0.92175,86.93245,0.55105,0.8067,789.1434,4.3352,2.77155,4.6872,9105.9605,20.92845,0.8074,19.02655,49.48135,33.8418,14395.6095,70
2023-09-04,69.83,0.59465,0.4722,0.9209,86.94375,0.5518,0.80845,785.50295,4.32525,2.76985,4.6654,9068.41375,20.893,0.80505,18.9628,49.1872,33.6334,14322.1515,69.8
2023-09-05,69.67,0.59235,0.46935,0.9206,86.85335,0.54905,0.80605,784.09375,4.3183,2.75885,4.6429,9037.78075,20.95735,0.8037,18.9019,49.0162,33.63955,14266.756,69.7
2023-09-06,69.34,0.58635,0.46715,0.9217,86.57165,0.5472,0.80075,783.30505,4.2924,2.74235,4.5982,8980.24455,20.8418,0.7995,18.7345,48.689,33.4102,14119.3105,69.3
2023-09-07,69.38,0.587,0.46965,0.92055,86.65295,0.54705,0.8009,782.6765,4.29705,2.7442,4.60295,8997.243,20.87375,0.80065,18.77105,48.80685,33.37685,14123.221,69.4
2023-09-08,69.68,0.58915,0.47155,0.9226,86.6669,0.5497,0.80575,785.45485,4.32825,2.75605,4.6173,9033.143,20.959,0.804,18.88375,49.0254,33.38715,14172.0045,69.7
2023-09-11,69.72,0.5904,0.47245,0.9214,86.70615,0.55075,0.8045,787.5346,4.3243,2.7592,4.62855,9064.1175,20.9769,0.8049,18.91935,48.97145,33.4196,14227.1645,69.7
2023-09-12,69.65,0.59125,0.4728,0.9206,86.65065,0.5504,0.80345,784.17495,4.30775,2.76495,4.63015,9069.7775,21.01745,0.8046,18.91885,49.09075,33.5564,14240.26,69.6
2023-09-13,69.56,0.5903,0.47255,0.9197,86.96595,0.5487,0.8003,783.23965,4.30045,2.76025,4.6201,9065.2375,21.03385,0.80355,18.9153,48.94695,33.45525,14226.234,69.6
2023-09-14,69.86,0.5932,0.47475,0.9219,87.2864,0.55245,0.80315,787.47305,4.31575,2.77705,4.6438,9116.0015,21.1965,0.80675,18.9302,49.22745,33.64035,14331.714,69.9
2023-09-15,69.86,0.59265,0.4774,0.9175,87.3418,0.5568,0.80055,787.57265,4.31295,2.77745,4.63955,9114.95825,21.188,0.80795,18.93845,49.21145,33.67435,14359.912,69.9
2023-09-18,69.71,0.5908,0.47695,0.9181,87.2966,0.55405,0.79895,784.2575,4.3054,2.7694,4.62285,9082.0745,21.11075,0.80575,18.88965,49.1383,33.56925,14335.765,69.7
2023-09-19,69.82,0.59165,0.478,0.9198,87.3956,0.55375,0.79805,783.0488,4.31615,2.77605,4.6239,9100.1689,21.1204,0.8071,18.9316,49.2645,33.5761,14433.3055,69.8
2023-09-20,70.12,0.59435,0.4796,0.9204,87.82415,0.5562,0.79925,789.386,4.3347,2.79015,4.6484,9148.533,21.4635,0.81085,19.02275,49.4893,33.74425,14505.113,70.1
2023-09-21,69.99,0.5917,0.48025,0.92145,87.7728,0.55625,0.7976,792.10885,4.3184,2.77655,4.63055,9109.2225,21.44175,0.8092,18.98705,49.1592,33.68695,14390.148,70
2023-09-22,70.11,0.5927,0.4828,0.924,87.58035,0.5568,0.7987,793.5661,4.3266,2.78035,4.63505,9118.6905,21.46905,0.8102,19.066,49.2489,33.7054,14423.3575,70.1
2023-09-25,70.43,0.5961,0.48665,0.9251,88.4225,0.55945,0.80325,794.1543,4.35195,2.79305,4.66005,9165.0385,21.4134,0.81385,19.1646,49.43455,33.8585,14528.44975,70.4
2023-09-26,70.67,0.59655,0.48875,0.9293,88.8114,0.56355,0.8029,799.82445,4.36115,2.79605,4.66275,9186.87125,21.5981,0.81535,19.18445,49.599,33.92285,14552.841,70.7
2023-09-27,70.57,0.59445,0.4896,0.93015,88.5998,0.5629,0.80385,805.4501,4.34155,2.7954,4.6489,9208.03175,21.68405,0.81435,19.15465,49.4828,33.8599,14495.6645,70.6
2023-09-28,70.51,0.593,0.48835,0.93225,88.63275,0.56395,0.80005,800.19425,4.334,2.79185,4.63965,9203.361,21.7468,0.81355,19.126,49.35465,33.7654,14469.203,70.5
2023-09-29,70.75,0.5966,0.48895,0.9287,89.13505,0.5647,0.80565,805.0521,4.35755,2.80105,4.67145,9259.233,21.8505,0.81505,19.25855,49.63565,33.85705,14557.043,70.7
2023-10-02,71.07,0.5993,0.4916,0.9319,89.68825,0.56725,0.81355,808.69545,4.37735,2.817,4.6931,9262.1825,22.0138,0.8195,19.34575,49.76665,33.97435,14565.9915,71.1
2023-10-03,70.69,0.59385,0.4913,0.93335,89.00325,0.567,0.8124,801.34125,4.3375,2.80565,4.65205,9222.49175,22.02295,0.8158,19.15015,49.31405,33.77225,14463.2205,70.7
2023-10-04,70.4,0.59045,0.48875,0.9358,88.09215,0.56385,0.80925,802.24445,4.3127,2.7884,4.62465,9199.21225,21.8909,0.81095,19.1058,49.1291,33.53815,14404.03025,70.4
2023-10-05,70.59,0.59335,0.48835,0.9351,88.13325,0.5639,0.8153,801.1412,4.33385,2.80415,4.64545,9274.06175,21.862,0.813,19.2219,49.3908,33.60735,14498.511,70.6
2023-10-06,70.9,0.5966,0.48975,0.9368,88.67565,0.56595,0.8179,803.6799,4.35755,2.81775,4.67155,9315.91,22.0578,0.81635,19.25855,49.67555,33.7914,14557.044,70.9
2023-10-09,71.09,0.5985,0.48975,0.9383,89.2423,0.5661,0.8165,807.975,4.37145,2.82345,4.6877,9342.586,22.143,0.8175,19.30285,49.8244,33.97685,14597.12025,71.1
2023-10-10,71.48,0.60295,0.4923,0.9394,89.52905,0.57025,0.81875,811.57075,4.39695,2.85015,4.7208,9460.28675,22.25715,0.8226,19.44635,50.2069,34.2958,14702.9395,71.5
2023-10-11,71.59,0.6049,0.49185,0.93935,89.873,0.57005,0.8215,809.50745,4.4115,2.85635,4.72985,9518.1025,22.06975,0.8241,19.50925,50.3602,34.3099,14758.65735,71.6
2023-10-12,71.29,0.6019,0.48885,0.93805,89.77035,0.56665,0.8179,806.3655,4.39315,2.84245,4.70835,9445.31625,21.87905,0.82025,19.30805,50.0698,34.12175,14712.2455,71.3
2023-10-13,70.5,0.5927,0.48635,0.9376,88.7598,0.56235,0.81095,799.4931,4.3253,2.80375,4.6367,9299.464,21.47055,0.81085,19.04045,49.34005,33.6476,14488.5535,70.5
2023-10-16,70.34,0.5906,0.48625,0.9369,88.29175,0.5615,0.8063,799.49525,4.3141,2.7971,4.6206,9262.085,21.40335,0.8091,19.04535,49.17555,33.55495,14443.126,70.3
2023-10-17,70.22,0.59065,0.48375,0.9296,88.30515,0.55955,0.80415,797.2594,4.31875,2.79465,4.61675,9285.01925,21.4362,0.80805,19.07565,49.1886,33.48395,14456.1625,70.2
2023-10-18,70.04,0.58865,0.484,0.9265,88.15915,0.55715,0.80395,797.94455,4.3059,2.79315,4.60535,9250.636,21.4254,0.8061,19.02605,49.0132,33.4059,14415.4556,70
2023-10-19,69.68,0.5848,0.48165,0.92555,87.57385,0.55485,0.8021,793.48595,4.27625,2.7854,4.57745,9198.905,21.2882,0.80315,18.8949,48.6956,33.2576,14350.994,69.7
2023-10-20,69.51,0.58315,0.4809,0.92365,87.38795,0.5514,0.80035,792.38425,4.2661,2.78745,4.561,9222.5185,21.266,0.801,18.8722,48.54505,33.09375,14325.0835,69.5
2023-10-24,69.59,0.58545,0.4777,0.9228,87.6389,0.54855,0.80115,787.5181,4.28315,2.80225,4.5811,9329.147,21.2138,0.80005,18.9478,48.70505,33.24775,14402.0725,69.6
2023-10-25,69.6,0.58585,0.4816,0.91675,87.81015,0.5531,0.80485,788.52485,4.2814,2.80535,4.58335,9285.72375,21.15945,0.80095,18.94345,48.73835,33.26605,14383.2086,69.6
2023-10-26,69.01,0.57825,0.47825,0.92085,86.86185,0.54755,0.79865,784.04925,4.23025,2.76835,4.52375,9176.82875,21.00925,0.7937,18.7145,48.1039,32.9082,14207.897,69
2023-10-27,69.41,0.58245,0.48025,0.9194,87.59755,0.5517,0.80515,788.98685,4.26295,2.784,4.55525,9272.60525,21.09195,0.79785,18.90865,48.47805,33.12975,14331.186,69.4
2023-10-30,69.27,0.5817,0.48035,0.91685,87.1416,0.5507,0.8062,787.2728,4.25625,2.775,4.54995,9272.299,20.99065,0.7969,18.868,48.42435,33.1336,14298.188,69.3
2023-10-31,69.38,0.5838,0.48015,0.91655,87.22845,0.55015,0.80775,786.7873,4.2723,2.7774,4.5656,9276.583,20.96575,0.79675,18.94165,48.6021,33.25325,14342.8004,69.4
2023-11-01,69.14,0.57995,0.4777,0.91655,87.78415,0.5485,0.80515,786.26725,4.24415,2.76785,4.5382,9212.507,21.0072,0.79465,18.8107,48.28595,32.9064,14247.9235,69.1
2023-11-02,69.93,0.58905,0.4831,0.9159,88.5607,0.5556,0.8147,791.68325,4.31145,2.80095,4.60785,9386.513,21.19405,0.8042,19.1371,49.0627,33.4227,14486.214,69.9
2023-11-03,69.85,0.5888,0.48305,0.91635,88.56145,0.55455,0.8101,785.22375,4.30935,2.7971,4.60765,9335.425,21.2012,0.80355,19.0471,49.01835,33.3202,14471.2335,69.9
2023-11-06,70.6,0.59915,0.4844,0.91915,89.5909,0.5586,0.81855,783.83805,4.383,2.80315,4.6872,9424.63075,21.2376,0.8105,19.34235,49.9017,33.4266,14701.34755,70.6
2023-11-07,70.12,0.59545,0.4826,0.91855,89.3443,0.5558,0.81575,776.6157,4.3338,2.77125,4.6573,9251.805,21.15185,0.8049,19.1312,49.55075,33.3452,14496.23275,70.1
2023-11-08,69.99,0.5928,0.4825,0.9227,89.25195,0.5545,0.8165,773.8708,4.31855,2.7654,4.6351,9265.465,21.04885,0.8032,19.084,49.36175,33.25015,14417.1967,70
2023-11-09,69.84,0.591,0.4813,0.92295,89.21145,0.55215,0.8153,775.42155,4.29995,2.7736,4.619,9249.151,20.9997,0.80185,19.0624,49.2211,33.06055,14404.4468,69.8
2023-11-10,69.84,0.5893,0.48215,0.9268,89.1758,0.5524,0.8138,776.55015,4.29325,2.78445,4.6008,9225.4925,21.08075,0.80165,19.00995,49.08205,33.0008,14367.1344,69.8
2023-11-13,69.83,0.58895,0.4817,0.9267,89.2848,0.5512,0.81325,777.6496,4.29385,2.77275,4.6003,9243.5715,21.22575,0.80115,19.05665,49.0927,32.9547,14322.09085,69.8
2023-11-14,69.67,0.58805,0.4791,0.9216,89.21605,0.5496,0.81165,777.5786,4.28915,2.76765,4.59225,9232.38625,21.1757,0.7994,19.029,49,32.9661,14338.42365,69.7
2023-11-15,70.63,0.60045,0.48095,0.9248,90.42175,0.5524,0.8229,783.10695,4.37935,2.7966,4.6868,9423.76365,21.32645,0.81035,19.41495,50.03325,33.6627,14637.7706,70.6
2023-11-16,70.55,0.60065,0.4837,0.9246,90.8453,0.5534,0.82205,784.5391,4.34875,2.81555,4.68975,9331.099,21.39515,0.8111,19.28325,49.9418,33.5373,14588.5877,70.5
2023-11-17,70.06,0.59645,0.4803,0.9224,89.8254,0.5496,0.82005,771.9853,4.3259,2.79465,4.65075,9271.8165,20.96225,0.80335,19.09,49.64625,33.21035,14488.06935,70.1
2023-11-20,70.3,0.59995,0.4818,0.92165,89.87555,0.5503,0.82335,779.36515,4.3476,2.80925,4.6777,9294.726,21.07775,0.80645,19.1063,49.96005,33.3272,14555.09235,70.3
2023-11-21,70.37,0.60445,0.4831,0.9205,89.4858,0.5522,0.8293,776.8392,4.3378,2.8101,4.71015,9335.7315,21.192,0.80825,19.1224,50.3843,33.57115,14615.6035,70.4
2023-11-22,70.45,0.60555,0.4827,0.9232,89.75765,0.5545,0.8296,783.55145,4.3201,2.8243,4.7202,9349.69325,21.2987,0.81035,19.02515,50.4764,33.59895,14617.9795,70.4
2023-11-23,70.31,0.603,0.4826,0.9208,90.0008,0.55365,0.8253,782.483,4.30985,2.82505,4.7014,9391.726,21.22865,0.80885,19.02975,50.2427,33.4665,14601.647,70.3
2023-11-24,70.52,0.60545,0.48275,0.92175,90.5148,0.5551,0.8291,786.1163,4.32235,2.8335,4.7215,9417.776,21.3739,0.81115,19.0962,50.45975,33.49955,14680.65075,70.5
2023-11-27,70.81,0.60775,0.48255,0.924,90.8617,0.5561,0.8289,792.3845,4.34765,2.8437,4.7343,9459.63,21.48545,0.81445,19.21735,50.67345,33.67845,14748.883,70.8
2023-11-28,70.91,0.6104,0.48305,0.92295,90.4338,0.55705,0.83065,790.5901,4.364,2.85225,4.75485,9457.8437,21.3274,0.81535,19.2844,50.89435,33.8406,14811.357,70.9
2023-11-29,71.49,0.6176,0.4856,0.92675,90.6544,0.56075,0.83685,794.94385,4.41725,2.86815,4.8137,9532.657,21.40295,0.8209,19.4334,51.4731,34.1595,14970.626,71.5
2023-11-30,71.47,0.617,0.48575,0.9314,90.68975,0.5618,0.83825,796.7013,4.39565,2.8718,4.8164,9498.716,21.5148,0.82175,19.2834,51.4123,34.20035,14974.592,71.5
2023-12-01,71.71,0.6175,0.48835,0.93355,91.2387,0.56635,0.83615,802.1943,4.4033,2.8834,4.82335,9577.426,21.7368,0.8251,19.2907,51.4956,34.2929,14980.552,71.7
2023-12-04,72.02,0.62135,0.4901,0.93025,91.04335,0.5715,0.83885,807.5376,4.43775,2.8955,4.8552,9621.606,21.59345,0.82845,19.552,51.75615,34.40725,15098.8075,72
2023-12-05,71.7,0.61705,0.48805,0.93235,90.7156,0.569,0.83555,807.90365,4.4035,2.87995,4.8221,9536.509,21.5628,0.82505,19.3766,51.4396,34.2,14960.6899,71.7
2023-12-06,71.61,0.6147,0.48775,0.9351,90.49305,0.56935,0.83465,806.14835,4.3918,2.8734,4.8058,9530.9245,21.63595,0.8237,19.35475,51.256,34.00365,14919.3847,71.6
2023-12-07,71.66,0.61415,0.48895,0.9371,90.33225,0.5703,0.83485,809.78755,4.3955,2.8699,4.79645,9514.7195,21.6027,0.82405,19.34635,51.17635,34.0086,14910.9491,71.7
2023-12-08,71.67,0.6168,0.48975,0.93405,88.25795,0.57125,0.838,806.6511,4.4109,2.8786,4.8183,9569.653,21.6466,0.82445,19.4514,51.41875,34.11245,14971.5902,71.7
2023-12-11,71.37,0.61240000000000006,0.4878,0.9316,89.0154,0.5685,0.83195,806.2859,4.38525,2.8645,4.7838,9498.325,21.63915,0.8216,19.2033,51.06495,34.0219,14839.3739,71.4
2023-12-12,71.52,0.61285,0.4878,0.9327,89.3382,0.5693,0.83165,805.8978,4.39875,2.8666,4.7838,9569.654,21.8374,0.82325,19.302,51.10785,34.1082,14830.975,71.5
2023-12-13,71.57,0.6133,0.48835,0.93485,89.2566,0.5682,0.8335,805.7536,4.4004,2.8727,4.7888,9579.747,21.91015,0.8229,19.31745,51.1423,34.1792,14884.793,71.6
2023-12-14,71.98,0.6215,0.49185,0.928,88.3835,0.57055,0.83875,803.786,4.46485,2.899,4.85175,9732.691,21.7929,0.82775,19.5931,51.837,34.62685,15083.808,72
2023-12-15,71.56,0.6201,0.48625,0.92565,88.19995,0.56455,0.8316,801.82035,4.42225,2.8971,4.8406,9609.6901,21.62445,0.82385,19.40385,51.6737,34.55195,15033.708,71.6
2023-12-18,71.84,0.62255,0.4909,0.92815,88.4737,0.5711,0.83295,808.4746,4.41945,2.9073,4.857,9644.8565,21.76435,0.8293,19.4463,51.6701,34.7383,15112.405,71.8
2023-12-19,71.87,0.622,0.49145,0.92635,88.66925,0.56955,0.83305,809.75075,4.43615,2.92345,4.84815,9647.221,21.73265,0.82855,19.4695,51.6641,34.7076,15151.922,71.9
2023-12-20,72.3,0.6264,0.4923,0.9277,90.1014,0.57085,0.8359,814.8838,4.4749,2.919,4.88485,9712.333,21.86605,0.83245,19.64515,52.1063,34.99695,15251.2779,72.3
2023-12-21,72.28,0.626,0.49505,0.928,89.7465,0.57175,0.8359,816.42925,4.4663,2.9153,4.8859,9709.261,21.9084,0.8331,19.5985,52.0699,34.92455,15235.5918,72.3
2023-12-22,72.44,0.62925,0.49585,0.92625,89.49195,0.5718,0.83585,817.8363,4.49615,2.9166,4.91375,9769.1075,21.8051,0.83465,19.68515,52.40235,34.83215,15309.655,72.4
2023-12-27,72.69,0.6324,0.4971,0.9272,90.234,0.57295,0.83525,819.3375,4.5186,2.9312,4.9397,9791.1335,21.8178,0.83715,19.6417,52.61175,35.0824,15392.621,72.7
2023-12-28,72.86,0.6358,0.4966,0.92685,90.00705,0.57205,0.83935,821.5172,4.5422,2.9333,4.96655,9810.395,21.8,0.83865,19.6437,52.9947,35.38865,15488.091,72.9
2023-12-29,72.61,0.634,0.49765,0.92785,89.7871,0.57235,0.83865,816.52865,4.50515,2.9161,4.95515,9776.281,21.64,0.8365,19.4445,52.73215,35.1648,15376.405,72.6
2024-01-03,72.06,0.62555,0.49525,0.92475,88.79995,0.5713,0.8334,818.9701,4.46135,2.8916,4.88805,9677.25975,21.41725,0.82955,19.2948,52.12005,34.8838,15215.88395,72.1
2024-01-04,72.07,0.62405,0.4926,0.92725,89.3983,0.57135,0.8331,817.44315,4.45785,2.8965,4.87155,9660.29525,21.51255,0.82925,19.34775,51.9748,34.7877,15217.463,72.1
2024-01-05,72.13,0.6237,0.4914,0.9298,90.31175,0.56955,0.8328,818.8246,4.4608,2.8974,4.8717,9661.114,21.5613,0.82905,19.32845,51.9098,34.6185,15199.571,72.1
2024-01-08,72.3,0.62535,0.4915,0.93015,90.43815,0.5712,0.83525,821.74125,4.4761,2.9088,4.884,9702.3065,21.66995,0.83115000000000006,19.3918,52.00645,34.7163,15246.0355,72.3
2024-01-09,72.28,0.6254,0.49025,0.9302,90.00445,0.57085,0.8348,819.6493,4.4786,2.9053,4.88345,9709.336,21.81865,0.8306,19.38365,51.9934,34.8254,15225.366,72.3
2024-01-10,72.23,0.6235,0.49045,0.9323,90.11755,0.57035,0.8347,823.3318,4.46405,2.9008,4.874,9676.721,21.83185,0.83,19.3394,51.823,35.0563,15194.697,72.2
2024-01-11,72.22,0.6237,0.48915,0.9295,90.7359,0.56815,0.8341,821.88075,4.4726,2.8937,4.87565,9710.69805,21.85445,0.83,19.41575,51.7905,35.0582,15230.757,72.2
2024-01-12,72.22,0.62385,0.48855,0.9316,90.61735,0.5684,0.8349,820.55,4.46655,2.89685,4.8766,9699.9326,21.87845,0.83,19.40515,51.79905,34.9699,15278.09025,72.2
2024-01-15,72.17,0.62305,0.48915,0.9315,90.38275,0.5688,0.83505,820.5569,4.46255,2.8972,4.87225,9688.42875,21.76625,0.82985,19.39305,51.6641,34.7911,15263.1735,72.2
2024-01-16,71.71,0.6167,0.48595,0.9305,89.9426,0.56465,0.8296,819.59435,4.42335,2.8908,4.82405,9592.7695,21.65465,0.82395,19.27555,51.1175,34.4581,15096.818,71.7
2024-01-17,71.64,0.6138,0.48555,0.93175,90.4373,0.56425,0.82795,822.5227,4.40955,2.8873,4.80285,9569.143,21.76845,0.82395,19.2841,50.9907,34.3728,15050.38,71.6
2024-01-18,71.59,0.61225,0.4828,0.9347,90.62525,0.562,0.8263,820.9967,4.40605,2.8883,4.7873,9575.59125,21.73945,0.82245,19.3575,50.90015,34.2248,15012.375,71.6
2024-01-19,71.49,0.61215,0.48165,0.92955,90.6074,0.56265,0.82555,816.91425,4.40495,2.8872,4.7871,9561.78425,21.73745,0.82215,19.33815,50.88265,34.17635,15034.40775,71.5
2024-01-22,71.51,0.61315,0.4824,0.9278,90.7983,0.5625,0.82325,816.50125,4.4111,2.891,4.7939,9574.3385,21.7392,0.8212,19.2784,50.93205,34.2996,15052.835,71.5
2024-01-23,71.04,0.60815,0.47835,0.92375,90.07615,0.5588,0.81945,812.6709,4.3766,2.8805,4.7544,9508.4265,21.6471,0.8159,19.06395,50.51675,34.2632,14933.1295,71
2024-01-24,71.22,0.61,0.48055,0.92685,90.33185,0.56195,0.8212,816.42405,4.37375,2.88405,4.7712,9534.301,21.7938,0.81785,19.0985,50.7284,34.3369,14992.2795,71.2
2024-01-25,71.28,0.6106,0.48055,0.92945,90.2131,0.56155,0.8261,815.09,4.3749,2.88905,4.7743,9592.527,21.83355,0.81815,19.138,50.75995,34.31575,15019.8488,71.3
2024-01-26,71.31,0.6106,0.48065,0.92755,90.1093,0.56325,0.82295,817.166,4.3766,2.8924,4.7737,9662.746,21.8427,0.8187,19.1188,50.7508,34.50195,15028.394,71.3
2024-01-29,71.24,0.6097,0.48015,0.9264,90.3606,0.5622,0.82045,815.3519,4.3786,2.8857,4.76475,9645.455,21.7221,0.81825,19.0873,50.676,34.3871,14996.49015,71.2
2024-01-30,71.6,0.61415,0.48295,0.92765,90.47355,0.5666,0.82325,817.0652,4.40975,2.9034,4.7982,9709.71275,21.7102,0.82235,19.1778,51.0612,34.58895,15068.48145,71.6
2024-01-31,71.56,0.6133,0.48315,0.9313,90.4526,0.5656,0.82195,816.1797,4.4017,2.89875,4.79415,9677.8746,21.6725,0.8214,19.1055,50.9752,34.60545,14968.8171,71.6
2024-02-01,71.49,0.6122,0.48265,0.93145,89.8434,0.56645,0.8221,816.2463,4.3953,2.8957,4.7862,9660.517,21.7392,0.82025,19.16155,50.8394,34.4638,14952.99,71.5
2024-02-02,71.65,0.61455,0.4822,0.934,89.9609,0.5652,0.82215,815.6308,4.4147,2.9059,4.80555,9688.0746,21.71975,0.8216,19.26125,50.99425,34.40865,15001.168,71.7
2024-02-05,70.94,0.6052,0.47995,0.93185,89.96905,0.56175,0.8159,809.6971,4.34495,2.87985,4.73415,9475.9195,21.5769,0.8138,18.8907,50.18695,33.96685,14736.623,70.9
2024-02-07,71.38,0.60975,0.4839,0.93335,90.1485,0.5667,0.82245,807.492,4.38535,2.90395,4.76895,9591.36875,21.67815,0.81915,19.10805,50.64355,34.19175,14857.17375,71.4
2024-02-08,71.58,0.6114,0.48395,0.93695,90.5208,0.56725,0.823,810.6553,4.3979,2.9115,4.78075,9559.24,21.7704,0.82115,19.1726,50.72635,34.2262,14921.218,71.6
2024-02-09,71.75,0.61145,0.4847,0.9424,91.3323,0.56755,0.82315,812.1585,4.40005,2.92485,4.7825,9560.022,21.9587,0.8241,19.17415,50.7236,34.1923,14922.4385,71.8
2024-02-12,72.04,0.61495,0.4865,0.942,91.7106,0.5695,0.82745,816.8074,4.42375,2.93025,4.80945,9614.7445,22.09825,0.8271,19.2839,51.06005,34.47105,15007.856,72
2024-02-13,71.8,0.61275,0.48535,0.9387,91.48665,0.5688,0.82425,814.28355,4.40795,2.91945,4.79065,9555.531,22.0069,0.82435,19.21495,50.86055,34.27725,14954.165,71.8
2024-02-14,71.25,0.60555,0.481,0.9384,91.23215,0.56565,0.82155,809.2571,4.35615,2.89695,4.73505,9443.2506,21.84825,0.81815,18.98915,50.2675,34.0471,14778.449,71.3
2024-02-15,71.54,0.60905,0.48445,0.9388,91.525,0.56735,0.82465,811.1633,4.38135,2.9128,4.7616,9497.83135,21.9715,0.82085,19.0989,50.56865,34.12815,14863.8665,71.5
2024-02-16,71.53,0.6095,0.48435,0.9359,91.51945,0.5662,0.82155,812.0369,4.38455,2.9128,4.767,9520.391,22.02425,0.82065,19.15325,50.6152,34.1503,14909.89625,71.5
2024-02-19,71.93,0.61395,0.48635,0.9378,92.0526,0.5691,0.827,817.84285,4.41655,2.93345,4.8019,9589.90025,22.0623,0.82565,19.2507,50.96785,34.29525,15059.5853,71.9
2024-02-20,72.03,0.61375,0.48755,0.9399,92.22515,0.5699,0.82865,821.53510000000006,4.41765,2.93985,4.8004,9592.91375,22.18555,0.82655,19.2687,50.95125,34.43445,15059.8925,72
2024-02-21,72.31,0.617,0.48875,0.94135,92.56545,0.57075,0.8344,824.43545,4.44145,2.9628,4.82545,9662.221,22.23665,0.82935,19.4367,51.1917,34.5517,15133.7798,72.3
2024-02-22,72.56,0.6197,0.49005,0.94475,93.1998,0.57215,0.83565,824.88275,4.4548,2.9696,4.84595,9689.0105,22.24415,0.83235,19.54135,51.4173,34.6691,15207.443,72.6
2024-02-23,72.49,0.6192,0.48915,0.9442,93.14935,0.57215,0.8354,823.22645,4.44995,2.9582,4.8436,9653.329,22.25865,0.8314,19.524,51.29995,34.5204,15233.8705,72.5
2024-02-26,72.24,0.61655,0.4869,0.94085,92.70135,0.56995,0.8334,821.55295,4.4382,2.94435,4.8242,9614.7901,22.26205,0.82895,19.46385,51.1428,34.48365,15191.7945,72.2
2024-02-27,72.2,0.61605,0.4859,0.9429,92.7617,0.5679,0.83225,820.39385,4.4345,2.9435,4.81925,9628.86275,22.11775,0.8281,19.44195,51.07285,34.5419,15197.956,72.2
2024-02-28,71.99,0.61445,0.4845,0.9394,92.4563,0.56665,0.83135,818.6625,4.423,2.92445,4.80865,9609.99925,22.0265,0.82565,19.4123,50.9394,34.5075,15136.97825,72
2024-02-29,71.5,0.60915,0.4811,0.9376,91.7106,0.5621,0.8274,813.15435,4.38515,2.9029,4.768,9554.519,21.9416,0.81985,19.24485,50.5191,34.2647,15003.367,71.5
2024-03-01,71.42,0.60875,0.4821,0.9362,91.4434,0.563,0.82635,810.61155,4.3789,2.8852,4.7655,9566.5075,21.845,0.81915,19.2423,50.4753,34.1813,15005.69,71.4
2024-03-04,71.53,0.61065,0.48215,0.935,91.59445,0.56305,0.82745,811.34015,4.3958,2.88625,4.7803,9587.20625,21.8399,0.82035,19.30755,50.62975,34.2071,15055.5795,71.5
2024-03-05,71.44,0.6094,0.4801,0.9363,91.6507,0.5615,0.8274,811.3857,4.38715,2.87945,4.76885,9591.957,21.8013,0.81865,19.20585,50.51665,34.1188,15043.6504,71.4
2024-03-06,71.25,0.6074,0.47835,0.93525,91.107,0.55985,0.826,811.48645,4.37295,2.87815,4.7523,9578.0914,21.77985,0.81595,19.18745,50.3504,33.95975,15004.301,71.3
2024-03-07,71.65,0.61335,0.4815,0.9332,91.3309,0.5626,0.82905,815.0502,4.4157,2.8929,4.7978,9629.59625,21.8475,0.82055,19.38435,50.8061,34.2249,15137.48175,71.7
2024-03-08,71.95,0.61795,0.4822,0.9327,91.2836,0.56425,0.8312,819.09275,4.4484,2.89605,4.83245,9672.463,21.95575,0.82345,19.4815,51.15855,34.4847,15257.188,72
2024-03-11,71.83,0.61775,0.48045,0.9327,90.65795,0.5645,0.83275,812.27955,4.44285,2.8935,4.8309,9630.72375,21.8668,0.82205,19.42235,51.142,34.33765,15227.85175,71.8
2024-03-12,71.72,0.61675,0.4812,0.9323,90.56355,0.5643,0.83145,808.806,4.4307,2.887,4.8237,9615.13375,21.8638,0.82045,19.3826,51.0453,34.19265,15196.7255,71.7
2024-03-13,71.53,0.6148,0.48055,0.9309,90.6062,0.56265,0.82955,805.7569,4.41095,2.8788,4.8101,9584.733,21.953,0.8188,19.3204,50.89085,34.06305,15156.3585,71.5
2024-03-14,71.77,0.61675,0.4818,0.9309,91.0323,0.5633,0.83065,812.19815,4.43715,2.8889,4.82405,9605.8825,21.99025,0.8216,19.41375,51.10315,34.1556,15221.39625,71.8
2024-03-15,71.32,0.6107,0.47945,0.9299,90.67675,0.5614,0.82695,810.5211,4.39165,2.8712,4.77695,9514.707,21.8661,0.8166,19.2297,50.5824,33.92135,15080.0189,71.3
2024-03-18,71.14,0.60845,0.4779,0.92745,90.83245,0.55895,0.82415,811.1856,4.37875,2.8688,4.7592,9488.47465,21.86315,0.8142,19.2428,50.43405,33.8724,15036.6296,71.1
2024-03-19,71.08,0.6074,0.47745,0.9272,90.63315,0.55875,0.8227,812.57975,4.37215,2.86935,4.75,9530.107,21.8497,0.81355,19.23575,50.36185,33.82305,15013.717,71.1
2024-03-20,70.9,0.6047,0.47545,0.9258,91.4095,0.55655,0.8209,808.6654,4.35345,2.86415,4.73035,9502.8615,21.8168,0.8117,19.22615,50.21505,33.79365,14945.1625,70.9
2024-03-21,71.11,0.60895,0.4759,0.9206,91.7048,0.557,0.82035,808.62475,4.3841,2.8682,4.7625,9569.6505,21.87345,0.81495,19.4225,50.6441,34.1012,15083.694,71.1
2024-03-22,70.86,0.60495,0.47735,0.92005,91.65905,0.5568,0.81815,805.612,4.3553,2.8635,4.731,9473.51825,21.98845,0.8126,19.25525,50.30535,33.92255,14996.71175,70.9
2024-03-25,70.5,0.59925,0.4758,0.91965,90.6755,0.5547,0.81575,804.67295,4.3315,2.84015,4.6868,9456.16625,21.78575,0.8089,19.1529,49.9932,33.8037,14843.4275,70.5
2024-03-26,70.48,0.60065,0.4751,0.918,90.86335,0.554,0.81565,802.7087,4.3298,2.83355,4.69775,9488.769,21.81865,0.808,19.15085,50.11,33.8316,14864.8902,70.5
2024-03-27,70.52,0.6001,0.47545,0.9195,90.9272,0.55415,0.81545,805.5143,4.33235,2.83755,4.6942,9475.58,21.81965,0.80765,19.1354,49.9831,33.74965,14864.78135,70.5
2024-03-28,70.47,0.5991,0.4745,0.9181,90.7247,0.55385,0.81385,808.815,4.33065,2.83555,4.6871,9498.7315,21.84015,0.8078,19.1736,49.9522,33.6784,14847.79955,70.5
2024-04-02,70.17,0.595,0.47425,0.9165,90.25855,0.55415,0.8077,805.4218,4.30155,2.82415,4.6561,9454.551,21.8045,0.80485,19.03315,49.62445,33.52825,14752.4346,70.2
2024-04-03,70.23,0.59595,0.474,0.91565,90.32515,0.5534,0.80875,803.9366,4.312,2.83045,4.66535,9473.81765,21.83115,0.80555,19.12165,49.69405,33.5699,14848.098,70.2
2024-04-04,70.77,0.6024,0.47615,0.91565,91.30875,0.55565,0.8143,810.2883,4.35875,2.85505,4.71595,9590.209,22.04785,0.81195,19.3241,50.26315,33.9603,15059.4024,70.8
2024-04-05,70.82,0.603,0.4768,0.9151,90.99875,0.55615,0.81695,813.7787,4.36315,2.85765,4.72045,9583.178,22.1452,0.81275,19.34335,50.3188,34.0846,15044.853,70.8
2024-04-08,70.65,0.601,0.4759,0.91415,91.21675,0.5546,0.8172,814.0846,4.34615,2.85685,4.705,9522.846,22.02215,0.81085,19.2855,50.058,34.0166,15003.968,70.7
2024-04-09,71,0.6046,0.47775,0.91515,91.83575,0.55675,0.8209,818.8703,4.3737,2.87275,4.73475,9579.888,22.1707,0.81485,19.3989,50.373,34.1629,15093.841,71
2024-04-10,71.07,0.60595,0.47805,0.9147,91.9408,0.5582,0.822,820.9714,4.38065,2.87675,4.7454,9601.279,21.9778,0.81475,19.36285,50.4855,34.23925,15121.48475,71.1
2024-04-11,70.58,0.5981,0.47685,0.91825,91.39865,0.55655,0.8185,815.5393,4.3274,2.83945,4.6861,9476.8955,21.9189,0.80935,19.2322,49.75895,33.7837,14952.502,70.6
2024-04-12,70.9,0.60095,0.4786,0.9187,92.00245,0.56035,0.82245,822.31,4.34845,2.8653,4.70955,9522.054,21.9978,0.81345,19.37765,49.996,33.9206,15017.74425,70.9
2024-04-15,70.39,0.5942,0.47705,0.9172,91.2543,0.5579,0.8178,821.9272,4.30065,2.8373,4.65615,9415.1005,21.7507,0.80855,19.2179,49.5704,33.71195,14869.8625,70.4
2024-04-16,69.98,0.5887,0.47345,0.91705,90.8747,0.55455,0.8125,822.7083,4.26145,2.82015,4.609,9327.9525,21.54935,0.8039,19.13685,49.12775,33.5353,14861.7345,70
2024-04-17,70.18,0.59035,0.4748,0.9199,91.32125,0.55545,0.81565,817.39865,4.2735,2.82865,4.62375,9593.1925,21.6452,0.80505,19.1938,49.32155,33.7208,14923.46365,70.2
2024-04-18,70.23,0.59175,0.47505,0.9189,91.26265,0.5546,0.81465,814.72145,4.282,2.833,4.634,9577.47625,21.7794,0.80485,19.19755,49.4385,33.7712,15026.90425,70.2
2024-04-19,69.86,0.58665,0.47305,0.9196,90.45265,0.5524,0.80915,815.88355,4.2485,2.80975,4.5939,9541.866,21.6283,0.80075,19.08255,49.01245,33.7529,14897.39485,69.9
2024-04-22,70.36,0.59255,0.4783,0.9185,91.6201,0.55545,0.813,818.28195,4.29105,2.83415,4.64115,9606.71875,21.89765,0.80635,19.3038,49.4609,34.0894,15077.4385,70.4
2024-04-23,70.31,0.5919,0.4793,0.9172,91.58175,0.55555,0.8111,815.81585,4.28765,2.8284,4.6386,9615.4175,21.94765,0.806,19.33355,49.3467,33.9987,15069.776,70.3
2024-04-24,70.34,0.59425,0.47685,0.9108,91.9869,0.5549,0.8117,813.88485,4.3049,2.83785,4.65565,9605.75525,21.91295,0.80775,19.32,49.52705,34.0817,15121.58425,70.3
2024-04-26,70.64,0.59665,0.4771,0.9136,92.8447,0.5562,0.81465,820.27445,4.323,2.8517,4.6708,9670.2055,22.07085,0.81125,19.4299,49.71665,34.52215,15126.57425,70.6
2024-04-29,70.65,0.59605,0.476,0.9088,94.8494,0.5563,0.8136,823.56235,4.319,2.8476,4.66615,9679.8545,22.07845,0.81205,19.44435,49.68155,34.38615,15106.891,70.6
2024-04-30,70.6,0.59615,0.475,0.91105,93.51805,0.5568,0.81515,821.01785,4.3165,2.84305,4.6656,9696.381,22.1112,0.8113,19.3829,49.76585,34.29055,15109.4255,70.6
2024-05-01,69.98,0.5889,0.47175,0.91,92.9314,0.5524,0.81135,813.9187,4.2645,2.81055,4.6069,9575.515,21.82465,0.80395,19.17575,49.1356,34.01985,14925.6735,70
2024-05-02,70.2,0.59285,0.473,0.9074,92.4846,0.5532,0.81385,816.6213,4.29315,2.82995,4.6366,9618.9925,21.9206,0.80635,19.30855,49.46515,34.16295,15025.787,70.2
2024-05-03,70.45,0.59745,0.47585,0.9079,91.34115,0.55645,0.81625,814.80235,4.32645,2.82805,4.66625,9609.9845,21.97275,0.80785,19.33705,49.8684,34.2832,15178.221,70.4
2024-05-06,70.69,0.60085,0.47865,0.90755,92.2695,0.5579,0.82195,818.8985,4.33275,2.8486,4.6955,9601.5855,22.1053,0.81175,19.41015,50.1312,34.38365,15270.6065,70.7
2024-05-07,70.76,0.60125,0.4788,0.90755,92.83,0.5585,0.82215,816.91845,4.3396,2.8508,4.7026,9657.58125,22.10645,0.8127,19.4601,50.2029,34.41555,15271.7525,70.8
2024-05-08,70.68,0.59865,0.47935,0.91085,92.86555,0.5574,0.823,816.73825,4.32455,2.8415,4.68095,9630.78375,22.1351,0.81185,19.434,49.9985,34.38225,15223.672,70.7
2024-05-09,70.9,0.6006,0.48065,0.9127,93.43535,0.5588,0.8243,821.5608,4.33985,2.84835,4.694,9636.628,22.18915,0.81415,19.46305,50.16135,34.46845,15270.2586,70.9
2024-05-10,71.03,0.6025,0.48135,0.9117,93.8032,0.5591,0.8244,824.58155,4.3529,2.85555,4.70925,9667.1135,22.13735,0.8156,19.5605,50.31555,34.5181,15335.13275,71
2024-05-13,70.94,0.601,0.48005,0.9123,93.65685,0.55805,0.82265,823.8208,4.34745,2.85265,4.6967,9664.081,22.12435,0.81425,19.49795,50.18425,34.65365,15295.451,70.9
2024-05-14,70.97,0.6015,0.47905,0.911,94.1017,0.5576,0.8227,823.69415,4.3533,2.84785,4.6991,9705.2035,22.14425,0.81435,19.50605,50.24405,34.8148,15312.68775,71
2024-05-15,71.2,0.60465,0.48015,0.91165,94.5703,0.5587,0.82515,827.85665,4.3735,2.8458,4.7231,9724.28425,22.0894,0.81705,19.5278,50.4966,34.8877,15390.1577,71.2
2024-05-16,71.71,0.6123,0.4826,0.916,94.3677,0.56245,0.8333,827.2786,4.41675,2.86895,4.77945,9760.063,22.19895,0.8228,19.6634,51.1263,35.1338,15570.791,71.7
2024-05-17,71.74,0.6112,0.48285,0.9163,95.2555,0.56285,0.8327,828.3594,4.41675,2.86285,4.76745,9763.922,22.1484,0.82355,19.6962,51.036,35.2204,15551.9852,71.7
2024-05-20,71.88,0.6131,0.48255,0.9147,95.5639,0.56375,0.8341,832.0687,4.43245,2.8739,4.7832,9788.1425,22.136,0.82485,19.7568,51.09345,35.4096,15607.0742,71.9
2024-05-21,71.69,0.60985,0.4801,0.9155,95.42625,0.5617,0.83175,832.78075,4.416,2.8623,4.75665,9780.47,22.1025,0.82235,19.69755,50.8226,35.4445,15525.56255,71.7
2024-05-22,72.02,0.61325,0.4821,0.9181,95.80805,0.5646,0.8357,835.7372,4.4388,2.8777,4.7871,9801.26875,22.27015,0.82555,19.79725,51.09065,35.6651,15615.1855,72
2024-05-23,71.97,0.61105,0.48025,0.92325,95.78515,0.56435,0.83655,834.57215,4.4262,2.8814,4.7702,9772.21775,22.3125,0.8252,19.7131,50.889,35.59365,15561.9165,72
2024-05-24,71.88,0.6095,0.4801,0.9237,95.7555,0.56375,0.83685,834.9541,4.41585,2.8732,4.75935,9747.42925,22.3504,0.82405,19.6625,50.75995,35.479,15527.6222,71.9
2024-05-27,72.12,0.61285,0.48095,0.92345,96.09795,0.56485,0.83745,836.479,4.4396,2.885,4.78755,9820.9225,22.44255,0.82695,19.72,50.9263,35.5928,15603.4723,72.1
2024-05-28,72.41,0.61615,0.4822,0.9248,96.59695,0.5667,0.83935,838.2413,4.4639,2.89005,4.8106,9904.6125,22.5326,0.8304,19.7963,51.2244,35.68435,15694.8815,72.4
2024-05-29,72.26,0.6142,0.48145,0.92285,96.57985,0.56595,0.83845,837.7074,4.45175,2.8861,4.7984,9912.8818,22.512,0.82845,19.7812,51.08685,35.728,15635.998,72.3
2024-05-30,72.07,0.6107,0.48095,0.92355,96.15165,0.56555,0.8379,839.77365,4.42705,2.87855,4.77185,9910.13575,22.5287,0.82595,19.7781,50.8988,35.76565,15547.2016,72.1
2024-05-31,72.15,0.6122,0.48115,0.9232,95.9256,0.56575,0.8379,845.6625,4.4307,2.87885,4.7836,9951.312,22.4693,0.8268,19.87265,51.007,35.81065,15586.613,72.1
2024-06-04,72.64,0.6181,0.48265,0.9258,96.70795,0.56665,0.84295,848.3732,4.47805,2.90045,4.8325,10011.67525,22.6472,0.83225,20.0085,51.39115,36.24665,15707.46775,72.6
2024-06-05,72.73,0.61875,0.48425,0.9287,96.16925,0.5685,0.84585,846.69755,4.4829,2.9078,4.83215,10063.97,22.6432,0.83285,20.0104,51.6834,36.35155,15725.53375,72.7
2024-06-06,72.95,0.62095,0.4848,0.92965,96.64155,0.57,0.8487,852.53335,4.498,2.9138,4.84865,10112.172,22.6538,0.8355,20.04795,51.77405,36.42025,15787.65625,72.9
2024-06-07,72.74,0.6192,0.48405,0.9288,96.40325,0.5683,0.8464,844.465,4.4863,2.90685,4.8358,10052.713,22.5234,0.83305,19.98775,51.6916,36.2449,15747.8055,72.7
2024-06-10,72.1,0.6106,0.47985,0.9271,95.8062,0.56665,0.84035,839.9414,4.4224,2.8799,4.7701,9934.463,22.5235,0.82575,19.6952,50.9126,35.87885,15524.507,72.1
2024-06-11,72.3,0.61205,0.4808,0.92755,96.2296,0.5685,0.84255,842.8541,4.439,2.8916,4.78055,9970.297,22.51425,0.82825,19.8292,51.11305,35.93195,15554.94935,72.3
2024-06-12,72.56,0.6145,0.48235,0.9289,96.56565,0.57215,0.84495,845.8286,4.45715,2.89705,4.79905,10013.2785,22.57825,0.83125,19.9049,51.3561,36.07115,15634.41775,72.6
2024-06-13,72.71,0.6173,0.48275,0.92835,96.81735,0.5713,0.8482,846.56525,4.47525,2.9047,4.8204,10049.646,22.60245,0.8328,19.9397,51.5731,36.1954,15700.72055,72.7
2024-06-14,72.65,0.61565,0.48255,0.9276,96.81405,0.57315,0.8458,847.96555,4.46625,2.9025,4.80775,10038.1745,22.6159,0.83185,19.94365,51.43755,36.0894,15656.90685,72.6
2024-06-17,72.46,0.6129,0.48325,0.92815,96.52565,0.57275,0.8421,845.4956,4.44625,2.8926,4.78655,10051.561,22.52255,0.82935,19.8417,51.2162,35.93925,15602.90325,72.5
2024-06-18,72.4,0.6126,0.4824,0.927,96.5366,0.57105,0.8411,845.47995,4.44445,2.8884,4.7839,10046.641,22.55595,0.82845,19.8415,51.19115,35.9688,15593.734,72.4
2024-06-19,72.43,0.61405,0.4831,0.9211,96.88175,0.5717,0.84225,846.46795,4.4554,2.89095,4.7948,10070.4225,22.52645,0.82945,19.88815,51.22325,35.9833,15627.57875,72.4
2024-06-20,72.39,0.61355,0.4825,0.9194,96.97465,0.571,0.84145,849.03055,4.4542,2.89075,4.7888,10053.01925,22.51575,0.82895,19.85725,51.20535,36.08285,15616.382,72.4
2024-06-21,72.36,0.6123,0.4837,0.9192,97.33735,0.57165,0.8379,851.1889,4.4456,2.8867,4.7783,10090.705,22.4913,0.82885,19.8177,51.2204,36.0277,15586.0975,72.4
2024-06-24,72.3,0.61095,0.48345,0.92095,97.5718,0.5715,0.8372,849.28165,4.4363,2.8794,4.76765,10063.8745,22.46615,0.82795,19.78375,51.03725,35.92695,15550.5106,72.3
2024-06-25,72.32,0.6122,0.48255,0.9197,97.6,0.5703,0.8359,848.9379,4.44615,2.88255,4.77965,10027.837,22.41875,0.8281,19.8362,51.1026,35.96215,15585.082,72.3
2024-06-26,72.27,0.61155,0.48195,0.9165,97.72265,0.57065,0.835,850.238,4.4433,2.8795,4.776,10056.941,22.48665,0.8281,19.86225,51.02545,35.9607,15563.3407,72.3
2024-06-27,71.97,0.60795,0.4814,0.91385,97.576,0.5687,0.83295,844.5642,4.4187,2.86935,4.746,9984.06075,22.46755,0.8255,19.79605,50.81325,35.7991,15475.6751,72
2024-07-01,72.08,0.6101,0.48195,0.9144,98.16815,0.5676,0.8342,840.71785,4.43385,2.87755,4.7644,9976.3562,22.39675,0.82655,19.82095,50.8747,35.70915,15530.0975,72.1
2024-07-02,71.72,0.6059,0.47935,0.9112,97.93465,0.56445,0.8326,841.17105,4.4054,2.85925,4.73355,9921.6135,22.2835,0.82275,19.73655,50.55855,35.6148,15423.1895,71.7
2024-07-03,71.92,0.60805,0.4794,0.9113,98.28215,0.56605,0.83195,845.00715,4.42235,2.8688,4.7512,9964.72465,22.40965,0.82505,19.8413,50.77445,35.7594,15472.14065,71.9
2024-07-04,72.11,0.6114,0.4795,0.9103,98.64635,0.56655,0.8336,844.19055,4.44495,2.8797,4.77575,9985.691,22.3864,0.8268,19.909300000000002,51.0695,35.84635,15556.4654,72.1
2024-07-05,72.11,0.6121,0.47955,0.9087,98.56645,0.56595,0.833,844.3308,4.4488,2.88205,4.78025,9995.594,22.41205,0.82685,19.85135,51.1111,35.8507,15577.946,72.1
2024-07-08,72.32,0.61455,0.4797,0.91065,98.59535,0.5675,0.83815,847.0958,4.4669,2.8939,4.80085,9998.72975,22.39115,0.82895,19.9514,51.30955,35.9973,15614.181,72.3
2024-07-09,72.13,0.61225,0.4782,0.90885,98.5661,0.5657,0.83515,847.10915,4.4523,2.88585,4.782,9982.7375,22.3196,0.8268,19.90915,51.12365,35.8442,15563.4,72.1
2024-07-10,71.99,0.6108,0.47765,0.9065,98.6717,0.56485,0.83285,846.8437,4.44385,2.87385,4.77135,9951.4595,22.25295,0.82515,19.9084,50.99875,35.715,15529.591,72
2024-07-11,71.67,0.60915,0.4738,0.9013,98.42645,0.56195,0.82945,840.44435,4.43105,2.8584,4.7569,9880.41425,22.0756,0.82115,19.8412,50.8827,35.51345,15484.598,71.7
2024-07-12,71.46,0.60865,0.47165,0.9007,96.9762,0.5602,0.82975,837.8981,4.41985,2.84255,4.75185,9825.1345,22.01795,0.818,19.7723,50.86415,35.4925,15471.88425,71.5
2024-07-15,71.49,0.60945,0.47,0.90045,96.3297,0.5597,0.83205,842.35135,4.42495,2.8495,4.7588,9841.09575,22.0697,0.81805,19.8504,50.9108,35.66805,15492.22025,71.5
2024-07-16,71.2,0.60625,0.46755,0.89815,96.11185,0.55655,0.82935,840.23225,4.40445,2.83665,4.7325,9827.31375,21.94625,0.81485,19.78045,50.68475,35.4717,15385.11125,71.2
2024-07-17,71.38,0.608,0.46865,0.90205,96.3467,0.55765,0.83145,840.13445,4.4184,2.84175,4.74565,9823.7615,21.84545,0.81685,19.83115,50.82195,35.4744,15429.5215,71.4
2024-07-18,71.18,0.60715,0.4669,0.9018,94.92185,0.5553,0.83085,838.17065,4.407,2.8336,4.73985,9814.581,21.85135,0.81405,19.7931,50.7509,35.39835,15363.932,71.2
2024-07-19,70.87,0.60275,0.46595,0.8995,94.894,0.5536,0.8263,835.8335,4.3797,2.81905,4.70815,9770.58,21.84065,0.8106,19.7407,50.42535,35.19155,15267.66,70.9
2024-07-22,70.71,0.6006,0.46505,0.9,94.62455,0.55165,0.8246,834.02325,4.3681,2.8129,4.69065,9750.742,21.78975,0.80795,19.7084,50.2477,35.1051,15213.203,70.7
2024-07-23,70.31,0.59705,0.46175,0.8991,93.5428,0.5483,0.8217,826.61575,4.3426,2.7939,4.66085,9678.18175,21.66245,0.803,19.5973,49.95445,34.8767,15123.28275,70.3
2024-07-24,69.98,0.59365,0.46035,0.89855,92.2087,0.5472,0.81825,822.11625,4.3186,2.77565,4.636,9633.456,21.44265,0.79885,19.4946,49.68775,34.69885,15059.41825,70
2024-07-25,69.82,0.5923,0.45945,0.9025,90.5212,0.54645,0.8186,820.86865,4.3021,2.7675,4.62465,9624.876,21.3983,0.79605,19.45025,49.58515,34.61995,15008.884,69.8
2024-07-26,69.41,0.58925,0.45815,0.89915,90.50585,0.5427,0.81385,815.43365,4.26075,2.7465,4.59985,9598.58925,21.3132,0.79105,19.3221,49.3239,34.45055,14928.6495,69.4
2024-07-29,69.48,0.5899,0.4579,0.8986,90.5172,0.5429,0.8152,814.53395,4.27885,2.7389,4.6054,9608.8819,21.2718,0.79145,19.3794,49.3901,34.45015,14933.3215,69.5
2024-07-30,69.28,0.58695,0.45685,0.8978,90.3874,0.54255,0.81355,813.1899,4.2639,2.72465,4.58435,9577.5585,21.1361,0.7889,19.30185,49.1505,34.42465,14848.3695,69.3
2024-07-31,69.67,0.5909,0.46015,0.9093,90.0709,0.54605,0.8183,815.76705,4.2746,2.7243,4.61615,9640.5345,21.1956,0.7929,19.43735,49.4753,34.59275,14942.38525,69.7
2024-08-01,69.9,0.5953,0.46315,0.9114,88.7652,0.54975,0.8224,814.1919,4.30175,2.711,4.65085,9681.06675,21.12125,0.79515,19.49965,49.84375,34.71195,15004.5385,69.9
2024-08-02,69.98,0.59445,0.4672,0.91395,88.8792,0.5509,0.82445,817.7255,4.3039,2.70655,4.6451,9674.0803,21.12975,0.79485,19.5262,49.77255,34.6505,14995.00375,70
2024-08-05,69.45,0.59495,0.46515,0.9151,86.3302,0.54485,0.82545,807.58515,4.25215,2.6416,4.63105,9617.368,20.9675,0.7876,19.47865,49.8278,34.403,14948.1225,69.4
2024-08-06,69.51,0.5954,0.46565,0.9134,86.1752,0.54345,0.8221,817.0972,4.2588,2.6552,4.6407,9648.458,21.08315,0.78865,19.4812,49.92205,34.51535,14941.27,69.5
2024-08-07,70.15,0.59965,0.4721,0.917,87.91465,0.5492,0.82635,825.0885,4.3055,2.69005,4.6758,9690.34525,21.3176,0.7961,19.62865,50.34435,34.6238,15090.19475,70.1
2024-08-08,70.14,0.5998,0.4728,0.9182,87.80175,0.54875,0.8241,826.16455,4.30305,2.6895,4.67295,9604.298,21.3319,0.79595,19.59995,50.35695,34.55,15090.97,70.1
2024-08-09,70.24,0.60195,0.47215,0.91325,88.5438,0.5513,0.82665,827.6512,4.3191,2.6892,4.6937,9593.57875,21.19315,0.7975,19.5369,50.54195,34.50975,15142.05475,70.2
2024-08-12,70.1,0.601,0.47105,0.9129,88.329,0.55035,0.82535,821.0562,4.312,2.6654,4.6874,9587.454,21.2093,0.79585,19.4781,50.457,34.4493,15085.405,70.1
2024-08-13,70.31,0.60275,0.4719,0.9144,88.7911,0.5512,0.82835,826.06895,4.3281,2.6913,4.6965,9601.80875,21.1897,0.79815,19.5677,50.61515,34.5195,15147.11,70.3
2024-08-14,70.08,0.6033,0.469,0.91,88.58855,0.54885,0.8272,821.24215,4.3153,2.6726,4.69825,9479.35275,21.10045,0.7947,19.4923,50.66135,34.3293,15139.8155,70.1
2024-08-15,69.69,0.5993,0.4672,0.90665,88.40875,0.5444,0.82215,815.5275,4.29215,2.6597,4.6711,9361.068,21.07435,0.78975,19.35975,50.312,34.1841,15006.474,69.7
2024-08-16,69.86,0.60025,0.46635,0.90585,89.39525,0.5466,0.82375,815.6798,4.3075,2.6708,4.67925,9453.93875,21.02975,0.79275,19.4118,50.39175,34.2983,15033.26375,69.9
2024-08-19,70.23,0.607,0.46865,0.9082,89.487,0.55025,0.82945,812.53025,4.3396,2.6611,4.7302,9485.894,20.9506,0.7969,19.4765,50.95915,34.57165,15196.247,70.2
2024-08-20,70.58,0.61245,0.47165,0.91035,89.61675,0.5525,0.83485,813.5174,4.36875,2.6755,4.7696,9499.10075,21.0009,0.8012,19.5228,51.36965,34.64325,15294.41325,70.6
2024-08-21,70.79,0.61515,0.47225,0.91215,89.43665,0.5531,0.83785,819.53365,4.38745,2.69005,4.7929,9504.07,20.99045,0.80315,19.6319,51.54415,34.716,15326.46475,70.8
2024-08-22,70.81,0.615,0.46995,0.9127,89.54705,0.55185,0.83585,822.62405,4.38785,2.6925,4.79255,9535.576,21.1099,0.80345,19.64495,51.6185,34.64445,15335.027,70.8
2024-08-23,70.95,0.61545,0.46965,0.9163,89.5418,0.5531,0.83685,824.39535,4.396,2.6972,4.799,9622.562,21.17455,0.805,19.68205,51.6693,34.6683,15345.0156,71
2024-08-26,71.31,0.6224,0.4711,0.917,89.4825,0.55625,0.8408,822.844,4.43085,2.7037,4.8517,9532.057,21.12735,0.8097,19.7973,52.22325,35.0598,15547.557,71.3
2024-08-27,71.32,0.6214,0.47095,0.9167,89.9197,0.55635,0.83765,826.02705,4.4288,2.7065,4.8469,9630.149,21.15165,0.8103,19.80715,52.1347,34.93045,15443.346,71.3
2024-08-28,71.56,0.62395,0.47085,0.91755,90.07345,0.5584,0.83915,833.72205,4.4468,2.71265,4.86645,9680.588,21.18625,0.8129,19.93145,52.3658,35.1159,15489.56125,71.6
2024-08-29,72.12,0.62835,0.47595,0.92535,90.894,0.5646,0.8463,840.104,4.47915,2.72455,4.9002,9686.0165,21.38275,0.8183,20.09495,52.75705,35.38395,15628.641,72.1
2024-08-30,71.9,0.6268,0.4761,0.9227,90.73875,0.5661,0.8454,836.6527,4.4493,2.7059,4.88585,9690.331,21.28615,0.81675,20.01375,52.5705,35.2262,15601.054,71.9
2024-09-02,71.76,0.62405,0.4754,0.92225,91.25485,0.5647,0.8421,835.57175,4.43405,2.70495,4.86625,9682.1395,21.3074,0.8152,19.9755,52.33985,35.14025,15520.4409,71.8
2024-09-03,71.61,0.6224,0.4735,0.9179,91.25005,0.56235,0.8403,833.7982,4.43025,2.723,4.8524,9681.433,21.3234,0.81375,19.9728,52.2357,35.22165,15479.4035,71.6
2024-09-04,71.2,0.61775,0.47125,0.9217,89.8332,0.559,0.83675,828.7117,4.3947,2.68875,4.81675,9596.7475,21.1796,0.8075,19.85945,51.8717,34.97085,15378.89,71.2
2024-09-05,71.18,0.6196,0.4712,0.9211,89.05205,0.55925,0.83705,826.4845,4.3996,2.686,4.8297,9551.135,20.99745,0.80725,19.8805,52.0356,34.95475,15378.474,71.2
2024-09-06,71.34,0.62205,0.47205,0.92355,89.12115,0.5599,0.83985,829.41045,4.41065,2.69755,4.8492,9573.352,20.88535,0.80885,19.9112,52.2421,34.841,15355.308,71.3
2024-09-09,71.13,0.6184,0.47075,0.9247,88.40335,0.558,0.8382,828.7179,4.39695,2.6913,4.82125,9572.836,20.87875,0.80585,19.8163,51.912350000000004,34.80355,15221.919,71.1
2024-09-10,70.8,0.61385,0.46975,0.92215,88.0138,0.55625,0.8328,824.8303,4.373,2.6807,4.7866,9499.33,20.80955,0.8019,19.74695,51.53655,34.70405,15155.96025,70.8
2024-09-11,70.78,0.6149,0.4697,0.9239,87.16205,0.55705,0.83645,822.95145,4.37465,2.6644,4.79415,9489.44575,20.63915,0.80075,19.77335,51.637,34.5297,15141.9155,70.8
2024-09-12,70.63,0.61325,0.4704,0.9185,87.4065,0.55695,0.83285,821.5711,4.36675,2.6569,4.78255,9462.44875,20.7064,0.79990000000000006,19.70645,51.4981,34.41405,15070.6225,70.6
2024-09-13,70.9,0.61805,0.47035,0.9191,87.2903,0.5577,0.8389,823.4899,4.39415,2.6706,4.8211,9522.606,20.61815,0.80345,19.8082,51.9015,34.6355,15196.3075,70.9
2024-09-16,70.54,0.61555,0.46845,0.9177,86.50635,0.5551,0.83585,818.3738,4.3669,2.6478,4.80015,9479.47125,20.45165,0.79875,19.63485,51.6439,34.412350000000004,15108.6785,70.5
2024-09-17,70.81,0.6191,0.4686,0.9169,86.92785,0.5563,0.8413,823.0935,4.39205,2.6578,4.8235,9507.82975,20.60595,0.80185,19.73195,51.9355,34.53865,15220.5765,70.8
2024-09-18,70.97,0.62055,0.47125,0.9168,87.8109,0.5576,0.8432,825.0213,4.4035,2.63795,4.8364,9513.03275,20.7093,0.8033,19.7816,51.9765,34.62975,15304.3175,71
2024-09-19,71.1,0.62015,0.47075,0.9173,89.14345,0.55945,0.84525,827.5282,4.40485,2.6499,4.8341,9514.652,20.75335,0.8056,19.87645,51.943,34.6338,15289.802,71.1
2024-09-20,71.05,0.62345,0.46945,0.9161,88.7793,0.5587,0.84575,828.97035,4.4001,2.61225,4.85815,9435.91825,20.64555,0.80505,19.8781,52.17495,34.67945,15315.053,71.1
2024-09-23,71.09,0.6234,0.46825,0.9147,90.0034,0.55865,0.84545,833.57935,4.3941,2.627,4.85745,9444.512,20.5254,0.80515,19.95065,52.09795,34.73585,15348.109,71.1
2024-09-24,71.42,0.6266,0.46945,0.9156,90.0111,0.56415,0.84745,836.1351,4.4223,2.63015,4.8807,9518.055,20.66995,0.80885,20.07315,52.35165,35.13345,15436.294,71.4
2024-09-25,71.94,0.63445,0.47295,0.9209,91.0087,0.5671,0.85195,842.99375,4.45175,2.6117,4.93935,9589.713,20.7148,0.8143,20.2063,53.08365,35.45785,15572.579,71.9
2024-09-26,71.26,0.62655,0.46995,0.91565,90.7307,0.5624,0.84375,832.52835,4.4009,2.59675,4.8774,9484.40375,20.45295,0.80645,19.97225,52.38425,35.1087,15430.362,71.3
2024-09-27,71.61,0.631,0.47125,0.9171,91.6906,0.56515,0.85115,832.63605,4.4272,2.6073,4.91055,9524.946,20.4728,0.8109,20.0229,52.7816,35.24765,15530.49,71.6
2024-09-30,71.98,0.63625,0.47545,0.91895,90.777,0.56955,0.85975,831.99235,4.46345,2.61275,4.9439,9623.2825,20.5811,0.81465,20.15925,53.25335,35.65545,15658.1175,72
2024-10-01,71.9,0.63435,0.47425,0.91765,91.32105,0.5698,0.8583,829.53955,4.45065,2.63635,4.9304,9604.06025,20.59575,0.8153,20.07495,53.15935,35.6695,15582.81025,71.9
2024-10-02,71.46,0.6289,0.47365,0.9135,90.4201,0.56825,0.8483,831.4687,4.41245,2.6209,4.88725,9559.281,20.4518,0.80995,20.0336,52.71365,35.46995,15477.232,71.5
2024-10-03,71.15,0.6246,0.47095,0.90765,91.81305,0.56585,0.84385,824.06605,4.38225,2.62645,4.8498,9534.52,20.6243,0.80795,19.89665,52.3532,35.15875,15405.7616,71.2
2024-10-04,70.95,0.62145,0.47325,0.90715,91.13565,0.56315,0.84185,828.23755,4.36015,2.62405,4.8271,9582.76025,20.5941,0.80565,19.7963,52.1824,35.0094,15379.64935,70.9
2024-10-07,70.64,0.6163,0.46935,0.9062,91.47125,0.56175,0.837,828.8003,4.32405,2.6279,4.78555,9543.4065,20.55515,0.8041,19.7185,51.7515,34.6823,15260.8256,70.6
2024-10-08,70.5,0.61425,0.4689,0.90765,90.81075,0.55935,0.8363,826.6577,4.3096,2.63085,4.77085,9631.44125,20.55895,0.80025,19.7389,51.58435,34.8894,15267.1875,70.5
2024-10-09,70.52,0.61295,0.4679,0.90915,90.8637,0.55845,0.8369,827.2374,4.32345,2.628,4.7654,9589.604,20.52615,0.7991,19.74495,51.4656,34.88605,15223.23145,70.5
2024-10-10,69.95,0.60675,0.4643,0.90325,90.5423,0.5546,0.832,818.8092,4.2879,2.6039,4.71585,9477.43625,20.32915,0.79315,19.534300000000002,50.94345,34.7061,15068.6375,70
2024-10-11,70.25,0.6097,0.4667,0.9044,90.50695,0.55745,0.8382,822.51585,4.31625,2.6135,4.7371,9550.9515,20.3731,0.79585,19.6293,51.2003,34.92975,15147.9995,70.2
2024-10-14,70.26,0.6096,0.46715,0.9057,90.97065,0.5582,0.84005,824.0878,4.308,2.6149,4.7386,9496.0445,20.3271,0.79605,19.62425,51.24905,34.9209,15133.324,70.3
2024-10-15,70.28,0.60915,0.4662,0.90535,91.1258,0.5585,0.84045,827.2867,4.3123,2.6175,4.7296,9478.37525,20.2649,0.79655,19.60215,51.2044,35.00175,15137.38,70.3
2024-10-16,70.02,0.60495,0.46305,0.90555,90.31,0.5557,0.83405,826.2105,4.3044,2.6064,4.69905,9425.12225,20.1766,0.7923,19.47605,50.83625,35.0266,15083.22435,70
2024-10-17,70.19,0.6065,0.46695,0.9061,90.69905,0.5583,0.8342,827.90285,4.31565,2.60795,4.7137,9406.816,20.1191,0.79575,19.5211,50.94375,35.0436,15159.4725,70.2
2024-10-18,70.2,0.6059,0.46555,0.9044,90.8941,0.55955,0.836,831.0828,4.3162,2.6114,4.7095,9388.4215,20.09925,0.79605,19.48605,50.93875,35.00585,15265.6535,70.2
2024-10-21,70.24,0.6075,0.46575,0.9054,90.7453,0.5591,0.83875,831.3638,4.31545,2.615,4.7199,9394.9885,20.12645,0.79615,19.48405,51.07405,34.87655,15285.00825,70.2
2024-10-22,69.97,0.6027,0.4643,0.9054,90.77565,0.5572,0.8338,832.69035,4.28645,2.6082,4.6857,9338.8375,20.19195,0.79325,19.2611,50.67125,34.74565,15251.3275,70
2024-10-23,70.12,0.60355,0.4651,0.9048,91.4137,0.559,0.83445,834.67955,4.29815,2.6173,4.6913,9391.23925,20.22045,0.7952,19.35405,50.74495,34.9335,15333.1915,70.1
2024-10-24,69.98,0.6011,0.46505,0.9052,91.75195,0.55715,0.831,829.84865,4.28425,2.6139,4.67005,9389.183,20.30065,0.79435,19.2899,50.54125,34.7917,15273.953,70
2024-10-25,69.83,0.60045,0.463,0.90505,91.2834,0.5549,0.8317,828.8612,4.27135,2.61015,4.66525,9355.01225,20.21715,0.792,19.26935,50.48435,34.71205,15251.43625,69.8
2024-10-29,69.73,0.5977,0.46075,0.9089,91.44215,0.5526,0.8303,827.3364,4.26045,2.60595,4.6448,9398.2356,20.18285,0.7907,19.1835,50.25385,34.825,15154.6875,69.7
2024-10-30,69.72,0.59715,0.45885,0.90995,91.52815,0.5518,0.8308,826.4258,4.26455,2.61075,4.64015,9411.08525,20.08515,0.7904,19.1727,50.2054,34.7601,15113.87025,69.7
2024-10-31,69.59,0.5966,0.4607,0.9084,91.60195,0.54965,0.8302,822.8904,4.2496,2.61255,4.6369,9363.638,20.1651,0.78945,19.1151,50.16585,34.73885,15113.37,69.6
2024-11-01,69.53,0.5969,0.46285,0.9082,90.75265,0.54825,0.8316,821.51355,4.24735,2.60695,4.6405,9368.3465,20.19015,0.78835,19.1247,50.1911,34.6859,15089.634,69.5
2024-11-04,69.79,0.59955,0.4625,0.90835,91.1736,0.55115,0.83435,822.4028,4.2718,2.623,4.6617,9424.92725,20.27825,0.79155,19.1631,50.41395,34.83985,15168.62,69.8
2024-11-05,69.5,0.59705,0.46085,0.9069,90.9337,0.54895,0.8299,821.98865,4.2376,2.6124,4.6412,9405.03075,20.1743,0.7879,19.0871,50.22165,34.88265,15120.2975,69.5
2024-11-06,69.52,0.59655,0.4604,0.9053,91.2334,0.5505,0.82865,826.8482,4.2411,2.60155,4.63775,9386.7155,20.1813,0.7886,19.09525,50.1758,34.8982,15119.5635,69.5
2024-11-07,69.62,0.59355,0.46075,0.90325,91.74205,0.5536,0.8274,832.92875,4.25165,2.6241,4.6148,9395.89775,20.4018,0.7917,19.1295,50.02585,34.90075,15064.6014,69.6
2024-11-08,70.19,0.602,0.46385,0.9029,92.1903,0.5579,0.83525,834.34195,4.3103,2.6416,4.6791,9472.471,20.5086,0.79555,19.43555,50.79375,35.1568,15269.733,70.2
2024-11-11,69.82,0.59655,0.4619,0.9052,91.3557,0.5567,0.8299,832.6049,4.27455,2.6227,4.6386,9347.93975,20.4751,0.79185,19.157,50.33465,34.85345,15077.8075,69.8
2024-11-12,70.05,0.59665,0.4637,0.90785,91.7618,0.5598,0.8307,835.9664,4.2897,2.6348,4.63925,9355.47325,20.62325,0.79575,19.26105,50.3528,35.0562,15113.1495,70
2024-11-13,69.86,0.592,0.46485,0.9074,91.70375,0.55775,0.82575,834.30565,4.2847,2.62875,4.60485,9341.761,20.6312,0.79305,19.21215,49.96185,34.8333,15013.124,69.9
2024-11-14,69.45,0.58755,0.4626,0.905,91.50215,0.5563,0.82215,826.06595,4.2447,2.62545,4.57155,9268.6025,20.5158,0.78915,19.0989,49.58115,34.51855,14891.4585,69.5
2024-11-15,69.29,0.58445,0.4616,0.9061,91.53655,0.55495,0.822,822.37965,4.2321,2.6236,4.54885,9266.456,20.44555,0.78685,19.0531,49.32975,34.37445,14838.60705,69.3
2024-11-18,69.42,0.5874,0.46475,0.9071,90.627,0.55685,0.8269,817.04405,4.2475,2.62565,4.57265,9313.228,20.3989,0.7873,19.07585,49.57875,34.4569,14909.391,69.4
2024-11-19,69.45,0.5881,0.46425,0.9051,90.79675,0.55535,0.8249,819.3998,4.26055,2.62735,4.5772,9321.386,20.346800000000002,0.78765,19.13265,49.6327,34.48915,14949.506,69.5
2024-11-20,69.76,0.59155,0.46625,0.9053,91.6281,0.55805,0.8256,823.5264,4.2826,2.64275,4.60405,9364.23775,20.40995,0.79115,19.16595,49.9364,34.7802,15025.37625,69.8
2024-11-21,69.48,0.58805,0.46465,0.9027,91.1889,0.5576,0.82145,822.00575,4.2588,2.6292,4.5769,9329.4145,20.348,0.7894,19.1022,49.641,34.66555,14951.1775,69.5
2024-11-22,69.23,0.58535,0.4649,0.89825,90.34585,0.5587,0.8178,819.9291,4.2383,2.6212,4.55555,9321.7,20.3424,0.78785,19.0628,49.45915,34.49175,14885.45675,69.2
2024-11-25,69.24,0.5863,0.46545,0.8956,90.39575,0.5592,0.81695,820.0579,4.24805,2.61635,4.56305,9307.5135,20.16285,0.78725,19.1134,49.51815,34.4891,14900.8175,69.2
2024-11-26,68.95,0.5813,0.46455,0.902,89.5202,0.55695,0.82305,817.0753,4.2124,2.5978,4.52365,9225.232,20.19725,0.78525,18.86115,48.99705,34.288,14776.648,69
2024-11-27,69.25,0.585,0.46525,0.9037,89.46405,0.55765,0.8219,816.9234,4.24605,2.6085,4.5522,9319.0525,20.28045,0.78775,19.0292,49.33525,34.4565,14863.69,69.2
2024-11-28,69.62,0.5898,0.46545,0.9076,89.46675,0.55895,0.8265,823.03645,4.27515,2.6196,4.5893,9395.515,20.3761,0.79165,19.20745,49.80935,34.6242,14967.9484,69.6
2024-11-29,69.58,0.59,0.46455,0.9069,88.8422,0.55855,0.8264,823.46305,4.2788,2.61905,4.5919,9363.301,20.28275,0.79135,19.18975,49.8528,34.6035,14970.073,69.6
2024-12-02,69.59,0.59005,0.4648,0.9083,88.63145,0.56,0.82775,825.775,4.2679,2.62485,4.592,9349.3435,20.3346,0.79205,19.1666,49.857,34.65365,14960.7215,69.6
2024-12-03,69.55,0.5881,0.46485,0.9082,88.13265,0.56055,0.8262,824.63385,4.276,2.62825,4.5761,9350.791,20.3012,0.79155,19.1712,49.8143,34.5215,14928.9215,69.6
2024-12-04,69.51,0.58715,0.46365,0.9081,87.9991,0.55925,0.82635,831.69805,4.27465,2.62545,4.5701,9359.17225,20.18915,0.79075,19.1191,49.72795,34.33945,14910.97345,69.5
2024-12-05,69.34,0.5856,0.46115,0.91165,87.9747,0.55695,0.8242,828.097,4.25665,2.59685,4.5579,9328.609,20.11245,0.7867,18.9875,49.6245,34.0585,14880.098,69.3
2024-12-06,69.46,0.5878,0.46095,0.9125,88.22585,0.5557,0.8247,832.4424,4.2682,2.6019,4.5745,9322.509,20.0587,0.78725,19.07175,49.8054,33.95425,14927.1814,69.5
2024-12-09,69.06,0.5833,0.45775,0.91205,87.4046,0.55235,0.8255,833.71075,4.23395,2.5799,4.5381,9245.306,19.8599,0.78265,18.88375,49.4033,33.78765,14804.7417,69.1
2024-12-10,69.26,0.585,0.45885,0.90985,88.60995,0.55435,0.8292,835.0583,4.2565,2.5901,4.54635,9281.026,19.77885,0.7844,19.0037,49.5663,33.91245,14840.8698,69.3
2024-12-11,68.73,0.57995,0.45395,0.9097,87.99875,0.55075,0.8219,829.7635,4.20405,2.56775,4.5094,9200.908,19.53705,0.7778,18.8211,49.21055,33.7357,14708.1167,68.7
2024-12-12,68.75,0.57995,0.4542,0.9057,88.2568,0.55205,0.82035,829.9665,4.21065,2.5692,4.50915,9229.9055,19.5994,0.77895,18.8414,49.20365,33.8778,14711.88225,68.7
2024-12-13,68.52,0.5767,0.4549,0.9057,88.1486,0.5503,0.8202,825.60375,4.18855,2.56345,4.484,9183.9485,19.57895,0.77675,18.75315,48.94305,33.6187,14645.8736,68.5
2024-12-16,68.62,0.57685,0.45675,0.90615,88.7311,0.5486,0.82055,826.82805,4.199,2.56785,4.48545,9226.42845,19.7023,0.7778,18.7612,48.91615,33.8121,14654.8755,68.6
2024-12-17,68.79,0.57835,0.4556,0.9079,89.18735,0.54935,0.82325,830.7709,4.2117000000000004,2.5725,4.49595,9253.60125,19.68415,0.78025,18.80505,49.08675,34.0012,14687.20075,68.8
2024-12-18,68.57,0.57565,0.45285,0.90905,88.46305,0.5482,0.82385,827.5545,4.19325,2.5674,4.4724,9247.8185,19.6671,0.7769,18.72335,48.87485,33.9317,14644.5385,68.6
2024-12-19,67.47,0.5625,0.44705,0.90425,87.0806,0.54225,0.81275,814.86565,4.09815,2.53295,4.37175,9050.626,19.4358,0.76565,18.26945,47.7886,33.1875,14318.4395,67.5
2024-12-20,67.53,0.56185,0.44985,0.90235,88.63745,0.5421,0.81015,814.7106,4.10105,2.53285,4.36515,9152.53775,19.45685,0.76475,18.3837,47.8043,33.107,14306.10875,67.5
2024-12-23,67.67,0.5646,0.44905,0.90365,88.42765,0.54125,0.8108,817.54085,4.12075,2.54125,4.38835,9143.4156,19.34175,0.76495,18.4571,48.00445,33.0884,14371.895,67.7
2024-12-24,67.7,0.56425,0.45035,0.9042,88.75935,0.5425,0.81155,820.0528,4.11835,2.5332,4.3841,9126.745,19.31285,0.76575,18.4541,48.0314,32.98045,14360.165,67.7
2024-12-27,67.54,0.5622,0.44875,0.9035,88.7798,0.53965,0.8101,829.24505,4.10335,2.5108,4.3665,9102.019,19.2019,0.76395,18.39405,47.9353,32.46705,14299.559,67.5
2024-12-30,67.73,0.5641,0.4484,0.90585,89.09115,0.54095,0.81245,829.5091,4.11755,2.52095,4.38015,9158.1645,19.2175,0.7659,18.4554,48.25245,32.6304,14359.1675,67.7
2024-12-31,67.73,0.564,0.4495,0.90695,88.3901,0.54215,0.80975,830.29265,4.1168,2.51545,4.37805,9100.141,19.22955,0.76665,18.46845,48.24105,32.6246,14368.1863,67.7
2025-01-03,67.5,0.56065,0.4526,0.9017,88.1286,0.54585,0.80695,821.6326,4.09235,2.51455,4.36005,9079.44755,19.26675,0.76685,18.4364,48.07925,32.57935,14272.74925,67.5
2025-01-06,67.76,0.5627,0.4527,0.903,88.65905,0.5461,0.81215,829.026,4.1133,2.5341,4.37695,9110.114,19.43285,0.77095,18.5128,48.2691,32.8026,14306.6525,67.8
2025-01-07,67.88,0.5646,0.4512,0.9033,89.2576,0.54375,0.8096,823.10215,4.13825,2.54635,4.3896,9143.698,19.5295,0.77005,18.5697,48.4575,32.82865,14329.552,67.9
2025-01-08,67.77,0.5631,0.45125,0.9048,89.0543,0.54425,0.80815,819.2542,4.1263,2.53395,4.3784,9082.804,19.4734,0.76865000000000006,18.4325,48.26895,32.84285,14281.62825,67.8
2025-01-09,67.53,0.55995,0.4531,0.90265,88.6177,0.54295,0.80515,816.49115,4.1053,2.5276,4.3561,9068.3915,19.4009,0.76645,18.4159,48.0773,32.81585,14209.2967,67.5
2025-01-10,67.47,0.55925,0.4548,0.90325,88.3671,0.54325,0.80525,815.4425,4.1004,2.513,4.3517,9059.85125,19.3165,0.7654,18.4287,48.02245,32.6742,14195.16375,67.5
2025-01-13,67.32,0.55655,0.456,0.90415,87.8208,0.5433,0.80265,818.23985,4.08095,2.51255,4.3341,9007.763,19.329,0.76315,18.36225,47.8459,32.60825,14119.676,67.3
2025-01-14,67.65,0.5598,0.45855,0.90535,88.1713,0.54635,0.80505,820.38695,4.10415,2.5208,4.3572,9110.746,19.42645,0.76685,18.54535,48.47095,32.7791,14218.922,67.6
2025-01-15,67.63,0.56,0.45885,0.90575,88.4688,0.54355,0.8039,818.21605,4.10495,2.52085,4.3606,9108.401,19.4432,0.7657,18.51245,48.517,32.83,14214.2041,67.6
2025-01-16,67.8,0.56305,0.4598,0.9029,87.91745,0.5467,0.80675,816.7885,4.1282,2.5318,4.38375,9188.97725,19.4407,0.7692,18.6229,48.63135,32.89335,14289.0879,67.8
2025-01-17,67.59,0.56095,0.45845,0.9032,87.06225,0.54435,0.80765,815.397,4.11265,2.52475,4.3689,9177.14325,19.3752,0.76625,18.4704,48.54985,32.84365,14235.5105,67.6
2025-01-20,67.47,0.55945,0.45915,0.9021,87.2798,0.5439,0.80915,815.2586,4.0998,2.522,4.3553,9155.4005,19.27305,0.76495,18.4202,48.45395,32.739,14168.0775,67.5
2025-01-21,67.71,0.5632,0.45945,0.90555,87.87325,0.54345,0.81495,812.2753,4.1204,2.5147,4.38345,9213.953,19.2678,0.76645,18.4707,48.75415,32.8712,14261.6335,67.7
2025-01-22,67.8,0.56665,0.4588,0.9033,88.0801,0.5437,0.81165,811.3296,4.1249,2.52835,4.41235,9256.229,19.208,0.7662,18.56175,49.0655,33.1037,14324.917,67.8
2025-01-23,67.81,0.56645,0.4599,0.90265,88.5843,0.54405,0.81495,813.5639,4.1236,2.5159,4.4105,9224.6395,19.18425,0.76755,18.5575,48.9002,33.1798,14229.23025,67.8
2025-01-24,67.9,0.5673,0.45915,0.903,88.635,0.5445,0.8156,814.89815,4.13435,2.5214,4.41945,9235.645,19.26835,0.7692,18.58845,49.053,33.2438,14210.867,67.9
2025-01-27,67.86,0.56935,0.457,0.9044,88.514,0.54355,0.81845,814.8538,4.1223,2.498,4.4343,9207.8135,19.143,0.7671,18.6337,49.0808,33.22155,14278.16555,67.9
2025-01-28,67.67,0.56655,0.4548,0.9042,87.9087,0.5424,0.8154,810.84645,4.1157,2.4872,4.413,9162.5305,19.18195,0.76465,18.54205,48.91665,33.12475,14207.94715,67.7
2025-01-29,67.73,0.56625,0.45525,0.90825,88.11985,0.5428,0.81565,810.4171,4.11355,2.48755,4.41115,9157.67875,19.1449,0.76535,18.53225,48.9983,33.0888,14200.42375,67.7
2025-01-30,67.69,0.56625,0.45465,0.9077,87.61305,0.54315,0.81585,810.4171,4.11355,2.48755,4.4127,9157.67875,19.1081,0.764,18.53225,49.0093,33.069,14201.555,67.7
2025-01-31,67.43,0.56275,0.4532,0.9067,86.8464,0.5418,0.8159,818.12605,4.0881,2.4778,4.3853,9150.31625,18.9506,0.76205,18.41765,48.7475,32.8871,14113.775,67.4
2025-02-03,66.93,0.55445,0.4517,0.90635,86.3334,0.542,0.81775,815.67925,4.02785,2.4967,4.3216,9037.53625,18.8818,0.75915,18.146,48.02435,32.5185,13905.611,66.9
2025-02-04,67.48,0.5619,0.45235,0.9047,87.2659,0.54455,0.8116,819.5874,4.08195,2.50385,4.37865,9234.8275,19.0428,0.7644,18.5553,48.99415,32.86555,14216.074,67.5
2025-02-05,67.66,0.56555,0.45305,0.9044,86.99575,0.5449,0.8101,820.5849,4.1085,2.5068,4.4032,9243.916,19.0322,0.76455,18.6852,49.2474,32.8387,14240.554,67.7
2025-02-07,67.85,0.56765,0.45685,0.9035,85.85425,0.547,0.8127,821.84375,4.13825,2.5161,4.4199,9269.72575,19.17095,0.76675,18.6419,49.71905,32.9521,14344.518,67.9
2025-02-10,67.67,0.565,0.45595,0.9019,85.81505,0.548,0.8098,821.34055,4.1182,2.5185,4.4013,9195.376,19.12665,0.7661,18.508,49.40005,32.81235,14300.154,67.7
2025-02-11,67.55,0.5636,0.45595,0.89855,85.5686,0.54695,0.8078,818.8263,4.11875,2.5193,4.3897,9212.043,19.13985,0.76395,18.51115,49.30515,32.7818,14309.806,67.6
2025-02-12,67.76,0.56585,0.4547,0.8991,86.6854,0.54635,0.80875,822.71765,4.1341,2.5299,4.40965,9265.795,19.2743,0.766,18.58165,49.13345,32.93245,14445.30785,67.8
2025-02-13,67.59,0.56405,0.45325,0.8982,87.157,0.5429,0.80655,820.2698,4.12265,2.5227,4.393,9230.6795,19.18755,0.7633,18.53215,49.0089,32.8672,14419.942,67.6
2025-02-14,67.75,0.56805,0.45225,0.89945,86.6816,0.543,0.8063,819.92345,4.1428,2.52325,4.423,9290.459,19.11345,0.7632,18.6485,49.3671,32.8929,14465.3995,67.8
2025-02-17,68.2,0.5735,0.45565,0.90235,87.0946,0.54655,0.8128,827.18775,4.1665,2.5403,4.4644,9325.111,19.3714,0.76825,18.82745,49.79845,33.1483,14561.169,68.2
2025-02-18,68.08,0.57235,0.4539,0.9017,86.8226,0.5464,0.81245,826.33035,4.15505,2.54005,4.4539,9280.6565,19.3054,0.7683,18.71555,49.7236,33.26785,14584.912,68.1
2025-02-19,67.88,0.57005,0.4517,0.89795,86.69325,0.5457,0.8092,822.1263,4.1496,2.5353,4.4329,9277.5665,19.19505,0.76535,18.6939,49.5723,33.1427,14546.8344,67.9
2025-02-20,67.96,0.57085,0.4533,0.8987,86.16985,0.54735,0.81215,821.88135,4.1589,2.5346,4.4395,9323.40825,19.22625,0.7658,18.71075,49.64185,33.1036,14568.09575,68
2025-02-21,68.33,0.57625,0.4552,0.9006,86.3511,0.5493,0.81715,826.9188,4.1854,2.54645,4.48055,9410.16375,19.3289,0.7687,18.89635,49.94,33.33895,14704.75375,68.3
2025-02-24,68.22,0.5753,0.45425,0.90305,85.7427,0.5475,0.817,824.86525,4.17295,2.5382,4.46965,9380.2675,19.30275,0.7676,18.8391,49.88425,33.33865,14684.5375,68.2
2025-02-25,68.01,0.57255,0.4537,0.903,85.97125,0.54715,0.81705,819.7199,4.14985,2.53065,4.4519,9318.2525,19.19335,0.7669,18.74985,49.6476,33.1535,14586.85685,68
2025-02-26,67.98,0.57255,0.4517,0.90265,85.2699,0.54425,0.81895,819.00425,4.15895,2.5255,4.4498,9358.331,19.33215,0.7649,18.78135,49.92925,33.12775,14620.068,68
2025-02-27,67.74,0.5694,0.44965,0.9037,84.91745,0.5435,0.8171,817.94315,4.1305,2.5227,4.4256,9321.079,19.2201,0.76235,18.67545,49.6545,32.95685,14545.325,67.7
2025-02-28,67.24,0.56245,0.4461,0.9023,84.0075,0.5407,0.81185,817.2962,4.08975,2.51305,4.37345,9252.30375,19.1711,0.7579,18.4554,49.04565,32.60805,14359.63535,67.2
2025-03-03,67.15,0.56065,0.44485,0.90145,84.40585,0.5385,0.80965,820.17495,4.0833,2.4999,4.36025,9295.57825,19.18685,0.7564,18.3963,49.05895,32.5121,14327.417,67.2
2025-03-04,67.1,0.5611,0.44185,0.90275,83.69645,0.53495,0.813,818.1119,4.0921,2.5056,4.3638,9246.929,19.08445,0.75515,18.47395,49.0163,32.4821,14361.3585,67.1
2025-03-05,67.36,0.56535,0.4421,0.9035,84.746,0.5323,0.81485,823.1214,4.1154,2.51355,4.39495,9297.182,19.0594,0.75715,18.6226,49.3402,32.56985,14450.351,67.4
2025-03-06,67.75,0.57215,0.44375,0.9039,85.3419,0.5301,0.82115,825.69835,4.15245,2.5289,4.44625,9333.1975,19.23855,0.762,18.7731,49.75345,32.7556,14592.6895,67.8
2025-03-07,67.89,0.57355,0.4452,0.90645,84.8596,0.5316,0.82,829.75485,4.1544,2.54085,4.45775,9366.07275,19.37885,0.7645,18.84595,49.96625,32.89885,14631.26675,67.9
2025-03-10,67.6,0.5718,0.4419,0.90585,84.2147,0.5262,0.8212,826.56555,4.1396,2.5202,4.4436,9317.482,19.2668,0.75955,18.78535,49.67945,32.76415,14583.764,67.6
2025-03-11,67.49,0.56915,0.44165,0.90665,83.51705,0.52445,0.8213,829.70695,4.1347,2.51905,4.4209,9299.91225,19.3013,0.75835,18.7222,49.7046,32.70905,14530.40325,67.5
2025-03-12,67.58,0.571,0.4414,0.90715,84.5651,0.5234,0.8239,830.5481,4.12895,2.5238,4.4371,9367.256,19.27695,0.76025,18.7865,49.8026,32.724,14551.936,67.6
2025-03-13,67.88,0.57385,0.44255,0.9068,84.9958,0.5269,0.8242,831.85305,4.15695,2.54355,4.4584,9436.9645,19.38605,0.76425,18.9078,50.0451,32.9275,14610.22475,67.9
2025-03-14,67.58,0.57015,0.4404,0.90715,84.54755,0.5255,0.82285,829.73935,4.12955,2.5346,4.43135,9364.715,19.19695,0.7618,18.8007,49.60945,32.7067,14544.5315,67.6
2025-03-17,68.02,0.57515,0.44485,0.9087,85.57945,0.52865,0.8265,833.96755,4.15785,2.55395,4.4699,9403.70375,19.3466,0.76685,18.9713,50.04455,32.91295,14674.956,68
2025-03-18,68.75,0.58235,0.44855,0.91265,87.0351,0.5335,0.83245,840.2438,4.2153,2.58855,4.5248,9550.54125,19.55675,0.7747,19.2228,50.54875,33.33375,14867.4005,68.7
2025-03-19,68.68,0.58165,0.44755,0.9143,87.0294,0.5319,0.83175,843.88695,4.20085,2.58105,4.5192,9553.6025,19.55945,0.77435,19.1971,50.34475,33.31115,14846.62,68.7
2025-03-20,68.58,0.58035,0.44615,0.915,86.0601,0.5318,0.8313,845.59905,4.19935,2.56745,4.50905,9590.285,19.4838,0.77175,19.17245,50.164,33.1902,14818.37285,68.6
2025-03-21,68.29,0.5763,0.44455,0.9144,85.87155,0.531,0.8253,846.4119,4.1715,2.54525,4.47925,9494.5435,19.46305,0.76955,19.00755,49.7801,32.98455,14730.231,68.3
2025-03-24,68.18,0.57465,0.4443,0.9132,86.06245,0.5303,0.82365,842.23585,4.16625,2.5408,4.4667,9481.72625,19.4907,0.7673,18.9566,49.40695,32.95475,14713.91825,68.2
2025-03-25,67.99,0.5722,0.44295,0.91035,86.3593,0.52975,0.8193,840.4474,4.14915,2.53945,4.4484,9472.772,19.44625,0.76635,18.9112,49.0025,32.81855,14671.212,68
2025-03-26,67.98,0.57225,0.44245,0.90985,85.93195,0.5306,0.81755,839.4622,4.15645,2.53365,4.44935,9496.49,19.37065,0.7653,18.9283,49.0776,32.9673,14661.05,68
2025-03-27,68.07,0.57265,0.44425,0.91,86.1523,0.53235,0.8181,841.10835,4.1594,2.53885,4.4527,9494.53825,19.4615,0.76735,18.9527,49.0847,32.99035,14642.66425,68.1
2025-03-28,68.06,0.5729,0.4424,0.91,86.47065,0.53065,0.8199,839.6996,4.1623,2.5394,4.45495,9487.225,19.40985,0.76755,18.9747,49.14765,32.8558,14651.9225,68.1
2025-03-31,67.79,0.57095,0.44055,0.9079,85.24,0.52675,0.8169,839.7533,4.1471,2.5336,4.4411,9454.93325,19.3852,0.76525,18.92155,48.8005,32.7269,14600.6195,67.8
2025-04-01,67.45,0.5671,0.43875,0.9086,84.89775,0.52385,0.8162,836.67105,4.11245,2.5165,4.412,9391.177,19.263,0.76145,18.82915,48.47145,32.4523,14488.8383,67.5
2025-04-02,67.86,0.5705,0.44185,0.9091,85.46375,0.5287,0.81615,839.6049,4.1467,2.53985,4.4391,9447.481,19.5168,0.76715,18.95315,48.76205,32.6298,14624.7705,67.9
2025-04-03,68.11,0.5734,0.4397,0.91475,84.80015,0.52655,0.8173,842.32465,4.1696,2.5688,4.4634,9495.505,19.7278,0.77165,19.0125,49.03215,32.82715,14703.6968,68.1
2025-04-04,68.45,0.5792,0.44205,0.9157,84.5487,0.52365,0.81455,835.14855,4.23045,2.56585,4.5046,9591.553,19.7942,0.7727,19.20485,49.4919,32.99415,14940.465,68.4
2025-04-07,66.75,0.5575,0.43265,0.92725,81.5065,0.50835,0.7934,818.8561,4.07545,2.4926,4.3324,9232.201,19.0693,0.75165,18.514,47.52305,31.9057,14383.504,66.7
2025-04-08,66.82,0.557,0.43595,0.92575,82.18815,0.50815,0.79005,818.56725,4.0854,2.4995,4.32835,9223.921,19.26175,0.75215,18.38905,47.815,31.90775,14440.23,66.8
2025-04-09,66.47,0.55355,0.4314,0.92345,80.5803,0.5023,0.78665,820.63795,4.0674,2.4871,4.2992,9368.8475,19.3002,0.74725,18.30345,47.75265,31.724,14458.7425,66.5
2025-04-10,67.29,0.5633,0.439,0.91905,82.76005,0.51335,0.7945,821.2633,4.13955,2.5233,4.3715,9500.0555,19.28595,0.75695,18.5103,48.8353,32.2264,14554.26445,67.3
2025-04-11,68.31,0.5779,0.4442,0.9264,82.94025,0.51105,0.8051,838.64855,4.22845,2.5659,4.483,9707.27875,19.5157,0.7673,18.969,50.10105,33.0443,14847.69765,68.3
2025-04-14,68.7,0.58395,0.4455,0.92755,83.32385,0.5129,0.80945,835.92445,4.26235,2.5869,4.52965,9803.06375,19.62215,0.76935,19.54595,50.25035,33.31875,15058.613,68.7
2025-04-15,69.25,0.5892,0.4471,0.9303,84.4854,0.52025,0.8183,839.8752,4.30875,2.59335,4.5714,9889.723,19.7986,0.77565,19.13165,50.70215,33.6198,15250.8538,69.3
2025-04-16,69.32,0.5901,0.44535,0.9295,84.2663,0.5211,0.82315,843.04645,4.3207,2.6065,4.57745,9922.534,19.7005,0.7768,19.1812,50.61365,33.3938,15235.7929,69.3
2025-04-17,69.36,0.59135,0.44745,0.9297,84.38865,0.5202,0.82065,840.72235,4.32375,2.6096,4.59035,9952.42175,19.6476,0.77695,19.239,50.6691,33.5709,15301.185,69.4
2025-04-22,70.02,0.5996,0.44825,0.93445,84.45665,0.52165,0.82955,855.3894,4.38245,2.62625,4.6531,10097.266,19.91575,0.7828,19.469,51.0462,34.0333,15529.644,70
2025-04-23,70,0.5979,0.44915,0.9347,84.7703,0.52415,0.8268,854.1899,4.3694,2.63525,4.6384,10080.596,20.0214,0.78385,19.4425,50.93735,33.8322,15548.3907,70
2025-04-24,69.78,0.5948,0.44775,0.93605,84.91365,0.52405,0.825,850.6235,4.34015,2.61325,4.615,10034.277,19.9169,0.78165,19.3494,50.81225,33.59905,15490.6751,69.8
2025-04-28,69.77,0.59475,0.44765,0.9321,85.48935,0.524,0.8257,856.4698,4.3399,2.6029,4.61405,10012.6175,20.0386,0.78275,19.3368,50.81615,33.4785,15466.4775,69.8
2025-04-29,69.71,0.59655,0.44445,0.9275,84.94875,0.5237,0.8255,859.44965,4.34655,2.58785,4.6278,10028.00675,19.89495,0.7815,19.3011,50.7254,33.5798,15510.305,69.7
2025-04-30,69.32,0.59295,0.4428,0.92685,84.4954,0.522,0.82065,849.51955,4.31355,2.56305,4.6007,9911.1605,19.84015,0.77605,19.0447,50.5527,33.2052,15419.671,69.3
2025-05-01,69.35,0.59355,0.44605,0.9262,84.99635,0.52505,0.81865,843.7314,4.31085,2.56115,4.60385,9852.93125,19.82755,0.77635,18.9835,50.1453,33.15275,15435.274,69.3
2025-05-02,69.31,0.59235,0.44575,0.9243,86.13065,0.52445,0.81955,849.22260000000006,4.3021,2.55835,4.59455,9835.973,19.8467,0.7756,18.7713,50.04395,33.0887,15404.068,69.3
2025-05-05,69.47,0.59765,0.4497,0.92415,86.20205,0.52725,0.82505,840.3559,4.3406,2.51525,4.63205,9822.379,19.7553,0.77275,17.69795,50.51635,33.14565,15530.83235,69.5
2025-05-06,69.23,0.5952,0.4484,0.923,85.7326,0.52705,0.8236,836.9109,4.30815,2.52065,4.6131,9802.946,19.6193,0.77075,17.88575,50.15865,33.2241,15459.4281,69.2
2025-05-07,69.61,0.6007,0.44995,0.9248,85.8881,0.52955,0.82805,836.4748,4.33785,2.54485,4.65715,9893.531,19.69095,0.77555,18.15615,50.7205,33.2097,15592.67215,69.6
2025-05-08,69.28,0.5963,0.44685,0.92315,85.5631,0.52615,0.8239,833.44855,4.315,2.54385,4.6299,9871.7475,19.5512,0.77135,18.06495,50.5845,33.14535,15482.63245,69.3
2025-05-09,68.82,0.5886,0.44505,0.9216,85.80905,0.525,0.8202,831.3387,4.26525,2.5439,4.5754,9738.389,19.50915,0.76605,17.8505,50.45185,32.8071,15294.772,68.8
2025-05-12,69.08,0.5924,0.4461,0.92225,86.5141,0.52765,0.8256,829.8636,4.28205,2.54555,4.60735,9783.487,19.56105,0.76935,17.9263,50.58355,32.8634,15382.8526,69.1
2025-05-13,68.52,0.58565,0.44415,0.919,86.57955,0.5273,0.81875,825.2688,4.21,2.5379,4.5626,9672.011,19.5666,0.76355,17.75165,50.0072,32.61485,15199.96135,68.5
2025-05-14,69.28,0.59445,0.44665,0.9166,87.50305,0.5313,0.82835,840.10655,4.28805,2.56145,4.63775,9850.0415,19.80855,0.77395,18.02995,50.73,33.13165,15431.923,69.3
2025-05-15,68.85,0.59055,0.44485,0.916,86.40045,0.5276,0.82485,828.3941,4.26125,2.53495,4.61155,9778.03475,19.7362,0.7674,17.82015,50.3621,32.9586,15304.39965,68.8
2025-05-16,68.39,0.5872,0.441,0.91645,85.25265,0.52415,0.8193,819.76065,4.2273,2.5053,4.5851,9662.377,19.44515,0.76095,17.67915,50.2313,32.64245,15227.5647,68.4
2025-05-19,68.71,0.5891,0.44305,0.91975,85.49905,0.52705,0.823,824.29825,4.24955,2.5396,4.6066,9703.95125,19.5802,0.76505,17.75165,50.38135,32.8688,15278.3097,68.7
2025-05-20,68.91,0.5921,0.44325,0.91905,85.7953,0.52685,0.8269,824.88415,4.2762,2.53895,4.6321,9722.284,19.65475,0.76685,17.86545,50.56535,32.97255,15367.9595,68.9
2025-05-21,68.97,0.5936,0.4427,0.9225,85.61195,0.52535,0.8255,823.59035,4.2812,2.53915,4.6471,9740.978,19.4775,0.76785,17.876,50.8344,33.0101,15416.6829,69
2025-05-22,68.71,0.59255,0.44135,0.9216,84.9391,0.5226,0.821,816.0303,4.26445,2.51835,4.63685,9667.4545,19.33045,0.7639,17.7848,50.7486,32.96205,15385.56175,68.7
2025-05-23,68.59,0.59115,0.43985,0.9196,84.8921,0.5225,0.81795,813.89545,4.2573,2.51535,4.6287,9647.5705,19.3927,0.7629,17.7422,50.8515,32.8857,15353.34855,68.6
2025-05-26,69.38,0.60255,0.44355,0.9226,85.76695,0.5279,0.82525,821.00455,4.32045,2.53165,4.7205,9744.7405,19.5437,0.772,18.0211,51.3478,33.2306,15633.76705,69.4
2025-05-27,69.2,0.5995,0.44165,0.9245,85.29985,0.52605,0.82335,820.4158,4.30995,2.5203,4.6988,9738.8805,19.5257,0.7695,17.88635,51.0111,33.19135,15540.2396,69.2
2025-05-28,68.84,0.5935,0.43985,0.92295,85.66875,0.5244,0.8205,816.122,4.274,2.5233,4.65305,9668.12,19.4208,0.7654,17.75725,50.65335,33.0105,15387.3785,68.8
2025-05-29,69.04,0.59395,0.44175,0.9256,86.59195,0.52785,0.82255,821.04685,4.2779,2.52075,4.6545,9675.44675,19.4964,0.7682,17.81375,50.6981,33.04145,15460.51925,69
2025-05-30,69.11,0.59655,0.44245,0.92805,85.84055,0.5254,0.82435,820.43525,4.2855,2.52345,4.6769,9717.80075,19.4177,0.7681,17.8777,51.0058,33.16225,15506.12465,69.1
2025-06-03,69.84,0.60395,0.44625,0.93195,86.47355,0.52855,0.82895,829.46505,4.3487,2.56135,4.7373,9826.269,19.82615,0.7771,18.1043,51.56675,33.64605,15743.46775,69.8
2025-06-04,69.47,0.6006,0.44365,0.9278,86.33025,0.52745,0.82345,824.9842,4.315,2.54775,4.7116,9794.286,19.56525,0.774,18.0126,51.40685,33.48855,15651.637,69.5
2025-06-05,69.62,0.6033,0.44535,0.9283,86.22665,0.5284,0.82525,818.3765,4.33275,2.55765,4.73335,9814.18525,19.64045,0.77575,18.01695,51.825,33.55375,15743.1145,69.6
2025-06-06,69.72,0.60415,0.44505,0.929,86.8043,0.528,0.82565,820.97945,4.33875,2.55615,4.7401,9832.5425,19.73305,0.7773,18.0762,51.8406,33.6119,15750.19075,69.7
2025-06-09,69.67,0.6034,0.4452,0.92645,87.20035,0.52855,0.8255,819.2664,4.3354,2.55665,4.7353,9820.336,19.7553,0.77695,18.0721,51.67815,33.6809,15745.1202,69.7
2025-06-10,69.68,0.60305,0.44575,0.9268,87.54175,0.5294,0.82705,819.6355,4.3326,2.5527,4.7327,9817.6565,19.7484,0.7768,18.0466,51.64865,33.62305,15704.934,69.7
2025-06-11,69.76,0.60345,0.44775,0.928,87.5123,0.52895,0.82545,827.33,4.33645,2.55835,4.7364,9818.13275,19.70715,0.7769,18.045,51.66815,33.7087,15692.721,69.8
2025-06-12,69.48,0.60215,0.44335,0.9275,86.68555,0.5228,0.823,824.5918,4.32775,2.5468,4.7262,9781.928,19.55785,0.7726,17.94045,51.4936,33.6602,15667.948,69.5
2025-06-13,69.49,0.6028,0.4444,0.93005,86.3149,0.522,0.82155,822.18915,4.32515,2.55225,4.73125,9815.0925,19.5458,0.77185,17.7886,51.60045,33.6875,15705.958,69.5
2025-06-16,69.46,0.6017,0.44415,0.9283,86.8554,0.5217,0.81805,821.07995,4.3234,2.5545,4.72305,9812.2265,19.54245,0.772,17.8133,51.80185,33.9389,15695.347,69.5
2025-06-17,69.84,0.60595,0.4466,0.9289,87.7961,0.5244,0.82275,825.6069,4.3511,2.56895,4.7564,9876.98625,19.67215,0.77675,17.8849,52.1473,34.2483,15794.0905,69.8
2025-06-18,69.65,0.60245,0.44835,0.9289,87.45765,0.524,0.8237,826.9832,4.3292,2.5589,4.72915,9825.962,19.6489,0.77445,17.79065,51.9572,34.20715,15718.82455,69.6
2025-06-19,69.44,0.5996,0.4476,0.9248,87.02295,0.52345,0.8223,830.59595,4.31195,2.55335,4.7067,9812.455,19.6639,0.77225,17.7203,51.85455,34.35105,15661.8525,69.4
2025-06-23,69.01,0.5946,0.443,0.9252,87.20405,0.51735,0.8182,821.8562,4.27365,2.54485,4.6675,9784.146,19.5921,0.76705,17.6272,51.48865,34.246,15538.6826,69
2025-06-24,69.25,0.5995,0.4427,0.9251,87.3232,0.5172,0.82305,819.3667,4.30115,2.55145,4.70605,9825.806,19.63815,0.76985,17.7314,52.0059,34.1415,15685.9185,69.2
2025-06-25,69.42,0.60275,0.44225,0.92695,87.19985,0.5183,0.82725,819.20855,4.3218,2.55115,4.73155,9797.7025,19.63455,0.77045,17.72385,51.8229,34.1669,15758.9,69.4
2025-06-26,69.5,0.60435,0.44135,0.9267,87.46155,0.5171,0.82865,821.6441,4.3321,2.5546,4.7433,9835.7975,19.65045,0.7712,17.66725,52.02845,34.2455,15778.37055,69.5
2025-06-27,69.67,0.607,0.4419,0.9255,87.5962,0.51875,0.82785,822.6368,4.3521,2.567,4.7646,9835.829,19.74725,0.7734,17.61025,52.0222,34.3805,15839.9694,69.7
2025-06-30,69.67,0.6068,0.44225,0.9286,87.52785,0.5177,0.83095,823.33665,4.3477,2.5607,4.76325,9827.127,19.7483,0.7734,17.64635,51.8738,34.2463,15816.2442,69.7
2025-07-01,69.69,0.6081,0.443,0.9272,87.4448,0.5162,0.82805,823.5195,4.35395,2.54645,4.77355,9840.57975,19.7374,0.77375,17.78995,52.15065,34.16915,15879.01175,69.7
2025-07-02,69.87,0.6094,0.4436,0.92775,87.56165,0.51675,0.8318,830.856,4.36715,2.5686,4.78365,9881.423,19.804,0.77625,17.7756,52.12045,34.3549,15932.764,69.9
2025-07-03,69.68,0.6082,0.4456,0.92490000000000006,87.3132,0.51525,0.8262,825.2666,4.35695,2.56815,4.77435,9861.964,19.68665,0.7742,17.5715,52.1296,34.23555,15948.5262,69.7
2025-07-04,69.63,0.60665,0.44445,0.92395,87.82475,0.5159,0.82375,828.50195,4.3487,2.56855,4.76155,9839.8655,19.70855,0.7738,17.47725,51.75785,34.2939,15907.88025,69.6
2025-07-07,69.32,0.60335,0.44255,0.9242,87.2082,0.5125,0.82145,825.3842,4.32515,2.55125,4.7362,9786.3395,19.5923,0.76945,17.4875,51.5208,34.12245,15776.09575,69.3
2025-07-08,69.18,0.6008,0.44095,0.92325,87.864,0.51185,0.82075,822.9759,4.31,2.54795,4.71625,9778.021,19.54255,0.76835,17.46555,51.5854,33.9572,15695.9006,69.2
2025-07-09,69.11,0.59995,0.4416,0.91855,88.1207,0.51185,0.82035,823.96995,4.3075,2.55245,4.70955,9744.68925,19.56285,0.76835,17.4528,51.41645,33.9317,15685.6955,69.1
2025-07-10,69.12,0.6007,0.4414,0.91795,87.6271,0.5116,0.8218,825.27175,4.31105,2.55205,4.71545,9747.85975,19.6414,0.76845,17.53145,51.46795,33.9005,15697.19235,69.1
2025-07-11,69.39,0.6031,0.4448,0.9159,88.5049,0.5165,0.8258,828.71975,4.3276,2.56585,4.73415,9788.315,19.67615,0.77255,17.63855,51.6559,34.05705,15730.35625,69.4
2025-07-14,68.94,0.59875,0.44385,0.912,88.0971,0.51245,0.8198,825.76615,4.29355,2.54765,4.7001,9711.7275,19.4025,0.76695,17.4952,51.37465,33.87575,15638.1545,68.9
2025-07-15,68.97,0.59825,0.44535,0.9133,88.41835,0.51265,0.8195,826.21325,4.2893,2.54585,4.6962,9730.54,19.42665,0.7672,17.5365,51.442,33.9537,15637.957,69
2025-07-16,68.79,0.5954,0.4444,0.912,88.6104,0.51265,0.8165,825.7603,4.27435,2.53045,4.6738,9681.205,19.3743,0.76495,17.45025,51.09575,33.93925,15570.9022,68.8
2025-07-17,68.62,0.5935,0.44275,0.9137,88.02795,0.51045,0.8134,824.49025,4.2592,2.52205,4.6589,9674.051,19.2724,0.7626,17.46705,51.0091,33.80875,15520.32385,68.6
2025-07-18,68.87,0.5957,0.44335,0.91575,88.46145,0.51215,0.8184,828.5294,4.2778,2.52845,4.67565,9712.8895,19.3096,0.76525,17.49895,51.2779,34.04125,15576.06625,68.9
2025-07-21,68.72,0.59435,0.44315,0.9136,88.2729,0.51165,0.81605,827.4541,4.2656,2.51915,4.66495,9702.765,19.2785,0.76385,17.48875,51.2077,33.94035,15541.65915,68.7
2025-07-22,68.75,0.59595,0.4421,0.9144,87.95325,0.50985,0.81585,825.51,4.2739,2.52235,4.6781,9718.4565,19.2298,0.7636,17.4998,51.43045,33.99,15580.2192,68.7
2025-07-23,69.1,0.60065,0.44415,0.9154,88.04325,0.51175,0.81685,827.6357,4.3062,2.53865,4.715,9772.57675,19.3334,0.768,17.64345,51.8774,34.186,15694.985,69.1
2025-07-24,69.39,0.60505,0.44545,0.9157,88.31915,0.5138,0.82305,828.85805,4.32805,2.5536,4.7495,9841.14075,19.4471,0.77165,17.71645,52.2873,34.32145,15816.6123,69.4
2025-07-25,69.29,0.6027,0.4464,0.91505,88.8169,0.51325,0.8226,829.22335,4.3148,2.5446,4.731,9840.58675,19.44985,0.77075,17.7432,52.0793,34.2605,15745.23665,69.3
2025-07-28,69.24,0.60135,0.44755,0.9154,88.9276,0.5117,0.82395,830.52455,4.3103,2.5383,4.72025,9820.048,19.4717,0.77035,17.7188,52.02955,34.28895,15727.1083,69.2
2025-07-29,69.04,0.5969,0.4471,0.9153,88.69335,0.515,0.82,831.0341,4.285,2.52725,4.6855,9781.70025,19.3784,0.768,17.6682,51.72885,34.17045,15663.55205,69
2025-07-30,68.98,0.5966,0.4466,0.91545,88.38035,0.51585,0.82125,824.74045,4.28045,2.5251,4.68315,9764.852,19.31795,0.7671,17.71635,51.79685,34.12255,15651.2052,69
2025-07-31,68.67,0.59065,0.44555,0.9155,87.9921,0.5169,0.81685,820.50155,4.2472,2.51235,4.63645,9710.28725,19.3054,0.7641,17.6566,51.6398,34.29315,15477.9845,68.7
2025-08-01,68.57,0.5878,0.44545,0.9141,88.7078,0.51525,0.8146,822.8319,4.2376,2.5181,4.6142,9704.58,19.3004,0.76385,17.65425,51.49055,34.4069,15397.4218,68.6
2025-08-04,68.6,0.5921,0.44595,0.9134,87.49165,0.5116,0.8159,819.55525,4.2553,2.5102,4.6479,9717.84175,19.221800000000002,0.7626,17.6869,51.8339,34.0635,15501.7709,68.6
2025-08-05,68.41,0.5905,0.44435,0.91345,86.86255,0.51065,0.8136,818.2854,4.23855,2.4993,4.63535,9669.4385,19.1012,0.76035,17.66955,51.7647,33.84155,15456.9288,68.4
2025-08-06,68.51,0.59115,0.44455,0.9125,87.3158,0.51105,0.81435,821.1665,4.2501,2.49995,4.64045,9691.0184,19.1444,0.7615,17.69785,51.903,34.1478,15523.60025,68.5
2025-08-07,68.66,0.59405,0.44475,0.91245,87.6194,0.50955,0.8162,822.8781,4.2659,2.50925,4.66275,9694.89725,19.20415,0.7635,17.7425,52.1205,34.0064,15574.5065,68.7
2025-08-08,68.85,0.59595,0.4435,0.9145,87.76855,0.5112,0.8192,826.5231,4.281,2.52325,4.678,9722.9255,19.279,0.7651,17.78615,52.2693,34.0168,15619.85075,68.9
2025-08-11,68.78,0.5954,0.4426,0.91285,87.89295,0.51045,0.8189,825.99845,4.2771,2.52655,4.6738,9678.228,19.24925,0.76485,17.79385,52.1935,33.94375,15611.686600000001,68.8
2025-08-12,68.73,0.59425,0.44245,0.9119,88.1184,0.5114,0.8187,825.74015,4.27105,2.51635,4.6648,9677.3625,19.21215,0.76445,17.77995,52.0942,33.9911,15594.90325,68.7
2025-08-13,68.69,0.59465,0.4405,0.912,88.04685,0.5092,0.81945,823.8579,4.27145,2.51095,4.6679,9669.0115,19.254,0.7632,17.82045,52.1575,33.88615,15615.5095,68.7
2025-08-14,68.9,0.59875,0.44085,0.912,87.7229,0.51115,0.8232,827.1732,4.2923,2.50665,4.69955,9650.355,19.3142,0.76585,17.9095,52.3644,33.95215,15733.65375,68.9
2025-08-15,68.42,0.5922,0.4374,0.9114,87.2281,0.50815,0.8178,818.4205,4.25165,2.4976,4.64425,9569.954,19.20505,0.76035,17.79325,51.8553,33.83235,15552.653,68.4
2025-08-18,68.52,0.5937,0.4379,0.9105,87.4728,0.50725,0.81955,822.2152,4.26355,2.5054,4.6498,9594.193,19.2626,0.76125,17.8229,51.9866,33.86615,15597.6868,68.5
2025-08-19,68.51,0.59225,0.43885,0.9128,87.49605,0.50835,0.81815,823.0795,4.256,2.50345,4.6235,9606.3,19.2659,0.76105,17.8104,51.7338,33.8175,15580.6175,68.5
2025-08-20,67.97,0.58635,0.43525,0.91,86.4984,0.50435,0.81365,820.03985,4.214,2.48055,4.5742,9561.9045,19.1135,0.7542,17.7107,50.989,33.6272,15433.90495,68
2025-08-21,67.57,0.58305,0.43325,0.9066,85.962,0.5006,0.8091,814.98735,4.18185,2.46135,4.55275,9487.683,18.98705,0.7495,17.72125,50.7698,33.2193,15386.6945,67.6
2025-08-22,67.55,0.58165,0.43375,0.9058,86.4012,0.50105,0.80925,813.43755,4.17855,2.46125,4.5446,9504.1635,19.00395,0.7499,17.836,50.7559,33.19625,15365.73925,67.6
2025-08-25,67.68,0.58545,0.43385,0.9044,86.3012,0.5006,0.81045,812.5461,4.19555,2.46065,4.5733,9513.56625,18.9891,0.75145,17.82405,51.2437,33.3443,15394.412,67.7
2025-08-26,67.52,0.584,0.43345,0.90165,86.03485,0.5016,0.8092,811.76,4.17745,2.4598,4.561,9501.681,18.94495,0.75015,17.78835,51.15405,33.1566,15379.9331,67.5
2025-08-27,67.7,0.5855,0.4347,0.9011,86.4315,0.5033,0.8099,816.97745,4.18635,2.4711,4.55905,9564.1435,19.03605,0.7531,17.8891,51.34105,33.40275,15449.88175,67.7
2025-08-28,67.65,0.58565,0.43365,0.8993,86.30135,0.5029,0.80705,814.08285,4.19005,2.4779,4.5604,9576.8435,18.96775,0.75255,17.8922,51.35415,33.4728,15447.1049,67.7
2025-08-29,67.89,0.58905,0.43635,0.9006,86.5815,0.5053,0.81,817.2186,4.19925,2.4802,4.5877,9638.33125,19.01455,0.7556,18.01345,51.6177,33.5611,15517.6408,67.9
2025-09-01,68.1,0.59055,0.43705,0.9029,86.97915,0.50495,0.81145,822.57715,4.2102,2.49505,4.6035,9738.17075,19.08955,0.75825,18.07645,52.1002,33.8415,15558.041,68.1
2025-09-02,67.97,0.5894,0.4354,0.9003,86.97485,0.5036,0.81045,820.71005,4.20805,2.4926,4.5968,9683.844,19.0199,0.75735,18.0604,51.9858,33.72695,15527.744,68
2025-09-03,67.74,0.58585,0.4382,0.8979,87.20965,0.5037,0.80775,816.4699,4.18345,2.47845,4.57635,9628.446,18.97275,0.75525,18.00345,51.65,33.66295,15436.56215,67.7
2025-09-04,67.91,0.58815,0.43775,0.8995,87.0609,0.5045,0.81165,818.4108,4.2005,2.48345,4.5869,9669.1885,18.9943,0.7577,18.04735,51.7976,33.6716,15510.9865,67.9
2025-09-05,67.71,0.58645,0.43595,0.89825,86.8738,0.50245,0.80975,815.57605,4.1852,2.4792,4.57385,9629.51025,18.90565,0.7552,17.9454,51.6985,33.37925,15470.5515,67.7
2025-09-08,67.97,0.59,0.43695,0.8984,87.3849,0.5036,0.81615,819.03805,4.2088,2.4898,4.60025,9664.202,18.9213,0.75795,17.99355,52.0719,33.512,15575.7055,68
2025-09-09,68.29,0.59455,0.43815,0.9009,87.53265,0.50485,0.82075,823.7753,4.2359,2.50155,4.63245,9693.5442,18.7967,0.7617,18.0669,52.4735,33.75705,15704.7416,68.3
2025-09-10,68.19,0.59275,0.43835,0.89935,87.3832,0.5066,0.8213,822.64815,4.2243,2.49695,4.6165,9762.595,18.84055,0.7607,18.00005,52.2294,33.8757,15637.04175,68.2
2025-09-11,68.31,0.59435,0.43935,0.89815,87.60425,0.5081,0.8242,825.01135,4.2324,2.50785,4.63005,9777.05875,18.8884,0.7622,17.97435,52.363,33.95375,15686.383,68.3
2025-09-12,68.52,0.59705,0.4404,0.89695,88.0231,0.50915,0.82675,829.4219,4.2511,2.51415,4.64855,9806.5475,18.925,0.76555,18.04555,52.8046,34.10945,15757.0457,68.5
2025-09-15,68.42,0.59615,0.43965,0.89525,87.9858,0.5083,0.82525,828.5591,4.2459,2.5068,4.63615,9779.8445,18.9427,0.76425,18.04995,52.6259,34.1415,15723.45675,68.4
2025-09-16,68.35,0.5964,0.4384,0.8941,87.8825,0.5068,0.8214,825.29835,4.2452,2.50785,4.6394,9767.5415,18.96105,0.76345,17.9782,52.60995,34.0723,15733.9269,68.3
2025-09-17,68.38,0.59795,0.43825,0.89505,87.6027,0.5043,0.82205,826.06795,4.2508,2.50545,4.6514,9821.33,18.9849,0.7631,17.9394,52.65475,33.9935,15759.27235,68.4
2025-09-18,67.86,0.5922,0.4349,0.8918,87.0741,0.5013,0.81615,819.06315,4.21085,2.4846,4.60605,9747.614,18.84235,0.75735,17.8181,52.00255,33.8013,15615.1298,67.9
2025-09-19,67.56,0.58775,0.4341,0.8902,87.0252,0.4991,0.81125,819.3236,4.18265,2.4721,4.57135,9736.0825,18.761,0.7543,17.7054,51.8006,33.6281,15509.84125,67.6
2025-09-22,67.35,0.58525,0.43455,0.8884,86.73115,0.49885,0.8074,815.5167,4.16435,2.4639,4.54785,9729.7875,18.6461,0.7523,17.7378,51.55835,33.4631,15442.99225,67.4
2025-09-23,67.36,0.58625,0.4335,0.889,86.54225,0.49615,0.81045,817.37915,4.1703,2.4614,4.5567,9725.89,18.631,0.7515,17.71205,51.77285,33.41625,15486.674,67.4
2025-09-24,67.36,0.58605,0.43375,0.8864,86.60065,0.49665,0.81125,817.24675,4.16945,2.4614,4.55635,9781.177,18.70965,0.7526,17.7515,52.01565,33.6642,15480.80415,67.4
2025-09-25,67.03,0.58145,0.43215,0.88265,86.4878,0.49505,0.80775,814.0591,4.1452,2.452,4.5227,9720.39475,18.6849,0.7488,17.686,51.57315,33.60345,15359.8743,67
2025-09-26,66.7,0.57625,0.43195,0.882,86.3424,0.49395,0.80355,813.09925,4.1124,2.43235,4.4853,9672.36,18.5797,0.7456,17.60245,51.0968,33.62705,15213.86475,66.7
2025-09-29,66.74,0.57785,0.43045,0.88135,86.21235,0.493,0.80485,811.93705,4.12255,2.43565,4.49595,9667.43175,18.60675,0.7458,17.64725,51.2654,33.52975,15258.9964,66.7
2025-09-30,66.69,0.57825,0.43065,0.87845,86.03495,0.49335,0.80495,810.5078,4.1172,2.437,4.5004,9639.42875,18.65145,0.7462,17.65945,51.32835,33.5616,15277.945,66.7
2025-10-01,66.75,0.57915,0.43085,0.87685,85.7808,0.49345,0.80655,815.73285,4.12265,2.4385,4.5069,9651.536,18.8137,0.7476,17.6513,51.422,33.7963,15306.93575,66.8
2025-10-02,66.97,0.58155,0.43175,0.8802,85.60705,0.49575,0.81095,816.06005,4.1397,2.444,4.5248,9656.639,18.87275,0.7492,17.705,51.5813,33.76185,15358.73675,67
2025-10-03,67.04,0.58205,0.43295,0.8817,85.76215,0.4964,0.8128,814.92825,4.1433,2.4507,4.52945,9653.3005,18.89625,0.7503,17.69575,51.62565,33.8174,15363.5014,67
2025-10-06,67.2,0.5828,0.4336,0.8833,87.2539,0.49745,0.81345,815.9783,4.14865,2.4571,4.5357,9636.599,18.88565,0.7529,17.66585,51.7443,33.84615,15374.847,67.2
2025-10-07,67.22,0.58295,0.43235,0.8821,87.7369,0.4979,0.81315,816.18835,4.1497,2.45595,4.5372,9647.82375,18.95315,0.7531,17.6704,51.7594,34.02385,15369.47725,67.2
2025-10-08,66.57,0.57585,0.42925,0.87595,87.73075,0.4947,0.8036,806.2476,4.0992,2.4295,4.482,9524.56025,18.7252,0.7454,17.54735,51.1247,33.51445,15179.69405,66.6
2025-10-09,66.94,0.57925,0.4319,0.87835,88.45435,0.4977,0.80805,811.008,4.1234,2.4407,4.50735,9592.38125,18.8604,0.7501,17.6819,51.4367,33.52125,15269.31975,66.9
2025-10-10,66.72,0.57545,0.43255,0.87645,88.02655,0.4975,0.80665,817.48435,4.1002,2.4298,4.4782,9520.8215,18.8568,0.7473,17.5711,51.0949,33.59765,15161.66925,66.7
2025-10-13,66.54,0.57365,0.42965,0.88045,87.10875,0.49375,0.80265,818.4552,4.0862,2.42305,4.46385,9493.90875,18.7698,0.7438,17.5161,50.88095,33.40075,15110.51515,66.5
2025-10-14,66.46,0.57235,0.42915,0.87805,87.2519,0.495,0.80345,816.9152,4.0827,2.4199,4.45185,9478.11725,18.64715,0.7433,17.5628,50.75315,33.3365,15079.99225,66.5
2025-10-15,66.34,0.57125,0.42855,0.87935,86.5844,0.492,0.8023,815.74505,4.0793,2.41325,4.4403,9468.47,18.62845,0.7413,17.56825,50.7263,33.2096,15055.86525,66.3
2025-10-16,66.44,0.57325,0.42705,0.88335,86.39165,0.49155,0.80485,813.9864,4.08385,2.4223,4.4562,9495.8875,18.6335,0.7421,17.53685,50.47755,33.2485,15100.26525,66.4
2025-10-17,66.36,0.57295,0.42605,0.8834,86.0657,0.48945,0.80445,812.4851,4.0822,2.419,4.4511,9493.78275,18.6094,0.7406,17.53915,50.32075,33.2626,15090.07075,66.4
2025-10-20,66.52,0.57395,0.4272,0.8821,86.6234,0.49195,0.8043,815.9274,4.0902,2.4255,4.4585,9516.09225,18.82985,0.74335,17.60995,50.494,33.39815,15118.99215,66.5
2025-10-21,66.58,0.57505,0.42865,0.8815,86.6313,0.49345,0.80695,816.68605,4.09625,2.42755,4.46775,9531.455,18.7078,0.74355,17.60515,50.5649,33.41325,15151.13,66.6
2025-10-22,66.66,0.57425,0.42945,0.8853,87.08215,0.49485,0.80475,821.09145,4.08695,2.42855,4.46265,9526.80875,18.85265,0.7454,17.61285,50.4945,33.49315,15127.47025,66.7
2025-10-23,66.68,0.5741,0.4302,0.8843,87.36655,0.49475,0.8032,822.5705,4.09025,2.4287,4.462,9515.7085,18.87355,0.7454,17.64155,50.4813,33.5705,15127.537,66.7
2025-10-24,66.82,0.57565,0.43185,0.8838,87.87875,0.49545,0.80525,825.94265,4.0998,2.4313,4.47395,9567.30425,18.86115,0.7474,17.73435,50.573,33.7187,15156.5768,66.8
2025-10-28,66.9,0.5777,0.4327,0.8808,88.10795,0.4956,0.808,827.00645,4.1078,2.4295,4.487,9598.4865,18.84025,0.74865,17.7299,50.97985,34.041,15196.3987,66.9
2025-10-29,66.82,0.57815,0.43555,0.87625,87.6562,0.49605,0.80585,828.69135000000006,4.10525,2.4213,4.49105,9600.182,18.68435,0.7477,17.70005,51.0297,34.20045,15221.5342,66.8
2025-10-30,66.81,0.57755,0.4374,0.8768,88.137,0.4973,0.8049,821.5361,4.1001,2.4222,4.48785,9595.9945,18.69815,0.7487,17.6641,50.94425,33.8589,15210.35705,66.8
2025-10-31,66.6,0.57415,0.43625,0.87565,88.36455,0.4961,0.80275,820.01475,4.0826,2.4103,4.461,9553.85725,18.5465,0.7461,17.6264,50.92925,33.78875,15116.79585,66.6
2025-11-03,66.42,0.57185,0.43535,0.8739,88.165,0.4961,0.80185,818.54615,4.0678,2.40035,4.44455,9509.86675,18.5737,0.7447,17.5792,50.76385,33.5962,15048.234,66.4
2025-11-04,66.24,0.56965,0.43405,0.8715,87.92265,0.495,0.80115,817.07755,4.0568,2.39395,4.42865,9487.522,18.5407,0.744,17.5629,50.57425,33.43275,14988.63155,66.2
2025-11-05,65.76,0.56405,0.43325,0.8712,86.4407,0.4912,0.7955,816.2368,4.01765,2.37045,4.38525,9417.94335,18.3838,0.7377,17.4314,50.008,33.0914,14844.10435,65.8
2025-11-06,65.94,0.56625,0.43355,0.8704,87.1487,0.4923,0.79845,817.91985,4.0343,2.37255,4.40235,9459.2075,18.3833,0.73975,17.5297,50.203,33.2644,14904.83275,65.9
2025-11-07,65.59,0.56325,0.429,0.869,86.28145,0.4881,0.7953,817.0505,4.01155,2.35575,4.37905,9402.8965,18.2437,0.7349,17.42865,49.9187,33.1923,14820.51625,65.6
2025-11-10,65.44,0.5624,0.4279,0.8642,86.52805,0.48675,0.78965,818.26395,4.00555,2.3469,4.37365,9383.3637,18.2077,0.73235,17.45045,49.86485,33.17035,14798.1505,65.4
2025-11-11,65.65,0.56455,0.4288,0.8642,87.127,0.4887,0.79195,823.9326,4.0182,2.34795,4.38865,9399.75875,18.2646,0.7357,17.49765,50.0756,33.29155,14845.9721,65.6
2025-11-12,65.74,0.5652,0.4301,0.86675,87.20755,0.4881,0.7923,827.36805,4.02465,2.3306,4.39275,9430.363,18.3153,0.73575,17.54835,50.05805,33.3016,14873.5209,65.7
2025-11-13,65.68,0.56495,0.43065,0.86215,87.5305,0.48785,0.7916,831.1545,4.0209,2.3338,4.39005,9432.97065,18.27755,0.7358,17.53295,50.0765,33.43655,14888.4107,65.7
2025-11-14,65.73,0.56605,0.43045,0.86655,87.50285,0.48655,0.79435,826.09345,4.01665,2.33725,4.3988,9467.1875,18.3032,0.7362,17.59425,50.1902,33.37715,14921.0805,65.7
2025-11-17,65.82,0.56655,0.43065,0.8682,87.61415,0.48815,0.79475,824.6136,4.02265,2.34015,4.4032,9457.9867,18.3817,0.73615,17.6557,50.27705,33.4803,14930.00925,65.8
2025-11-18,65.83,0.56515,0.42985,0.8717,87.7593,0.48775,0.79415,828.4817,4.0155,2.3533,4.39355,9452.135,18.3575,0.7366,17.6101,50.0935,33.3071,14895.37635,65.8
2025-11-19,65.73,0.56455,0.4296,0.86835,87.76215,0.4874,0.78975,826.9247,4.0152,2.3423,4.3957,9450.56825,18.2858,0.7349,17.6148,50.0269,33.2379,14894.5239,65.7
2025-11-20,65.47,0.56115,0.4298,0.8655,88.1651,0.4865,0.7884,823.3474,3.9897,2.3344,4.3693,9366.997,18.2121,0.7331,17.532,49.7116,33.1415,14801.4538,65.5
2025-11-21,65.34,0.55935,0.42745,0.8663,87.9886,0.4849,0.7879,823.69885,3.9807,2.32075,4.35505,9357.92675,18.13275,0.7311,17.49535,49.6178,33.0492,14754.53455,65.3
2025-11-24,65.49,0.56065,0.42835,0.86875,87.8791,0.48725,0.7905,824.61875,3.9863,2.32505,4.36335,9359.4921,18.1959,0.7333,17.62235,50.16975,32.99705,14773.13,65.5
2025-11-25,65.5,0.56115,0.4281,0.8683,87.9266,0.48695,0.79175,827.4438,3.98735,2.3184,4.36645,9366.997,18.156,0.7321,17.63695,50.0784,33.06015,14803.13775,65.5
2025-11-26,65.71,0.56425,0.42845,0.87085,88.1669,0.48775,0.7955,824.05905,4.0028,2.3284,4.38685,9400.40775,18.20555,0.7344,17.742,50.3424,33.1864,14879.55545,65.7
2025-11-27,66.34,0.57115,0.43105,0.87505,89.09655,0.4922,0.80185,836.9347,4.0439,2.35855,4.44245,9515.36025,18.3967,0.74,17.89555,50.9858,33.5494,15065.22405,66.3
2025-11-28,66.53,0.57275,0.43265,0.87625,89.5924,0.494,0.80365,839.537,4.0555,2.36545,4.456,9530.56125,18.44685,0.7426,17.94425,51.1509,33.64335,15106.5685,66.5
2025-12-01,66.54,0.57315,0.43295,0.87625,89.31395,0.49395,0.80105,841.44155,4.05745,2.3657,4.4627,9545.8145,18.4096,0.7429,17.9883,51.26685,33.60665,15107.3754,66.5
2025-12-02,66.43,0.5723,0.43335,0.8746,89.0957,0.4931,0.8013,841.50995,4.04745,2.3653,4.45805,9531.6575,18.32365,0.74215,17.9925,51.2545,33.45095,15092.41015,66.4
2025-12-03,66.56,0.57405,0.43415,0.87395,89.41115,0.49355,0.8019,842.664,4.0592,2.37055,4.4684,9540.71225,18.37535,0.744,18.0401,51.59845,33.6307,15142.0045,66.6
2025-12-04,66.82,0.57755,0.43295,0.87385,89.60395,0.4952,0.8061,847.6991,4.081,2.37865,4.49465,9598.88225,18.4195,0.7475,18.088,52.095,34.07835,15232.0153,66.8
2025-12-05,66.73,0.57645,0.43245,0.87195,89.344,0.49475,0.80445,849.54325,4.0749,2.37295,4.4863,9595.0115,18.468,0.747,18.0593,51.86825,34.0941,15202.71635,66.7
2025-12-08,66.88,0.57845,0.43385,0.87115,89.7176,0.4965,0.7998,850.37945,4.09,2.37975,4.50225,9625.40925,18.44385,0.7492,18.08465,52.05835,34.09385,15254.8839,66.9
2025-12-09,66.82,0.57725,0.43335,0.8718,90.04815,0.49595,0.79965,849.2214,4.08195,2.38,4.4903,9634.30375,18.42435,0.7494,17.97875,51.9994,34.13565,15216.88775,66.8
2025-12-10,66.82,0.57755,0.43415,0.8692,90.51365,0.49675,0.7998,848.9697,4.083,2.3789,4.49395,9624.872,18.37475,0.74905,18.0141,51.9138,34.19965,15227.107,66.8
2025-12-11,67.1,0.58125,0.43455,0.8724,90.56455,0.49675,0.80205,852.89725,4.10565,2.3875,4.5219,9698.1575,18.4387,0.7514,18.126,52.3052,34.3606,15320.00675,67.1
2025-12-12,67.09,0.5816,0.4342,0.8719,90.5435,0.49535,0.801,856.6096,4.10505,2.3872,4.5256,9695.273,18.40475,0.75125,18.18225,52.55045,34.32895,15310.9117,67.1
2025-12-15,67.01,0.58045,0.43435,0.8732,90.48925,0.4947,0.79895,857.4408,4.0953,2.3804,4.51795,9658.68925,18.30885,0.7499,18.0961,52.4828,34.2872,15269.31845,67
2025-12-16,66.62,0.57725,0.4318,0.8704,89.4824,0.49135,0.79515,848.32665,4.0698,2.36325,4.4918,9619.8725,18.20505,0.7446,18.10745,52.3761,34.00005,15192.643,66.6
2025-12-17,66.71,0.57805,0.43075,0.873,89.3694,0.49195,0.79565,853.31745,4.0709,2.359,4.4967,9647.65575,18.17965,0.7451,18.23575,52.62275,33.8795,15226.99385,66.7
2025-12-18,66.63,0.57675,0.43115,0.8734,89.68175,0.4911,0.79495,852.66725,4.0637,2.3595,4.48655,9623.075,18.1532,0.7447,18.19965,52.12235,33.8581,15187.27,66.6
2025-12-19,66.75,0.57815,0.43195,0.87315,90.0353,0.49305,0.79625,852.3666,4.0712,2.3606,4.49835,9663.7785,18.1539,0.7456,18.24035,52.18235,33.86515,15225.5815,66.7
2025-12-22,66.61,0.57655,0.4305,0.8711,90.85275,0.4921,0.7953,851.3626,4.05955,2.35235,4.4863,9651.44825,18.1073,0.74525,18.18265,51.506100000000004,33.8435,15172.7787,66.6
2025-12-23,66.88,0.5803,0.43075,0.87135,90.8866,0.4931,0.7976,861.10725,4.0842,2.3624,4.5134,9731.632,18.05315,0.74705,18.2986,52.02245,34.07525,15283.3617,66.9
2025-12-24,67.1,0.58395,0.43215,0.8715,91.10495,0.49495,0.79925,852.82995,4.1045,2.3694,4.541,9792.84275,18.1579,0.7497,18.41195,52.3606,34.3713,15375.9887,67.1
2025-12-29,66.85,0.58275,0.43145,0.86775,91.08095,0.49465,0.79655,836.42115,4.0842,2.35955,4.52905,9763.9775,18.15265,0.748,18.3167,52.36155,34.25345,15320.20675,66.9
2025-12-30,66.67,0.58055,0.42995,0.86705,90.72545,0.4931,0.79495,831.86055,4.0692,2.3547,4.5154,9744.533,18.3599,0.7464,18.2449,52.2386,34.1552,15258.8863,66.7
2025-12-31,66.46,0.57885,0.42995,0.8641,90.50895,0.49275,0.79285,833.8624,4.046,2.3461,4.5046,9701.52725,18.23665,0.74345,18.1585,51.97565,34.0552,15206.39025,66.5
2026-01-05,66.17,0.57545,0.42805,0.86165,90.43485,0.4916,0.79105,832.3597,4.02135,2.33805,4.4835,9621.52525,18.1051,0.7411,18.05215,51.90485,33.8796,15134.33625,66.2
2026-01-06,66.44,0.57875,0.42755,0.86245,90.6091,0.4939,0.79695,838.2037,4.0401,2.35115,4.50465,9688.27625,18.1192,0.7424,18.22835,52.2532,34.2186,15206.36825,66.4
2026-01-07,66.37,0.57845,0.42835,0.85905,90.6055,0.49475,0.7994,838.34765,4.03825,2.34245,4.5046,9689.03875,18.05195,0.74055,18.2391,52.161,34.305,15198.775,66.4
2026-01-08,66.27,0.57685,0.42855,0.85835,90.44145,0.494,0.79955,835.798,4.0329,2.342,4.49185,9676.66,18.10155,0.7402,18.1607,51.85885,34.1755,15156.15765,66.3
2026-01-09,66.08,0.57455,0.42775,0.858,90.20725,0.493,0.79685,835.1085,4.01085,2.33725,4.4782,9646.69575,18.0768,0.7386,18.1374,51.7253,34.0105,15092.56705,66.1
2026-01-12,66.09,0.57465,0.42775,0.85735,90.5562,0.49265,0.7982,837.6674,4.01245,2.3394,4.4785,9654.12125,17.94635,0.73825,18.17765,51.8133,34.0394,15092.3214,66.1
2026-01-13,66.44,0.57755,0.4286,0.86075,91.35975,0.4952,0.8016,850.641,4.02785,2.3434,4.5029,9720.16775,18.05855,0.7427,18.26935,52.07265,34.24295,15175.1275,66.4
2026-01-14,66.12,0.57365,0.42725,0.85865,91.3337,0.4927,0.79705,846.6501,4.0022,2.3293,4.4752,9674.6085,18.09005,0.73945,18.14915,51.74685,34.07485,15077.5309,66.1
2026-01-15,66.14,0.57435,0.42745,0.8593,90.9742,0.49355,0.7977,842.3992,4.0052,2.32615,4.477,9683.54225,18.0777,0.7395,18.1457,51.86095,34.10205,15091.62135,66.1
2026-01-16,66.18,0.57445,0.42945,0.85755,91.1451,0.49505,0.79835,846.59575,4.00355,2.3317,4.47885,9699.5895,18.05495,0.7401,18.13395,51.86995,34.12805,15090.2273,66.2
2026-01-19,66.37,0.5765,0.43015,0.8614,90.78435,0.4956,0.80105,848.72335,4.01735,2.33625,4.4957,9734.2035,18.03005,0.7414,18.19895,52.38945,34.2009,15146.67325,66.4
2026-01-20,66.72,0.57985,0.43205,0.8641,91.5931,0.49815,0.80455,855.2788,4.03785,2.35015,4.5216,9822.66025,18.12035,0.7452,18.31165,52.72285,34.46915,15228.89085,66.7
2026-01-21,66.91,0.58235,0.4332,0.8651,92.1132,0.49675,0.80565,861.7616,4.05335,2.3617,4.5412,9870.83375,18.0281,0.7476,18.39965,52.98075,34.56245,15295.423,66.9
2026-01-22,67.11,0.58475,0.4354,0.86125,92.52795,0.5003,0.80865,857.1851,4.0729,2.3656,4.5584,9902.7425,18.2983,0.75085,18.51875,53.62305,34.59385,15359.33625,67.1
2026-01-23,67.7,0.59145,0.43825,0.86435,93.7655,0.5034,0.8156,868.30785,4.11825,2.3812,4.6122,9986.6345,18.3882,0.7575,18.68245,54.18865,34.88965,15537.394,67.7
2026-01-26,67.86,0.59645,0.4364,0.8622,92.3096,0.50285,0.81655,863.3316,4.15385,2.3724,4.64945,10029.308,18.4728,0.75765,18.8189,54.844,35.18755,15652.0419,67.9
2026-01-27,67.81,0.59605,0.4359,0.8627,91.96455,0.50185,0.81755,865.10705,4.14695,2.3663,4.64755,9998.74,18.64,0.7573,18.74905,54.8072,35.20865,15609.061,67.8
2026-01-28,68.1,0.60235,0.43595,0.8607,91.9487,0.50135,0.8196,862.7761,4.1908,2.3642,4.69845,10098.399,18.62465,0.7596,18.91525,55.2502,35.45735,15741.8159,68.1
2026-01-29,68.4,0.60565,0.43825,0.86085,92.72505,0.50585,0.82015,864.4443,4.20655,2.3726,4.7248,10117.3845,18.86295,0.7644,18.962,55.5926,35.61225,15786.26775,68.4
2026-01-30,68.54,0.60585,0.43975,0.86225,93.00705,0.50785,0.81875,870.03095,4.20845,2.3852,4.7294,10146.4735,19.02065,0.7672,18.94645,55.7136,35.7088,15791.4815,68.5
2026-02-02,68.49,0.6029,0.4401,0.86555,93.5972,0.5081,0.8213,876.79755,4.18925,2.3766,4.708,10119.6775,19.02905,0.7668,18.9733,55.4593,35.5138,15637.4189,68.5
2026-02-03,68.42,0.60205,0.44005,0.86405,93.60675,0.51,0.8226,871.34705,4.18525,2.3823,4.7024,10108.42075,18.9525,0.76515,19.0519,55.0981,35.4186,15669.2562,68.4
2026-02-04,68.48,0.60375,0.44085,0.8601,94.2001,0.511,0.82385,877.762,4.18785,2.3715,4.7183,10118.85125,19.1117,0.7671,19.0646,54.4949,35.5971,15698.708,68.5
2026-02-05,68.21,0.60055,0.4399,0.85735,94.16625,0.50875,0.8206,877.4036,4.16625,2.3635,4.69105,10071.22475,19.0344,0.7641,18.9528,54.30695,35.3814,15603.4911,68.2
2026-02-09,68.35,0.6021,0.4423,0.85715,94.45745,0.50895,0.8222,881.53465,4.1787,2.36685,4.70505,10154.4175,18.8999,0.76515,19.08295,54.5894,35.21385,15631.41965,68.3
2026-02-10,68.39,0.6047,0.442,0.85405,94.35435,0.5081,0.82015,881.8341,4.18945,2.375,4.7255,10158.961,18.847,0.76565,19.07045,54.8879,35.31755,15673.825,68.4
2026-02-11,68.3,0.60465,0.4432,0.8536,93.1282,0.5082,0.81905,880.4914,4.1798,2.3714,4.72695,10155.098,18.8681,0.7647,19.0737,54.7677,35.3237,15654.08755,68.3
2026-02-12,68.23,0.6052,0.444,0.84815,92.6501,0.50955,0.82165,876.9651,4.18285,2.36755,4.72955,10155.257,18.79445,0.76375,19.0118,54.8954,35.2317,15733.3848,68.2
2026-02-13,68.06,0.60325,0.44285,0.8515,92.17965,0.5081,0.8211,870.45965,4.1634,2.3557,4.7151,10143.65,18.746,0.7617,18.96015,54.6658,35.0579,15660.97425,68.1
2026-02-16,68.12,0.60335,0.44235,0.8526,92.39705,0.50865,0.8215,871.81065,4.1698,2.3561,4.7155,10154.38175,18.7521,0.762,19.01065,54.6884,34.96715,15670.8098,68.1
2026-02-17,68.11,0.60295,0.44265,0.85315,92.38705,0.50905,0.82245,871.23265,4.16705,2.3515,4.71235,10147.64975,18.803,0.7611,18.99805,54.6589,34.96355,15660.4206,68.1
2026-02-18,68.06,0.6025,0.44435,0.8514,92.33315,0.50855,0.8219,870.58245,4.16395,2.34975,4.7087,10140.0775,18.85075,0.76095,18.98385,54.63695,34.92995,15648.733,68.1
2026-02-19,67.56,0.59665,0.44225,0.8463,92.30475,0.50605,0.8173,865.8884,4.1235,2.3344,4.6625,10071.45325,18.64235,0.7561,18.79955,54.10275,34.549,15496.7907,67.6
2026-02-20,67.56,0.59655,0.44315,0.8455,92.5309,0.50685,0.81655,864.46065,4.1228,2.33075,4.66185,10066.7825,18.58255,0.7565,18.7964,54.09365,34.65955,15494.1934,67.6
2026-02-23,67.69,0.59925,0.44305,0.84515,92.3175,0.50655,0.81855,863.759,4.1415,2.3287,4.6826,10106.3525,18.58125,0.7575,18.88145,54.52575,34.7445,15562.523,67.7
2026-02-24,67.44,0.59605,0.44165,0.8441,92.30135,0.50565,0.81665,862.3354,4.11935,2.31835,4.6607,10007.68075,18.47605,0.755,18.73625,54.17275,34.3623,15512.2025,67.4
2026-02-25,67.51,0.5972,0.44225,0.84395,92.98405,0.50705,0.818,860.8937,4.11165,2.3258,4.6719,10044.905,18.5326,0.75645,18.7727,54.3176,34.4853,15621.2595,67.5
2026-02-26,67.62,0.6002,0.4425,0.84195,93.6282,0.5078,0.82065,855.01495,4.1216,2.3309,4.6921,10074.358,18.6257,0.75795,18.80575,54.5912,34.5415,15666.421,67.6
2026-02-27,67.4,0.59775,0.44315,0.84195,93.1713,0.5067,0.81765,858.15985,4.08855,2.32765,4.67675,10015.3025,18.60945,0.75625,18.6564,54.3441,34.49915,15598.2875,67.4
2026-03-02,67.46,0.59725,0.44455,0.84305,93.43975,0.5071,0.81545,859.1442,4.09455,2.33705,4.6714,10012.8975,18.64165,0.75735,18.6408,54.33555,34.62855,15555.3775,67.5
2026-03-03,67.39,0.59455,0.44325,0.8373,93.64165,0.50835,0.81275,870.3321,4.09375,2.33715,4.6504,10024.11425,18.6971,0.7568,18.69745,54.3887,34.6504,15556.402,67.4
2026-03-04,66.93,0.58765,0.44085,0.83815,92.60185,0.50685,0.8041,868.4586,4.05405,2.31885,4.5862,9904.842,18.60945,0.75095,18.58175,53.75745,34.3599,15400.25035,66.9
2026-03-05,67.51,0.59455,0.44425,0.83935,93.10655,0.51055,0.8107,868.0133,4.1093,2.33715,4.64865,10038.978,18.73725,0.75735,18.8954,54.7863,34.692,15589.9937,67.5
2026-03-06,67.27,0.59075,0.44215,0.84145,93.0254,0.5088,0.80725,873.09905,4.0763,2.33135,4.6204,9971.86125,18.7637,0.7558,18.7386,54.10755,34.73935,15486.5125,67.3
2026-03-09,66.95,0.5856,0.4404,0.84095,92.9201,0.5085,0.79635,875.35495,4.0397,2.32395,4.57595,9899.569,18.82995,0.75235,18.56085,53.7259,34.7993,15363.217,67
2026-03-10,67.41,0.59265,0.44105,0.83835,93.39275,0.5098,0.80555,871.4326,4.1001,2.33655,4.6354,10039.49225,18.7781,0.7557,18.93165,54.7216,35.07305,15570.69445,67.4
2026-03-11,67.2,0.5928,0.4414,0.83135,93.7839,0.5102,0.805,870.31935,4.074,2.32585,4.6389,9993.1265,18.6954,0.7544,18.8789,54.4294,34.9041,15550.9228,67.2
2026-03-12,67.03,0.59055,0.4412,0.8264,93.86205,0.51135,0.80235,873.24635,4.05715,2.3188,4.62085,9962.57975,18.8341,0.7531,18.719,54.35425,35.12295,15504.8915,67
2026-03-13,66.66,0.5856,0.43825,0.82645,93.1719,0.50815,0.7979,872.4562,4.02595,2.3017,4.58365,9890.785,18.8036,0.74845,18.6707,53.9843,34.893,15381.6639,66.7
2026-03-16,66.36,0.58045,0.43755,0.8273,92.4686,0.50675,0.79565,866.49585,4.0066,2.28345,4.54385,9832.82425,18.7906,0.7436,18.56485,53.6655,34.66735,15266.99665,66.4
2026-03-17,66.72,0.5846,0.43945,0.82775,93.1297,0.5087,0.80015,872.54475,4.03375,2.2963,4.57725,9932.355,18.96735,0.7475,18.74165,54.0331,34.94445,15368.2574,66.7
2026-03-18,66.73,0.58625,0.43905,0.82485,93.2607,0.5083,0.8027,871.9297,4.03775,2.29225,4.59495,9954.52625,18.9652,0.7484,18.70515,54.16145,34.9434,15409.5825,66.7
2026-03-19,66.44,0.58175,0.43795,0.8257,92.95495,0.507,0.7982,872.5378,4.00025,2.2863,4.5595,9878.11625,19.08575,0.746,18.52,53.89185,34.89625,15305.845,66.4
2026-03-20,67.01,0.58815,0.4381,0.83045,92.83655,0.50815,0.808,876.57885,4.05875,2.31705,4.6091,9986.78825,19.15755,0.7515,18.80495,54.4847,35.3449,15479.22615,67
2026-03-23,66.62,0.5824,0.43715,0.83255,92.87825,0.5044,0.799,880.18115,4.008,2.29435,4.56335,9889.153,19.21625,0.7471,18.64935,54.58325,35.05175,15315.9556,66.6
2026-03-24,66.81,0.5845,0.4361,0.83645,92.6842,0.50435,0.80325,875.9902,4.0364,2.3012,4.57825,9924.811,19.06495,0.7467,18.8162,54.92985,34.88005,15393.68455,66.8
2026-03-25,66.65,0.58395,0.43475,0.83465,92.6495,0.5024,0.80325,871.9542,4.02215,2.30455,4.56805,9915.47225,18.94335,0.7457,18.7232,54.8139,35.03115,15391.1719,66.7
2026-03-26,66.49,0.5803,0.43435,0.83625,92.5259,0.50205,0.80215,874.164,4.0025,2.3058,4.5351,9812.874,19.03675,0.74365,18.52,54.5322,34.96015,15290.9068,66.5
2026-03-27,66.14,0.57565,0.4317,0.8373,91.85935,0.4992,0.7978,869.74965,3.9741,2.304,4.5044,9728.48625,18.99215,0.7404,18.33765,54.09525,34.7261,15168.9539,66.1
2026-03-30,65.98,0.57325,0.43255,0.83615,91.66555,0.49815,0.79615,866.49615,3.9615,2.301,4.48975,9725.1875,18.89715,0.7387,18.2801,54.34485,34.74755,15097.6865,66
2026-03-31,65.96,0.57235,0.4336,0.83465,91.4959,0.49875,0.79685,873.69235,3.9566,2.3117,4.48535,9724.22775,18.78595,0.7391,18.3418,54.2867,34.69875,15077.9889,66
2026-04-01,65.99,0.57515,0.43425,0.83035,91.3511,0.49695,0.79965,866.17595,3.97325,2.3161,4.50805,9774.3878,18.72545,0.73895,18.38755,54.55225,34.75345,15150.88925,66
2026-04-02,65.92,0.5756,0.43235,0.83055,91.32755,0.4964,0.7985,868.75315,3.95685,2.3084,4.51175,9773.689,18.73795,0.73805,18.39015,54.59495,34.63385,15159.2897,65.9
2026-04-07,65.36,0.5693,0.4307,0.82485,91.0282,0.49375,0.7929,860.29775,3.91655,2.2988,4.4614,9719.37475,18.6104,0.73255,18.2045,52.97835,34.26045,14997.35485,65.4
2026-04-08,65.99,0.5809,0.4333,0.82205,91.99425,0.49755,0.80405,858.5994,3.96885,2.3172,4.5503,9866.5925,18.64545,0.74075,18.4761,54.0208,34.58535,15298.87555,66
2026-04-09,66.3,0.5829,0.43525,0.82875,92.57035,0.4998,0.80755,863.36235,3.98445,2.32285,4.5654,9928.24675,18.7293,0.74325,18.531,53.96415,34.6272,15346.30005,66.3
2026-04-10,66.46,0.5853,0.43585,0.82715,93.08905,0.50055,0.8089,865.68805,3.99825,2.32275,4.5853,9998.38875,18.8174,0.7453,18.5742,54.23535,34.9199,15408.0235,66.5
2026-04-13,66.22,0.58185,0.4341,0.82725,92.91275,0.4979,0.80665,866.69475,3.9766,2.31115,4.55685,9958.3665,18.6905,0.7426,18.49965,53.9535,35.1641,15326.2203,66.2
2026-04-14,66.46,0.5858,0.4337,0.82745,93.27105,0.4981,0.8078,869.4151,3.9951,2.31775,4.58875,10034.755,18.81735,0.7463,18.58975,54.7049,35.06745,15429.3864,66.5
2026-04-15,66.76,0.5899,0.4347,0.82765,93.74985,0.50035,0.8124,868.5688,4.0216,2.32745,4.6226,10100.56425,18.94905,0.75005,18.6553,55.0878,35.31875,15530.59275,66.8
2026-04-16,66.79,0.5911,0.4356,0.82345,93.82825,0.5008,0.8115,870.83815,4.0306,2.33635,4.6284,10128.5005,18.86795,0.7508,18.64505,55.19915,35.4778,15563.95885,66.8
2026-04-17,66.58,0.58835,0.43525,0.82145,93.7624,0.49965,0.80615,869.7873,4.0151,2.3281,4.6046,10093.1455,18.85075,0.7488,18.5642,54.83495,35.3481,15491.25675,66.6
2026-04-20,66.5,0.5876,0.4353,0.8222,93.3579,0.4998,0.8051,866.2106,4.00725,2.3222,4.6025,10082.9261,18.82375,0.7477,18.50735,54.60055,35.27745,15474.4462,66.5
2026-04-21,66.89,0.5918,0.43755,0.82475,94.07845,0.50235,0.80745,871.39,4.03375,2.3382,4.6352,10139.015,18.98345,0.75195,18.6213,55.104,35.4962,15582.982,66.9
2026-04-22,66.86,0.59055,0.43705,0.8249,94.04215,0.5028,0.8067,872.892,4.029,2.33625,4.625,10132.3635,19.0216,0.75185,18.5911,55.21425,35.49205,15549.18275,66.9
2026-04-23,66.87,0.59015,0.43715,0.8246,94.06405,0.50395,0.8066,873.24505,4.0273,2.33525,4.6221,10165.3375,19.06185,0.7527,18.58855,55.3575,35.65245,15534.224,66.9
2026-04-24,66.53,0.58595,0.43495,0.82165,93.6143,0.50135,0.8027,868.1729,4.00535,2.3271,4.5902,10126.6815,19.00675,0.7488,18.4747,55.14225,35.57595,15427.4778,66.5
2026-04-28,66.85,0.5902,0.4364,0.82215,94.16935,0.5039,0.8048,870.1024,4.0306,2.33245,4.6249,10160.296,19.1476,0.75245,18.58895,55.5769,35.8783,15546.4584,66.8
2026-04-29,66.64,0.58775,0.43475,0.8197,93.80495,0.50185,0.80415,867.57785,4.0168,2.3222,4.6059,10156.3225,19.15185,0.7503,18.5585,55.571,36.09815,15484.275,66.6
2026-04-30,66.31,0.58335,0.43265,0.8187,93.4702,0.4997,0.79785,867.03315,3.98965,2.31095,4.57035,10080.28925,19.1003,0.7469,18.45635,55.33295,35.83225,15374.19175,66.3
2026-05-01,66.85,0.59065,0.4341,0.82005,92.84135,0.5035,0.80195,876.0522,4.0363,2.34575,4.62675,10224.15275,19.2537,0.75185,18.71445,56.0608,36.3102,15566.58325,66.9
2026-05-04,66.85,0.5909,0.435,0.81975,92.81855,0.504,0.8031,870.54345,4.038,2.33905,4.62905,10238.82125,19.26185,0.75235,18.6689,56.08455,36.28425,15573.7606,66.8
2026-05-05,66.48,0.58645,0.43355,0.81945,92.1958,0.5018,0.79885,858.94405,4.0076,2.32415,4.59495,10201.299,19.20255,0.7487,18.5494,55.7641,36.1986,15448.55975,66.5
2026-05-06,66.97,0.59275,0.43665,0.8199,93.47075,0.50565,0.80605,863.0932,4.0423,2.34195,4.6446,10302,19.254,0.75485,18.67225,56.48165,36.3904,15605.626,67
2026-05-07,67.17,0.59635,0.43825,0.82295,93.1469,0.5071,0.81295,864.0516,4.0578,2.33205,4.67045,10336.23825,19.23225,0.7556,18.69795,56.42365,36.23125,15698.915,67.2
2026-05-08,67.02,0.5938,0.438,0.82365,93.1761,0.50615,0.811,869.2342,4.04035,2.32475,4.6491,10305.4,19.1619,0.75335,18.64085,55.96635,35.8863,15621.0972,67
2026-05-11,67.13,0.59505,0.43775,0.82255,93.4794,0.50585,0.81445,876.12195,4.04435,2.33705,4.6592,10343.45975,19.27515,0.7549,18.68545,56.2218,36.3189,15663.20425,67.1
2026-05-12,67.25,0.59545,0.43825,0.8234,93.8072,0.50625,0.81515,884.98765,4.04675,2.3413,4.66105,10408.4685,19.2807,0.7566,18.70785,56.7538,36.57255,15675.81695,67.2
2026-05-13,67.38,0.5963,0.4404,0.82315,94.0216,0.508,0.81615,892.86985,4.0504,2.34255,4.6681,10441.215,19.28885,0.75825,18.8067,57.02935,36.67545,15708.3311,67.4
2026-05-14,66.99,0.59285,0.43845,0.8182,93.6258,0.5061,0.81275,884.47295,4.02515,2.32845,4.64275,10354.1265,19.1728,0.75445,18.68485,56.73795,36.4366,15624.2657,67
2026-05-15,66.72,0.5883,0.4401,0.81855,93.28085,0.5051,0.8084,882.1853,3.9985,2.32235,4.6083,10274.6605,19.1271,0.75185,18.5491,56.3393,36.30695,15509.3533,66.7
2026-05-18,66.35,0.58305,0.438,0.8179,92.66705,0.5019,0.80205,877.6944,3.9741,2.31825,4.5654,10182.9695,19.08325,0.7471,18.43925,55.9509,36.00045,15363.37,66.3
2026-05-19,66.55,0.5858,0.4366,0.81965,93.13345,0.50295,0.8054,879.7838,3.9808500000000002,2.32795,4.5872,10356.946,19.0854,0.7497,18.52065,56.4455,36.1424,15442.274,66.6
2026-05-20,66.35,0.5824,0.43505,0.81995,92.62785,0.5022,0.80115,877.9972,3.9682,2.31795,4.56245,10331.778,19.06345,0.74675,18.4519,56.2176,35.9571,15356.141,66.4
2026-05-21,66.63,0.58605,0.43625,0.82305,93.11455,0.50405,0.80625,880.80395,3.9827,2.32635,4.58975,10340.856,19.1126,0.7494,18.52475,56.74575,36.10655,15453.84585,66.6
2026-05-22,66.8,0.5874,0.4375,0.82285,93.4524,0.5059,0.81,888.26635,3.99495,2.32815,4.60225,10389.64,19.1845,0.75135,18.53955,56.49395,36.15005,15482.9832,66.8
2026-05-25,66.68,0.58755,0.43585,0.82,93.347,0.5048,0.8108,891.1372,3.9861,2.32085,4.603,10406.9825,19.0557,0.7502,18.46085,56.23955,36.1079,15490.16845,66.7
2026-05-26,66.42,0.58525,0.43395,0.81675,93.0401,0.5031,0.80815,882.7034,3.97145,2.31995,4.58555,10386.7275,19.06745,0.7475,18.40465,55.73485,36.0324,15423.679,66.4
2026-05-27,66.53,0.586,0.43575,0.8186,93.34685,0.5037,0.8095,881.6371,3.97475,2.32345,4.5914,10419.083,19.11535,0.7485,18.401,56.07215,36.07415,15435.5339,66.5
2026-05-28,67.09,0.58995,0.44025,0.8286,94.15305,0.50815,0.81735,889.2317,4.0006,2.34565,4.6207,10489.31225,19.2803,0.7547,18.5153,56.4538,36.394,15536.6286,67.1
2026-05-29,67.52,0.59515,0.4428,0.83115000000000006,94.81635,0.51105,0.82045,893.49875,4.0303,2.36125,4.6627,10605.578,19.39295,0.7597,18.65825,56.9514,36.572,15672.3829,67.5
2026-06-02,67.26,0.59245,0.44035,0.82785,94.6202,0.50935,0.82035,898.569,4.00775,2.34905,4.6439,10587.084,19.305,0.7577,18.5911,56.28205,36.5829,15601.8759,67.3
2026-06-03,67.34,0.5933,0.4405,0.82665,94.8479,0.51015,0.82115,899.5912,4.01455,2.35835,4.6494,10611.1715,19.3327,0.75905,18.6308,56.5222,36.5992,15628.41225,67.3
2026-06-04,66.83,0.5871,0.43725,0.82335,93.88025,0.5057,0.81595,898.26305,3.9774,2.3525,4.5996,10556.062,19.2026,0.75325,18.47665,56.1943,36.16095,15463.6271,66.8
2026-06-05,66.77,0.58585,0.4364,0.8229,93.7155,0.50445,0.81455,907.04235,3.9698,2.36185,4.5888,10581.91875,19.14265,0.75315,18.4478,56.1193,36.062,15430.11755,66.8
2026-06-08,66.33,0.57985,0.4348,0.82255,92.96445,0.50305,0.80875,898.41965,3.9334,2.35885,4.54265,10495.29,19.051,0.74835,18.3424,55.0488,35.7782,15276.43855,66.3
2026-06-09,66.43,0.58165,0.43565,0.8241,93.1774,0.50405,0.8112,882.25645,3.9426,2.3621,4.5582,10551.1335,19.08685,0.7487,18.39525,55.66975,35.85875,15321.53385,66.4
2026-06-10,66.5,0.5818,0.435,0.828,93.312,0.5042,0.8117,886.51585,3.94175,2.36445,4.5595,10504.4,19.18195,0.74915,18.409,55.4783,35.8127,15317.6306,66.5
2026-06-11,66.35,0.5802,0.43345,0.8281,93.1192,0.50215,0.80845,886.1975,3.93205,2.36225,4.54625,10410.24,19.0915,0.7468,18.4161,55.27715,35.5938,15268.2534,66.3
2026-06-12,66.41,0.58165,0.43395,0.82675,93.21815,0.50295,0.81315,884.777,3.9362,2.3615,4.5573,10426.0825,19.09415,0.7474,18.41095,55.69735,35.68715,15314.84575,66.4
2026-06-15,66.59,0.5849,0.43525,0.82685,93.70975,0.5043,0.8173,884.983,3.9527,2.36795,4.58315,10390.7505,19.04725,0.74975,18.4463,55.62985,35.5122,15390.18175,66.6
2026-06-16,66.26,0.5817,0.4339,0.82375,93.16795,0.502,0.81415,880.69385,3.9322,2.35965,4.5566,10292.89155,18.9547,0.74635,18.3599,55.0979,35.1376,15288.8215,66.3
2026-06-17,66.39,0.5831,0.4343,0.82505,93.5001,0.50215,0.8162,882.2782,3.93965,2.37205,4.5669,10345.65325,18.97115,0.74745,18.40905,55.13725,35.1522,15342.81925,66.4
2026-06-18,66.15,0.579,0.435,0.82345,93.0019,0.50275,0.8166,882.8303,3.91725,2.36665,4.5375,10339.494,18.9159,0.74545,18.2727,54.7336,35.0631,15239.8592,66.2
2026-06-19,65.82,0.5747,0.4355,0.82035,92.6388,0.5018,0.8131,884.4346,3.8861,2.36715,4.50405,10259.83225,18.8559,0.74195,18.13065,54.21285,34.8728,15125.24225,65.8
2026-06-22,65.68,0.5732,0.4336,0.81775,92.5976,0.50005,0.8128,881.20905,3.8814,2.37705,4.4929500000000004,10208.694,18.8841,0.74065,18.126,54.07425,34.92365,15081.4656,65.7
2026-06-23,65.45,0.5705,0.4307,0.81705,92.18425,0.49925,0.808,876.03135,3.8648,2.35875,4.4728,10189.132,18.8094,0.73785,18.02865,54.0164,34.9959,15020.1244,65.4
2026-06-24,65.19,0.56635,0.42905,0.81875,91.5137,0.4978,0.80465,869.7154,3.84505,2.34665,4.4406,10157.4885,18.9019,0.73445,17.9394,53.6585,34.88575,14911.14635,65.2
2026-06-25,65.05,0.5639,0.42815,0.81815,91.19955,0.4965,0.8028,873.3402,3.84145,2.3213,4.4211,10127.646,18.8385,0.73145,17.95545,53.3763,34.6432,14850.8708,65
2026-06-26,65.01,0.5639,0.4275,0.8186,91.24185,0.4965,0.8007,873.08645,3.8343,2.31625,4.4215,10140.33225,18.85115,0.73125,17.9653,53.22865,34.53465,14839.0289,65
2026-06-29,64.99,0.56405,0.42735,0.81915,91.2548,0.4954,0.80045,869.9626,3.83815,2.2968,4.4236,10102.13675,18.84775,0.7303,17.9971,53.24275,34.55935,14840.15675,65
2026-06-30,65.05,0.56465,0.4266,0.82195,91.57215,0.4951,0.80335,874.86875,3.83585,2.2908,4.4287,10091.71275,18.7873,0.73035,18.0132,53.37915,34.61305,14850.5777,65.1
2026-07-01,65.29,0.5666,0.428,0.82215,92.18015,0.49685,0.8057,882.9895,3.84805,2.31655,4.4441,10177.555,18.8706,0.734,18.0363,53.63365,34.8997,14910.3632,65.3
2026-07-02,65.44,0.568,0.42755,0.8238,92.3256,0.49905,0.8074,883.26845,3.85485,2.32055,4.4549,10214.0615,18.9371,0.73565,18.10245,54.09065,34.9831,14938.9684,65.4
2026-07-03,65.54,0.5706,0.4272,0.82345,92.00355,0.4989,0.8091,878.667,3.86915,2.31975,4.47465,10242.272,18.92825,0.7368,18.22785,54.43095,35.03485,15001.076,65.5
2026-07-06,65.37,0.56885,0.42635,0.8208,92.0428,0.49775,0.80845,871.9902,3.86055,2.31835,4.46155,10232.19,18.8716,0.7352,18.22595,54.17015,34.99565,14962.1775,65.4
2026-07-07,65.48,0.5704,0.42575,0.81995,92.32495,0.4984,0.8107,870.3164,3.87155,2.32635,4.47385,10260.0705,19.00285,0.7364,18.28875,54.41475,35.0354,15000.0943,65.5
2026-07-08,65.46,0.56955,0.42665,0.821,92.4693,0.49935,0.80885,861.1881,3.8732,2.32515,4.46645,10243.92655,19.0087,0.73675,18.3221,54.08875,35.0814,14980.0197,65.5
2026-07-09,65.75,0.5722,0.4271,0.8255,92.95675,0.5008,0.81045,862.4485,3.88965,2.33315,4.4853,10336.794,19.1773,0.73985,18.3702,54.68155,35.2389,15046.8576,65.8
2026-07-13,66.25,0.5769,0.4311,0.832,93.44915,0.50625,0.8171,868.0615,3.911,2.35235,4.52235,10433.2375,19.25695,0.74625,18.5407,54.9937,35.51545,15155.45175,66.2
2026-07-14,66.41,0.5779,0.4327,0.83495,93.85385,0.5074,0.8173,863.4693,3.9199,2.35815,4.5296,10462.8805,19.369,0.74825,18.6081,55.25915,35.64775,15178.83295,66.4
2026-07-15,66.7,0.58235,0.43455,0.83365,94.40185,0.5093,0.81805,868.2839,3.9409,2.3687,4.5641,10517.246,19.5,0.7515,18.7211,56.02355,35.9004,15297.46135,66.7
2026-07-16,66.82,0.5838,0.4316,0.8349,94.6486,0.50915,0.8202,868.7528,3.95185,2.3778,4.57665,10547.808,19.60985,0.75255,18.768,56.1988,35.98545,15330.0048,66.8
2026-07-17,66.87,0.58375,0.43345,0.836,94.8331,0.5103,0.81955,864.15445,3.95525,2.38315,4.57695,10489.99,19.6346,0.7536,18.86065,56.2472,35.96195,15328.39975,66.9
2026-07-20,66.94,0.58435,0.43435,0.83615,94.87795,0.51095,0.81855,866.4158,3.9584,2.3888,4.5814,10503.695,19.66045,0.7545,18.9467,56.2634,36.05,15345.6156,66.9
2026-07-21,67.17,0.58665,0.43665,0.8374,95.3277,0.51395,0.82565,868.21275,3.96885,2.3991,4.5998,10521.57025,19.74955,0.7574,18.9497,56.58355,36.19335,15431.5353,67.2
2026-07-22,66.8,0.58305,0.43565,0.83225,95.13335,0.5113,0.82235,862.9029,3.9468,2.3879,4.5713,10448.261,19.6823,0.7533,18.8363,56.11055,36.00275,15353.165,66.8
2026-07-23,66.62,0.5819,0.43485,0.8298,94.88755,0.5097,0.819,854.0838,3.9388,2.3788,4.56285,10427.65,19.65805,0.7506,18.775,56.19625,35.9236,15313.2808,66.6
2026-07-24,66.3,0.57805,0.43395,0.82865,94.6759,0.50775,0.81355,846.4098,3.91675,2.36595,4.5332,10378.889,19.55545,0.747,18.67625,55.82375,35.7394,15218.9009,66.3
2026-07-27,66.47,0.5805,0.4344,0.8288,94.91465,0.50865,0.8169,851.2743,3.92825,2.3699,4.55215,10427.23375,19.46195,0.7481,18.80095,56.05745,35.8241,15277.88955,66.5
2026-07-28,66.14,0.57685,0.43395,0.8253,94.4765,0.5072,0.8146,847.88305,3.90355,2.35675,4.5232,10419.35375,19.36485,0.7454,18.698,55.3221,35.61185,15192.2104,66.1
2026-07-29,66.29,0.57775,0.43475,0.83175,94.6037,0.5072,0.8146,840.4819,3.91295,2.36125,4.5306,10458.142,19.39505,0.7468,18.7688,55.38165,35.5952,15217.6465,66.3
2026-07-30,66.46,0.58045,0.43465,0.83395,94.9036,0.5068,0.81555,839.88215,3.925,2.37115,4.5526,10490.1845,19.4451,0.74865,18.84255,55.52005,35.6411,15274.25215,66.5
2026-07-31,66.87,0.5866,0.4361,0.8352,94.2842,0.50965,0.8223,841.90795,3.9592,2.39655,4.60095,10595.465,19.61,0.75325,19.05015,56.1252,36.0026,15408.8094,66.9
2026-08-03,67,0.5892,0.4373,0.8377,92.1391,0.5109,0.8268,841.9374,3.97655,2.4075,4.62015,10592.3455,19.63805,0.75465,19.01705,56.2185,35.9648,15494.782,67
2026-08-04,66.84,0.5868,0.437,0.83665,92.5178,0.5097,0.8242,835.98465,3.9651,2.4044,4.60175,10577.071,19.60935,0.75255,19.0311,55.9452,35.7743,15421.9851,66.8
2026-08-05,66.75,0.587,0.43655,0.83315,92.55815,0.50915,0.8261,836.65115,3.96055,2.4014,4.60375,10546.924,19.50745,0.7525,18.98065,55.99175,35.78205,15417.2622,66.8
2026-08-06,66.91,0.5892,0.43745,0.83485,92.908,0.50985,0.82535,834.39565,3.9761,2.40865,4.6211,10554.0475,19.49515,0.7546,18.98255,56.0499,35.7762,15464.7328,66.9
2026-08-07,66.75,0.58685,0.43615,0.83485,92.91595,0.50935,0.82255,832.5935,3.9601,2.4014,4.60375,10522.22425,19.43355,0.7528,18.90365,55.8828,35.8037,15394.54325,66.7
2026-08-10,66.8,0.58845,0.43625,0.8331,93.1428,0.5093,0.82105,833.56895,3.96925,2.4056,4.6163,10477.3535,19.41885,0.75285,18.9663,56.02635,35.77775,15396.50265,66.8
2026-08-11,66.87,0.58885,0.43585,0.83425,93.7361,0.51,0.82045,833.60555,3.9719,2.41075,4.62,10475.644,19.42325,0.7538,18.9589,56.1167,35.9228,15395.18895,66.9
2026-08-12,66.71,0.58715,0.43475,0.83185,93.55945,0.50885,0.81785,830.93475,3.9608,2.4029,4.6073,10490.90325,19.47285,0.75185,18.9133,56.0398,36.0158,15340.4688,66.7
2026-08-13,66.52,0.58555,0.43395,0.8298,93.31325,0.5081,0.81655,828.31905,3.949,2.3926,4.59485,10468.17075,19.3817,0.7497,18.8383,55.8227,35.8547,15254.74935,66.5
2026-08-14,66.53,0.58565,0.43415,0.82985,93.379,0.50775,0.81575,827.8456,3.9495,2.39355,4.5955,10462.6385,19.44945,0.75,18.75335,55.8988,35.9589,15260.5755,66.5
2026-08-17,66.95,0.59065,0.43575,0.8323,93.95175,0.5099,0.81905,833.82085,3.9819,2.4087,4.63475,10528.3375,19.54755,0.7546,18.8441,56.3672,36.35895,15438.115,67
2026-08-18,66.82,0.58965,0.43525,0.8296,94.0639,0.5092,0.81795,831.96675,3.97605,2.3869,4.62535,10517.88625,19.48795,0.7533,18.7373,56.3772,36.32685,15460.0336,66.8
2026-08-19,66.61,0.58715,0.43395,0.82965,93.624,0.50715,0.81605,825.7091,3.9594,2.3869,4.60485,10487.96875,19.45375,0.75055,18.73975,56.17925,36.327,15375.40435,66.6
2026-08-20,67.17,0.59465,0.43695,0.83585,94.2728,0.5093,0.8208,829.15025,3.99705,2.4009,4.6633,10581.798,19.5253,0.756,18.9527,56.9437,36.65425,15557.23405,67.2
2026-08-21,67.33,0.59675,0.43735,0.83645,94.8564,0.51045,0.82185,825.0666,4.0119,2.4136,4.6804500000000004,10580.38,19.5898,0.7581,19.01155,57.11685,36.7971,15573.68375,67.3
2026-08-24,67.35,0.5976,0.4379,0.83375,94.9258,0.51155,0.82435,825.196,4.01825,2.4146,4.6835,10576.0275,19.49815,0.7586,19.00395,57.1978,36.89735,15573.457,67.4
2026-08-25,67.24,0.59595,0.43715,0.8332,94.9259,0.511,0.8256,823.93075,4.00835,2.4091,4.66995,10554.27575,19.5099,0.7572,18.99055,57.05995,36.77015,15590.64845,67.2
2026-08-26,67.21,0.5964,0.43705,0.83105,94.85745,0.511,0.8257,824.5827,4.00835,2.4023,4.67605,10548.8265,19.5112,0.757,19.00755,56.907,36.7263,15558.2874,67.2
2026-08-27,67.08,0.59505,0.43775,0.82835,94.75875,0.51045,0.8259,820.455,3.99985,2.3963,4.6653,10569.57875,19.53995,0.7562,18.8827,56.7782,36.7131,15526.93805,67.1
2026-08-28,67.15,0.5959,0.43845,0.828,95.00135,0.5115,0.8256,820.70335,4.00535,2.3997,4.67175,10554.87925,19.6364,0.75715,18.84385,56.936,37.0292,15550.90465,67.2
2026-08-31,66.76,0.59135,0.43665,0.82515,94.51845,0.51015,0.8215,813.25415,3.9757,2.3808,4.6361,10496.465,19.61065,0.75305,18.72215,56.4074,36.816,15417.9735,66.8
2026-09-01,66.71,0.59135,0.43655,0.82445,94.4652,0.50935,0.8198,810.2974,3.9739,2.387,4.6359,10474.28875,19.62985,0.7519,18.69525,56.28545,36.84405,15417.9735,66.7
2026-09-02,66.34,0.587,0.4347,0.82145,94.1401,0.50705,0.8161,804.9238,3.94665,2.374,4.603,10426.588,19.58815,0.74775,18.59615,55.73495,36.76235,15304.558,66.3
2026-09-03,66.04,0.58555,0.43435,0.8172,92.81555,0.5054,0.8102,795.9089,3.9339,2.36385,4.592,10370.093,19.40955,0.7442,18.57655,55.6133,36.61445,15266.753,66
2026-09-04,66.3,0.58975,0.43575,0.8176,91.93025,0.5071,0.81315,800.96905,3.96115,2.3854,4.6239,10400.24375,19.40425,0.747,18.69715,55.7292,36.765,15388.0525,66.3
2026-09-07,65.98,0.5869,0.43435,0.81485,91.57695,0.5054,0.8121,788.2361,3.93915,2.3749,4.60155,10347.051,19.32955,0.7438,18.54285,55.45985,36.8221,15294.615,66
2026-09-08,65.91,0.58755,0.43365,0.81425,90.07435,0.50505,0.81095,785.4663,3.943,2.3778,4.6062,10364.38325,19.27755,0.7429,18.49195,55.51905,36.71895,15288.05225,65.9
2026-09-09,65.75,0.58605,0.43265,0.8113,89.9997,0.50385,0.8075,784.7796,3.93185,2.3832,4.5958,10299.8325,19.27815,0.74095,18.44095,55.5744,36.6542,15215.3235,65.7
2026-09-10,65.66,0.5854,0.4318,0.81095,89.8296,0.50295,0.80815,782.70915,3.9266,2.3827,4.5905,10251.819,19.2538,0.73975,18.4404,55.6719,36.61095,15150.445,65.7
2026-09-11,65.42,0.58135,0.43035,0.812,89.7372,0.50065,0.80445,783.2553,3.9011,2.36785,4.5585,10223.0435,19.26595,0.7371,18.3875,55.4884,36.4652,15073.53585,65.4
2026-09-14,65.23,0.5796,0.4288,0.81065,89.1106,0.50025,0.8039,779.5331,3.8871000000000002,2.35985,4.54555,10190.8195,19.18765,0.73495,18.3672,55.3793,36.41915,15027.8696,65.2
2026-09-15,65.02,0.57645,0.42745,0.80815,89.20275,0.4996,0.80175,779.87925,3.8684,2.35135,4.5216,10184.43225,19.16985,0.73295,18.3291,55.07835,36.2126,14981.07195,65
2026-09-16,64.85,0.5739,0.42615,0.80585,89.20415,0.49765,0.7997,787.39085,3.85235,2.34555,4.5021,10175.251,19.1209,0.73105,18.314,55.07145,36.0108,14911.0704,64.8
2026-09-17,64.76,0.57165,0.4275,0.8058,89.27745,0.49885,0.79995,790.592,3.8365,2.34345,4.4844,10149.647,19.10885,0.7302,18.2382,54.8545,35.91105,14881.19355,64.8
2026-09-18,64.72,0.57215,0.42815,0.8038,89.38985,0.4983,0.80025,792.9141,3.83265,2.33665,4.48895,10142.78975,19.034,0.7297,18.18895,54.89065,35.8309,14875.6153,64.7
2026-09-21,64.68,0.57195,0.42715,0.8028,89.636,0.49805,0.80065,792.5798,3.8297,2.33095,4.487,10170.7015,19.02595,0.7295,18.14595,54.83855,35.90845,14874.41805,64.7
2026-09-22,64.47,0.56995,0.42645,0.8021,89.7842,0.49715,0.80035,775.33155,3.8163,2.32365,4.4717,10196.408,18.95515,0.7274,18.06485,54.61045,35.7401,14830.95455,64.5
2026-09-23,64.6,0.57115,0.42855,0.8037,90.0218,0.4993,0.8039,771.4524,3.82805,2.3243,4.4798,10183.607,18.94505,0.72855,18.0966,54.6055,35.7654,14857.8966,64.6
2026-09-24,64.49,0.56735,0.4288,0.8078,89.5789,0.49875,0.80055,777.69725,3.8112,2.32075,4.4494,10133.7224,18.99205,0.7267,18.0474,54.3231,35.61825,14754.5046,64.5
2026-09-25,64.34,0.56595,0.42825,0.8071,89.7568,0.4975,0.80055,771.2487,3.79915,2.304,4.4387,10140.4135,18.9169,0.7242,18.0139,54.31065,35.48365,14703.6646,64.3
2026-09-28,64.32,0.56625,0.4278,0.8069,89.36275,0.49735,0.8017,768.62785,3.80115,2.31115,4.44165,10127.3825,18.9552,0.7241,18.02345,54.2595,35.3793,14708.9105,64.3
2026-09-29,64.33,0.56605,0.42735,0.8073,89.0765,0.49795,0.8028,769.48845,3.79975,2.31345,4.44035,10171.91975,19.03485,0.72335,18.0171,54.3348,35.347,14703.43315,64.3
2026-09-30,64.13,0.56405,0.42635,0.80705,88.59815,0.4974,0.80055,766.2338,3.7811,2.30075,4.42545,10133.1595,18.91825,0.7209,18.0056,54.14315,35.318,14649.78925,64.1
2026-10-01,64.16,0.5635,0.4247,0.81145,88.98225,0.4972,0.80225,766.61365,3.7785,2.30305,4.42175,10072.5635,18.94485,0.72045,17.93595,53.9988,35.33705,14629.5876,64.2
2026-10-02,63.81,0.55915,0.42405,0.80805,88.41,0.4977,0.7956,762.5409,3.74935,2.2858,4.3872,10033.948,18.84055,0.7166,17.8369,53.843,35.109,14528.1155,63.8
